{"type":"FeatureCollection","features":[{"type":"Feature","id":11,"geometry":{"type":"MultiPolygon","coordinates":[[[[101.15827032141829,13.584822353968491],[101.15799265483719,13.584827582626872],[101.15771593344363,13.584841273006418],[101.15734869618547,13.584869866950839],[101.15698364967574,13.584917079559602],[101.15662021565049,13.584982916228626],[101.15634849808475,13.585039486283335],[101.15607738756142,13.585099439587509],[101.15580686609405,13.585160517943621],[101.15553693638054,13.585223284327185],[101.15526820096676,13.585290559012151],[101.1549997857116,13.585361218745277],[101.15473195861307,13.58543300442966],[101.15446410903149,13.585502528319068],[101.15410548997642,13.585590346217543],[101.15374502011662,13.585665188697533],[101.15338123355713,13.585724245377662],[101.1530150089356,13.585769203386064],[101.15264724467465,13.585803443274358],[101.1522779695527,13.585830353687925],[101.15190837517144,13.585853876355372],[101.15163139117584,13.585870952682342],[101.15135528401919,13.58588914956465],[101.15098561319553,13.585904202417055],[101.15061560242816,13.585913606627685],[101.15033794933697,13.585920520615559],[101.1500612117556,13.585933074252011],[101.14978510369963,13.585951269335681],[101.14951025739254,13.585981314785897],[101.14914556521575,13.586036419844959],[101.14887293214019,13.586087906931425],[101.14860181262361,13.586147288266773],[101.14824260091535,13.586233973918809],[101.14788488298103,13.586326293823447],[101.14752987110671,13.586430449705517],[101.14718166979827,13.586553750355336],[101.1468463980429,13.586702355229534],[101.14651996392524,13.586870649860657],[101.14627954996132,13.587006010419088],[101.1460414868252,13.587145870285724],[101.14572680594739,13.587337219037465],[101.14541415034284,13.587529116375663],[101.14510794107866,13.587731688666565],[101.1448102160187,13.587946612246412],[101.14452153813852,13.588172753969445],[101.14424044334186,13.588407302555026],[101.14396314098622,13.588646336059583],[101.14375604330684,13.588827156448133],[101.14355680929935,13.589015816227004],[101.14328446400685,13.589260454306554],[101.14306517511778,13.589434037850594],[101.14282911207391,13.589572181810809],[101.14256519342899,13.589630366148526],[101.14228679929641,13.589587576405563],[101.1420286902719,13.589489261620201],[101.14179384041347,13.589344434797852],[101.1414951440857,13.589130685732584],[101.14127169133553,13.588969380632477],[101.14104939601287,13.588808065639739],[101.14083108918351,13.588641067831077],[101.14061821156128,13.588467810740894],[101.14040761372047,13.588291145220239],[101.14020044859188,13.588111059577784],[101.13992890279667,13.587866012306677],[101.13972774244144,13.587679099011268],[101.13952858487636,13.58749047340666],[101.13927019706199,13.587231756440474],[101.13902355799087,13.586963337588031],[101.13884701927458,13.586753619284138],[101.13867937035673,13.586537048146283],[101.1384728734244,13.586237784346338],[101.13829165193823,13.585924183554255],[101.1381670652579,13.585680696606914],[101.1380413400359,13.585438914774159],[101.13786238933784,13.585120776003066],[101.13767248489734,13.584804425084201],[101.13743339743343,13.584540457875903],[101.13719546739696,13.584405817674394],[101.13693412530972,13.58430018240756],[101.13659080642066,13.584163055580575],[101.13636224642062,13.584010826438544],[101.13615418736589,13.58382679097366],[101.13593654783347,13.583540045736584],[101.13577804142352,13.583215516383007],[101.13564163135624,13.582876114041483],[101.13550091533506,13.582539572443352],[101.13535762275615,13.582205312425288],[101.13520514989779,13.581877341366237],[101.13503710887551,13.581551764302503],[101.13485927513551,13.581228529073428],[101.13464796143433,13.580938340332182],[101.13436339705316,13.580721070421134],[101.13410828007312,13.580600692567941],[101.13385295085305,13.580488789026447],[101.13359597857163,13.580387066709818],[101.13333844241527,13.580286478438268],[101.13308429940093,13.580177950951736],[101.13283156742295,13.580066024027815],[101.13249733888114,13.579911869437296],[101.13225114677306,13.579788590371209],[101.13201033261083,13.579653403381883],[101.1316994037046,13.579457254049089],[101.13140531370431,13.579239496705441],[101.13119216718485,13.579066796295649],[101.13098386441385,13.57888671155257],[101.13071404441769,13.57863881163189],[101.13045395688465,13.578381792585731],[101.13026340043564,13.578184612629798],[101.13007828308633,13.577982301142356],[101.12989775317885,13.577776562338556],[101.12972295375135,13.577565692003134],[101.12949148804182,13.57728075080604],[101.12931921480998,13.577061951148153],[101.12916649104079,13.576833947828504],[101.12901465760041,13.576511614619392],[101.12893360710035,13.576163261325519],[101.12890461835349,13.57589071278619],[101.12889176884011,13.575615200081472],[101.12888160740033,13.57525268696196],[101.12888761667023,13.574890601020456],[101.12891094868138,13.574528930565748],[101.12893856686145,13.57425928773597],[101.1289774616406,13.57399180597713],[101.12904559607745,13.573636532400087],[101.12910268683959,13.573370024607016],[101.12916008067322,13.573105210237316],[101.12921861844455,13.572839256426619],[101.12928496502917,13.572574928590143],[101.12937015510863,13.57222233319419],[101.12943193943249,13.571867112677182],[101.12945356003382,13.571507718406508],[101.12943762584581,13.571145253850432],[101.12939804218598,13.570785250738766],[101.12935066140398,13.570424749402719],[101.12930954889663,13.570152303386124],[101.12925059294059,13.569885657097473],[101.1291312574017,13.569548925742367],[101.12895759201933,13.569242593271099],[101.12878960675499,13.569013589005976],[101.12860788794376,13.568802775327867],[101.12835497160472,13.568538912440886],[101.12815725385423,13.56834687300983],[101.12795037111277,13.568162818659175],[101.12766254309196,13.56793314080187],[101.12736078367328,13.567727302173296],[101.12703657897498,13.567561755870372],[101.1267782064491,13.56746285922361],[101.12651243070417,13.567375320114991],[101.12616095856146,13.567259706870004],[101.12589695538026,13.567176671566187],[101.12563126956752,13.567099298393941],[101.12527786028511,13.566992736825398],[101.12492866792377,13.566873713351242],[101.12466774941714,13.566780483332707],[101.12440937868996,13.566681584887306],[101.12407207536603,13.56653591270225],[101.1237475253281,13.566363586410432],[101.12343861000392,13.566164016955895],[101.12314423491858,13.565943989723394],[101.12286213557917,13.565708609264959],[101.12259664491927,13.565457836010353],[101.12235346194279,13.565183717254797],[101.12215848532588,13.564876993578423],[101.12204000863954,13.564537991435202],[101.12196611584363,13.564181100877136],[101.12191725207958,13.563912107357908],[101.12187417635221,13.563644756900032],[101.12183628611575,13.563376234625593],[101.1218032971845,13.563107106208008],[101.12177664937292,13.562836791584687],[101.12176701583519,13.562564641445078],[101.12172314240917,13.562207494580264],[101.12158145332148,13.561769693816359],[101.12145823540931,13.561436534568486],[101.1210856408897,13.561509171011494],[101.12073804212702,13.561633555344372],[101.12048590639949,13.561748656875068],[101.12024636927458,13.561884549832143],[101.12002381134988,13.56204740716214],[101.11983971113381,13.562250039707635],[101.11964613566067,13.56255610957686],[101.11948304810426,13.562882255911404],[101.11934776938409,13.563219461209201],[101.11922580332822,13.563560506612134],[101.11907515609363,13.563889934572899],[101.11894767899224,13.564130492428319],[101.11882426772581,13.56437383998076],[101.11866290416975,13.564699405353338],[101.1184951653197,13.565022200813985],[101.11835956464228,13.565258308823957],[101.11821410199929,13.565488852728436],[101.11806284412501,13.565717186099334],[101.1179031596032,13.565939378899259],[101.11767851435201,13.566225378598403],[101.11749759413874,13.566429113712672],[101.11730447012525,13.566623914961781],[101.11703969442641,13.566876932924174],[101.11677404728454,13.567129393306914],[101.11650401504829,13.567375678045153],[101.11623311586567,13.567621969078687],[101.11596803529665,13.567873295416291],[101.11571343362812,13.568134696858806],[101.11546873709261,13.568406182399428],[101.11522955789786,13.568681573695699],[101.11499097225561,13.568958654818118],[101.11476719574955,13.569245775971808],[101.11464442120314,13.569496459294214],[101.11451399612406,13.569730827116018],[101.11420085218765,13.569901227959349],[101.11383330016673,13.569925803732929],[101.11348460063385,13.5697971584122],[101.11314529991574,13.569654312796331],[101.11279048409364,13.569552263126468],[101.11244469656555,13.569426415596638],[101.11219255634148,13.569313895120217],[101.11194324808247,13.569195136946064],[101.11169393982351,13.56907637967123],[101.11144236797094,13.568962724250355],[101.11118966117397,13.568851336020373],[101.11093752274854,13.568738813745313],[101.11068878555909,13.568619485400973],[101.1104431726144,13.568493916660998],[101.11011891035946,13.568321004910501],[101.10979635591713,13.568145254000342],[101.10947606506841,13.567964399437528],[101.1091566357702,13.567782973805265],[101.10883322697191,13.567608357839504],[101.10858761402721,13.567482787300833],[101.10834086703744,13.567359485751695],[101.10801347064523,13.567191115577543],[101.10769091440426,13.567014796295837],[101.10745124417963,13.566875619014638],[101.10722299624433,13.566722225250544],[101.10694437907989,13.566487359204302],[101.10668661359642,13.56622746592484],[101.10650209159832,13.566023997909213],[101.10632273260808,13.565816534205737],[101.10609447567958,13.565530974275077],[101.10589435224261,13.565227668022487],[101.10577127282602,13.56498640419926],[101.10566772758364,13.564734245089369],[101.10552967085766,13.564398222400087],[101.10537666290276,13.564069100208883],[101.10521732102262,13.563741727198988],[101.10504793101728,13.563420652141417],[101.10490846055706,13.563186303205384],[101.10475004138135,13.562963411632211],[101.10451344863679,13.562681308695517],[101.10423571011,13.56244699663165],[101.10397977744481,13.562361607802018],[101.10369890657933,13.562328957015779],[101.10333080687133,13.562290262785439],[101.10299411598572,13.562146814623873],[101.1027709708037,13.561982075912113],[101.10262523476683,13.561756816424008],[101.10255311813194,13.56140159500768],[101.10251934229387,13.561040402992262],[101.10255884501476,13.560772917636086],[101.10266691384703,13.560522926791691],[101.10286020963105,13.560215174290931],[101.10303531213003,13.560005286015212],[101.10321971631691,13.559802661563651],[101.10345103993359,13.559519439870314],[101.10362781067499,13.559203918126343],[101.10369560336949,13.558936759224082],[101.10370997363646,13.558667224313012],[101.1036389757582,13.55840631659828],[101.10346135605681,13.558198835807673],[101.10322770859193,13.558053954126706],[101.10297381828713,13.557937482928537],[101.10262972328314,13.557804826631468],[101.1023640572555,13.557727988555882],[101.10209250066845,13.557670406763918],[101.10172615913501,13.557633952744766],[101.10144883699428,13.557643064675744],[101.10117113713835,13.557642011569612],[101.1008017253194,13.557617444789287],[101.10043533432327,13.55757534122904],[101.10017676034926,13.557484322643404],[101.09981489743961,13.557333172687834],[101.09955342764863,13.557241047936088],[101.09928412566194,13.557177229345712],[101.09900642130935,13.557142850961839],[101.09873451308738,13.557176765295537],[101.09838129536053,13.55728704556077],[101.09804986371029,13.557445718345264],[101.09775591670223,13.557665638558433],[101.09751416634577,13.557813954750259],[101.09725353202492,13.557882790658311],[101.09688917799321,13.557809601132249],[101.09659271198416,13.557611018233956],[101.09644887891267,13.55727277601784],[101.09637072782687,13.556919296588319],[101.09631677210143,13.556559966169573],[101.09627579719034,13.556199397384319],[101.09615678810536,13.555860947424833],[101.09593717815829,13.555571347739544],[101.09562091357435,13.555385920124138],[101.09536505285496,13.555274539988091],[101.09513088558197,13.55513530155298],[101.09486175356716,13.554892996314777],[101.09461316296716,13.554622843569405],[101.09435570325314,13.554361800956372],[101.0940799243491,13.554118420129043],[101.09378845407394,13.553896069947712],[101.09347272278796,13.553704985596653],[101.09322106460053,13.553578883558657],[101.09296220014551,13.553486728229984],[101.09256292993535,13.553467159881563],[101.09224067676587,13.55356619862124],[101.09198939359572,13.553680699404822],[101.0918206088341,13.553887703554722],[101.09174634192021,13.554241332271715],[101.09173225673834,13.554511994932682],[101.09174414307779,13.554781874284117],[101.09162906043287,13.555122289262272],[101.09140147170064,13.555404905711896],[101.09109264630865,13.555607433036641],[101.09075231316876,13.555739059609948],[101.09048076197763,13.555780869991224],[101.09020150809317,13.555800150556536],[101.0898341782048,13.555848409076873],[101.08946984665619,13.555909633123122],[101.08910582987022,13.555973677443319],[101.08874178610461,13.556034897892289],[101.08837423228505,13.556090497578452],[101.08808512542828,13.556138665267213],[101.08782194422741,13.556114318820789],[101.08754638116062,13.555895216091415],[101.0873852442337,13.555656518033913],[101.0872820560221,13.55540942840247],[101.08720275920001,13.55505538869528],[101.08714014929853,13.554694997076524],[101.08709853766743,13.554425365038639],[101.08705636396007,13.554157431820045],[101.0869597947588,13.553808619871972],[101.08682317425013,13.553468050210427],[101.08663006282723,13.553170312559928],[101.08639470215383,13.55302599205595],[101.08616989412536,13.552866896590047],[101.0859285817387,13.552735052380797],[101.08567359156308,13.552623653358978],[101.08532279031459,13.552514749056456],[101.08495917462625,13.5524590441496],[101.08458944174942,13.55242993489361],[101.08421897502575,13.552416081736851],[101.08384611160881,13.552425404109158],[101.08354693234509,13.552509797389291],[101.08327795141639,13.552782097715692],[101.08304229756402,13.553099152803725],[101.08296169942292,13.55335681486514],[101.08291293728229,13.55362437756304],[101.0828766073696,13.553894095935846],[101.0828430887376,13.554254726774275],[101.08279143977319,13.554522313753807],[101.08267115814749,13.554764492187587],[101.08248001534048,13.554957556845807],[101.08225134292519,13.555117047114095],[101.08200451859369,13.555247316610405],[101.08173414821243,13.555292495852029],[101.08136617800676,13.555300646407773],[101.08108814360298,13.555294489649043],[101.08080949406298,13.555283820991576],[101.08043987270202,13.555268260022217],[101.08016348765489,13.555252488611529],[101.07988649016943,13.555232767378357],[101.07961007094809,13.555213040749265],[101.07933367241111,13.55519557411651],[101.07896464730067,13.555182265049552],[101.07868784137082,13.555184569112612],[101.07841022784982,13.555193657661221],[101.07804106874039,13.555197858394479],[101.07767201035506,13.555180595008494],[101.07730393942535,13.555144119405611],[101.07693916001426,13.555087847925904],[101.07657907236637,13.55500668411122],[101.07622149382695,13.554915331877112],[101.07586587401096,13.55481661959135],[101.07541993618116,13.554672988867367],[101.07507986744201,13.554552604718992],[101.07472510288125,13.554452754790873],[101.07436865209166,13.554358002220056],[101.07400573337793,13.554283070707186],[101.07363984510283,13.554265210171366],[101.07327884734099,13.554345022304972],[101.07292142258564,13.554437793669308],[101.07255538772102,13.554436311586585],[101.07220936636924,13.554312663798441],[101.07193553000076,13.554257889689893],[101.07166044267535,13.554258476047892],[101.0713899221073,13.554320024749416],[101.07113919741607,13.554433938275679],[101.07083324805603,13.554637549283541],[101.07053401123568,13.554849577046411],[101.07024674888839,13.555077885236244],[101.06997113905686,13.555318522232085],[101.06970223636915,13.555567010309346],[101.06943364124959,13.555817755684927],[101.06918393459097,13.556083029608203],[101.06897315958372,13.556377350734181],[101.06878621481201,13.556690113358115],[101.06857844713767,13.557031854836282],[101.06822752178277,13.556842158139148],[101.06803955358259,13.556636427429225],[101.06783305844897,13.556457959667171],[101.06751491697992,13.556287193699063],[101.0671608853666,13.556172077779195],[101.06679819957731,13.556090921159125],[101.06643318904048,13.55604141258118],[101.06606317917243,13.55601453814046],[101.06569437169793,13.555993302448996],[101.06532509927399,13.555985059263151],[101.06495500936626,13.555982470114941],[101.06458549322599,13.555979312595241],[101.06430774930323,13.555973700825689],[101.06402912674287,13.555966401028627],[101.06366332839997,13.555925932435855],[101.06330974824635,13.555829445072902],[101.06296309557047,13.555699576674158],[101.06261758593291,13.555568002261566],[101.06227521582861,13.555432448348881],[101.06201772643698,13.555331777339688],[101.06175657590529,13.555241866718802],[101.06140490141513,13.555131805888209],[101.06105123942319,13.555025713765701],[101.0607869871298,13.554944299939564],[101.06052357300456,13.554859491172635],[101.06026072635149,13.554773546561989],[101.05999843278153,13.55468477358346],[101.05973954404476,13.554589195435085],[101.05948630844642,13.554479449367136],[101.05915443522906,13.554322339604312],[101.05882651183413,13.554154466755278],[101.05858347814507,13.554022607257593],[101.05834387267163,13.553886765561856],[101.05810653888574,13.553746385887052],[101.05787319269376,13.553599760420639],[101.05756577204278,13.553398957096249],[101.05726034159153,13.553194748039232],[101.05695348931215,13.552992808871068],[101.05664322770286,13.552797110997915],[101.05640559624135,13.552655602673951],[101.05614719403786,13.552515393870408],[101.05570549831015,13.552476667264443],[101.05543792841775,13.552781048206839],[101.0552358687404,13.553083760906873],[101.05509325425032,13.553317077421241],[101.05496397041094,13.553556494936345],[101.05484165182082,13.553800373988111],[101.05471149743772,13.554039234822881],[101.05452190596122,13.554348622291116],[101.05432565230706,13.554655240746797],[101.0541235944284,13.554958517321779],[101.05391572513065,13.555257323366845],[101.05370263436913,13.555553347808825],[101.05353883005301,13.55577328061247],[101.0533677511209,13.555986494581134],[101.05318853062624,13.556192999607276],[101.05299883302979,13.556389423233327],[101.05273456544791,13.556642376444586],[101.05252946066616,13.556826499143654],[101.05231967491312,13.557003318448437],[101.05203413117027,13.557232723811182],[101.05174216536869,13.55745370882164],[101.05151838166802,13.557614262088578],[101.05129109600733,13.557770325939828],[101.050983654672,13.557971103183888],[101.05067123468979,13.558163450183145],[101.05043312568824,13.558303221916219],[101.05019120805787,13.558436246935287],[101.04986473167207,13.558605549706385],[101.04953298166186,13.558765859257051],[101.04928167960588,13.558882015692518],[101.04902743856547,13.558991982993689],[101.048684500989,13.559126964937548],[101.04833563957817,13.559244487443209],[101.04798088940657,13.559348499433725],[101.04771188419613,13.559420178998096],[101.04744020530131,13.559482842858984],[101.04707676767873,13.559550212872068],[101.04671253595484,13.559592170742121],[101.04634647770786,13.559589522238696],[101.04597720888114,13.55954905724326],[101.04560787890057,13.559501248383981],[101.04532967002831,13.559475850630065],[101.04504777843226,13.559458390292548],[101.04468951101217,13.55938789693397],[101.04435567637341,13.559237562663441],[101.04404017441459,13.55903680790243],[101.04376560599798,13.558795615125575],[101.04354208040274,13.558514467268878],[101.04339691993198,13.558282946700672],[101.04326349921121,13.558040034420117],[101.04308755404742,13.557718957563907],[101.04291795809735,13.557397829446302],[101.04276100571587,13.557069820615766],[101.04261211125998,13.556738919565532],[101.04246695618514,13.556406295414263],[101.04232468343747,13.556073081307716],[101.04222063907127,13.555822020270057],[101.04211946624042,13.555569239728698],[101.04198927858238,13.555231409402097],[101.04186887195095,13.554889543817467],[101.04175853412909,13.554543642075487],[101.04165800161553,13.554196530745344],[101.04158735357356,13.553935028578735],[101.04152073089705,13.55367123404028],[101.04143661191017,13.553319469617861],[101.04137719460192,13.553054487074974],[101.04132094740385,13.552788913677489],[101.04126410305599,13.552521084780267],[101.04120319467177,13.552250466186138],[101.04114747177846,13.551978674876011],[101.04110881442028,13.551710697590693],[101.04113108433211,13.551276164963099],[101.04132413909781,13.551066166970088],[101.04166912532992,13.550935132150698],[101.04204170366177,13.550925309755314],[101.0423735148259,13.551076795157996],[101.0426392348129,13.551331054184857],[101.04281459181999,13.551651571662774],[101.0429220931801,13.551902040047139],[101.04298438921825,13.552165868759857],[101.0430184456448,13.552435577240146],[101.04305163242697,13.552704728140725],[101.04308300257856,13.553065394952057],[101.04310629681822,13.553426693087488],[101.04314179665664,13.553696389876563],[101.04324123829258,13.553949183008456],[101.04353221394058,13.554219613644307],[101.04388940577149,13.554030299159024],[101.04403056156121,13.553692508402605],[101.0441308773382,13.553439776424568],[101.04422916694256,13.553186494061492],[101.04433034337069,13.552933189215366],[101.04443992935933,13.552684334214689],[101.04459588619125,13.552356023211928],[101.04475851599278,13.552031612568896],[101.04492723060724,13.551709975435074],[101.04510783875583,13.551395019364691],[101.04525511443205,13.551165624793782],[101.04540789395918,13.55093844255515],[101.04561780201999,13.55064075706531],[101.04583758643554,13.550350331802406],[101.04600954490462,13.550138244684319],[101.0461896206545,13.549930044436053],[101.0464425351949,13.549665893766019],[101.046644161399,13.54948010911977],[101.04686993440004,13.549316154616918],[101.04720061511637,13.549167156738918],[101.04747421406381,13.549127636930962],[101.04775534213542,13.549124768093634],[101.04803199787847,13.549138881154477],[101.04830790898285,13.549167119866752],[101.04867429368375,13.549209867341574],[101.04894968857735,13.549245452615594],[101.0492247732048,13.549278216716402],[101.04958510816624,13.549356030556396],[101.04994350958538,13.549444028319328],[101.05030938077334,13.549494119657936],[101.05067360710137,13.549554391322147],[101.05102780059258,13.549656541716104],[101.05128245262313,13.549764026888397],[101.05153455237775,13.549876616612607],[101.0518030818468,13.549952921390286],[101.05207746680173,13.54997156793354],[101.0524353016479,13.549892377231458],[101.05278111075972,13.549757367408631],[101.05303007188036,13.549638968963279],[101.05327373059822,13.549508187752735],[101.05359345757205,13.549327640758065],[101.05383038486445,13.54918618279612],[101.0540667365907,13.549044728431511],[101.05430425024099,13.548904394622184],[101.05454089334762,13.548763502333827],[101.05485300666101,13.54857059056036],[101.05516478182926,13.548372034641716],[101.05540164437048,13.548223232815985],[101.05562802801114,13.548064349590106],[101.05589208155436,13.547821563214598],[101.05607877181791,13.547511069580253],[101.05619962001651,13.547163840438941],[101.05629126273163,13.546810638000579],[101.05634205194423,13.546540234344377],[101.05636398640888,13.546271198557008],[101.05632977439961,13.545917901689847],[101.05625016821074,13.545656479562922],[101.05615326356235,13.545397457726551],[101.05601644340419,13.545061385574513],[101.05586725217199,13.544730497114813],[101.05576147391292,13.544480020636513],[101.05566488942316,13.544224385646942],[101.0555692357317,13.543875546719164],[101.05553670995124,13.543516587720376],[101.05553955270824,13.543242625446851],[101.05556813676014,13.542974665248664],[101.05569251030118,13.542634747595571],[101.05589659705038,13.542333714829113],[101.05607026872798,13.542121043151667],[101.05626136926685,13.541921218289644],[101.0565011887789,13.541647002407274],[101.05666875585848,13.541328758415546],[101.0567644527174,13.540977216125668],[101.05678386997965,13.540616700400449],[101.05680444556879,13.540256738657604],[101.05693663421835,13.539919582822563],[101.057138692097,13.539618000570329],[101.05733330628709,13.539424359446684],[101.05755181636329,13.539257067559674],[101.05786069661394,13.539059098898349],[101.05810083358665,13.538923259900571],[101.05834361006958,13.538791918412358],[101.05867005407981,13.538622608446644],[101.05899855124221,13.538457234813563],[101.05924572720858,13.53833432806681],[101.05949320264926,13.538212547271314],[101.0597412626492,13.538091892426962],[101.0599902039848,13.537972923811424],[101.06023914532034,13.537853954296622],[101.06048925937188,13.537737235784846],[101.06082362910723,13.537583673847507],[101.06115829202162,13.537430673087158],[101.06140928471081,13.537315639904932],[101.06165939786297,13.537198919594516],[101.06199259218442,13.537043106654096],[101.06232578021064,13.536886728040145],[101.06265926231515,13.536730912401708],[101.06299392702817,13.536578473717611],[101.06333151993374,13.536431096418028],[101.06358574568566,13.536322812647711],[101.06383880141959,13.536212842648638],[101.0641734544414,13.536059274416004],[101.06450663976966,13.535902893104094],[101.06475585899574,13.535783353419049],[101.06500273998455,13.535660444873656],[101.06524727374273,13.53553303522142],[101.06548770299514,13.535398317678244],[101.06580329038962,13.535209885427946],[101.06603640095921,13.535063366081545],[101.06626716789555,13.534912913100527],[101.06657164686408,13.534708192329276],[101.06679744684476,13.534551000728129],[101.06701945258573,13.534388759433739],[101.06730816374085,13.534163268819839],[101.06758638700222,13.53392656905595],[101.06778972371683,13.533741886978532],[101.06798898740192,13.533553285655671],[101.06825117305323,13.533298078743371],[101.06850812015369,13.533037832929722],[101.06875343542276,13.532767515608384],[101.06897927857091,13.532482107663213],[101.06921423634799,13.532159911151041],[101.06940028539492,13.531934705622234],[101.06958377766927,13.531752774570919],[101.0698492296583,13.531536373404947],[101.07011107806386,13.531353840707254],[101.07039325744296,13.531074745103467],[101.07053318655738,13.5308458919244],[101.07055932175535,13.530518718564053],[101.07046032168654,13.530180638225943],[101.07026044016726,13.529867133661355],[101.07009977628371,13.529645359945448],[101.06991694141379,13.529329444298469],[101.06977897731798,13.528995648330579],[101.06974721596129,13.528727057707613],[101.06979685943759,13.528459486915835],[101.06991655830257,13.528216189725413],[101.07006290767708,13.527983968585318],[101.07021217175441,13.527755111809029],[101.07037508843962,13.527536308553863],[101.07060964242112,13.52725760775246],[101.07084593029549,13.526978891662566],[101.07107319617114,13.526691778602753],[101.07127261543889,13.526388516416944],[101.07139316056595,13.526143516809896],[101.07148965782153,13.525887419568789],[101.07155896677295,13.525624770766626],[101.07155368865187,13.525348053869664],[101.07129114417103,13.525159882422713],[101.07102439895692,13.525220265602798],[101.07075699274111,13.525304377395173],[101.07048034239392,13.525320786425198],[101.07020717242312,13.525272212242839],[101.06995144480339,13.52517153044181],[101.06969706796536,13.525060105339662],[101.06943250810383,13.524972486191359],[101.06916111789133,13.524929543563644],[101.06888581203066,13.524967968896703],[101.06861238935033,13.524990562564483],[101.06833356983844,13.524922829225261],[101.06811663717315,13.524768731291942],[101.06799708759559,13.52452797558567],[101.06797593194375,13.524250260441192],[101.0680384033497,13.523897296323241],[101.06811924970367,13.523633422644366],[101.06820041981359,13.523373500586615],[101.06831549436464,13.523029139383311],[101.06845460689465,13.522694182390637],[101.06862936315463,13.522375875446357],[101.06877658577088,13.522144776660184],[101.06893369463438,13.52192207034733],[101.06915603941974,13.521633303434271],[101.06932097778093,13.521415049664881],[101.06948069287972,13.521193451316776],[101.06963807873439,13.520969611858163],[101.06978502615812,13.520740210092697],[101.06996991418026,13.520425772031786],[101.07014492584773,13.520104072844731],[101.0702863676218,13.519771919038874],[101.07038380466889,13.519424315779588],[101.07043516764895,13.519155601949535],[101.07046369144626,13.518882558783105],[101.07046895877551,13.51852329041759],[101.07042979240106,13.518165519423235],[101.07035456141392,13.517809176552305],[101.07025715224586,13.517458099211979],[101.07013788865271,13.517116239922586],[101.06999014263101,13.516784783091339],[101.06987054808741,13.516538381441194],[101.06975010818098,13.516294244283984],[101.06958425071264,13.515970843579623],[101.06941092257608,13.515651460146842],[101.06923070922988,13.515336649766596],[101.06904158719954,13.51502643222409],[101.06889615423421,13.514795492617964],[101.06875072126883,13.51456455301178],[101.06860815444281,13.514331330026891],[101.06846845465554,13.51409582456273],[101.06827875436107,13.513785045843235],[101.06807385642338,13.513485689413073],[101.06790576234113,13.513270751444054],[101.06772388884644,13.513064398403287],[101.06746421230361,13.512805030327911],[101.06718540987885,13.512570106725093],[101.06688317741674,13.512362487438907],[101.06656296570839,13.512178738857756],[101.0661346878656,13.511975279835326],[101.06578278584698,13.511869438623762],[101.06541527159754,13.511753637420497],[101.0649441365627,13.511607497587988],[101.06468022421302,13.511526079265195],[101.06441544581622,13.51144466813696],[101.06406046541821,13.511345359600739],[101.06370212605236,13.511257940101927],[101.06343175477173,13.511197470586865],[101.06316223155181,13.511134736578867],[101.06289325511966,13.511068609428833],[101.0626240106896,13.511004742275077],[101.06226208033081,13.510935989104667],[101.06198784915995,13.510896448612243],[101.06171309997961,13.51086369080673],[101.06134591398279,13.510821526092627],[101.06097814342661,13.510778237225907],[101.06070057397238,13.510753407843538],[101.06042298743097,13.510726321162849],[101.06006055794847,13.510666605279653],[101.0597063842423,13.510559942087696],[101.05936678404993,13.510402888982185],[101.0590838123681,13.510185497662633],[101.05893552495456,13.509956834240541],[101.05882452792969,13.509701317062195],[101.0587187892408,13.50935256087206],[101.05846491962041,13.509062067260629],[101.05807357963204,13.509063588014214],[101.05779429157337,13.509107114301912],[101.0574249795792,13.509119747978048],[101.05705696170946,13.509080972808704],[101.05669090256316,13.509035403261294],[101.0563237192643,13.509060444883687],[101.0560496931389,13.509111833044699],[101.05578425733768,13.509189131573237],[101.05544259140254,13.509329186592709],[101.0551205828487,13.509506924105324],[101.05490702533899,13.509676992199502],[101.05470400158845,13.509863919884026],[101.05441948756936,13.510106303363273],[101.05411880014259,13.510313799442315],[101.05377350184568,13.510400788165896],[101.05349093755677,13.510399151399781],[101.05321016741533,13.510370952257688],[101.05284687278498,13.510311232777212],[101.05257591694505,13.510249627418432],[101.05230721660485,13.510181790657157],[101.05195138634747,13.510083600877522],[101.05159892674914,13.509974653407596],[101.05124787728778,13.509861737229414],[101.05089368199788,13.509752235777114],[101.05054146341786,13.509637635168758],[101.05020146662446,13.509500905842174],[101.04987183811488,13.509327941931019],[101.04955576508655,13.509119846903445],[101.04929651841962,13.508874573902517],[101.04917793471395,13.508540601667505],[101.04921636094639,13.508173716044212],[101.04932185232167,13.507920940898771],[101.04949733433455,13.507680503552422],[101.04975629141978,13.507457619173863],[101.05005136617768,13.507234923652845],[101.05032866673463,13.506992604025527],[101.05057980691259,13.506728470442624],[101.05078243406211,13.506427455662617],[101.05094993908847,13.506103005449404],[101.05108557933607,13.505764693985498],[101.05115874368113,13.505410513984089],[101.05111613829922,13.505051635024984],[101.05095666601738,13.504728729847045],[101.05069874135387,13.504468761024555],[101.05042191563894,13.50422589191146],[101.0502083095659,13.504052543090438],[101.04999557673455,13.503879750949807],[101.0497116400802,13.50364880055173],[101.0495020377889,13.503470900261902],[101.04929987738751,13.50328559495432],[101.04903567006016,13.503033018558995],[101.04877575339839,13.502775887996904],[101.04851841509281,13.502516475854748],[101.048327417976,13.502320348105627],[101.04814013505927,13.502119669786964],[101.04796489586329,13.501909856155009],[101.04689197138742,13.500160878022143],[101.04662159111359,13.49993086201971],[101.04626114733412,13.499625487326455],[101.0460460250041,13.499442545437148],[101.04583062028695,13.499260169221486],[101.04554427704682,13.499016804581913],[101.04525850757415,13.498772870671473],[101.04497389193165,13.498528927767836],[101.04469101018202,13.498284969575707],[101.0444796317297,13.49810086486309],[101.04426912921701,13.497917883403659],[101.04399056691119,13.497672757891507],[101.04378294222909,13.497488621702587],[101.04357733292761,13.497303904551586],[101.04330539862531,13.497057596430977],[101.04303635204604,13.496811263129359],[101.04283708206572,13.496625364269221],[101.0426395495756,13.496440014894802],[101.04255251768461,13.495789800558896],[101.04183355017824,13.495230563439804],[101.04079504185773,13.494271868152225],[101.04084830690391,13.493765900575909],[101.04084832758832,13.492168101176958],[101.04068857112071,13.491102900078829],[101.03994298368178,13.489877910137466],[101.03938379242811,13.488999114217791],[101.03805237042064,13.487907267106721],[101.03722688990911,13.48718824564105],[101.03669433387648,13.485803479447043],[101.03674760791586,13.484605131921342],[101.03775952058544,13.483113864413383],[101.03855839825155,13.482022046979921],[101.0389312149037,13.480983482002159],[101.03895785641998,13.480104693277042],[101.0385584342244,13.479492197407012],[101.03797260864906,13.478932959388601],[101.03706723866219,13.478426979221751],[101.03610860992444,13.478027516556665],[101.03432477676711,13.477753504820441],[101.03404922359283,13.47772354210781],[101.03377366142541,13.477692448947437],[101.03349921801458,13.477657391575406],[101.03322532498879,13.477618941960657],[101.03295167298137,13.477574841905493],[101.03267857675496,13.477528475558756],[101.03240658939262,13.477476454275006],[101.03213514971742,13.477421038050522],[101.03186484138939,13.477362788961614],[101.03159507984913,13.477301144931914],[101.03132499275426,13.477234985406312],[101.03105715666248,13.477162028804628],[101.03079583436033,13.477074333213977],[101.03045727828083,13.476930779831662],[101.03013087923676,13.476757190891703],[101.029825302196,13.476554625795416],[101.02954458241658,13.476322489191546],[101.02927754941942,13.476071036049518],[101.02907827404317,13.475881167581861],[101.02887271960037,13.475699258114332],[101.02858283303135,13.475475101195002],[101.02828238032765,13.475264020418251],[101.02805254239098,13.475111112288062],[101.02781842817797,13.474964450848802],[101.02758090823238,13.474824594579445],[101.02733941238404,13.474692115448818],[101.02701050513076,13.474528707733725],[101.02675791704428,13.474415519960303],[101.02649993842147,13.47431310696436],[101.02615060756455,13.474191661615919],[101.02579711374585,13.474089453665385],[101.02543665287931,13.47401667243156],[101.02516246037931,13.473976521299448],[101.02488601687622,13.47394316544478],[101.02451883357736,13.473894725261403],[101.02415667119345,13.473825344364172],[101.02379724544659,13.473738432082996],[101.02352712507684,13.473667743571582],[101.02325981508847,13.47358799708843],[101.0229116326658,13.473465407802394],[101.02257852198125,13.473316149121047],[101.02226102442677,13.473136263128083],[101.021956008563,13.472930858872076],[101.02166323786821,13.472705586793438],[101.0213827501139,13.472465528961038],[101.02111488884111,13.472216897891599],[101.02085906139661,13.471958001060955],[101.02061094923596,13.471690004889865],[101.02036856665609,13.471416879885169],[101.02012847375011,13.471141475099046],[101.01988780437875,13.470866075708898],[101.01970486069081,13.470660816243708],[101.01951906974932,13.47046009835492],[101.01927038831781,13.470192669656001],[101.01902112592427,13.469924681578846],[101.0187698598412,13.469658403112874],[101.01851516734115,13.469396669820526],[101.01825505102983,13.469141758785213],[101.01804809904058,13.468963803636655],[101.01779492909276,13.468848915245303],[101.01752601741185,13.468783858288475],[101.01725018904506,13.468754442363661],[101.01688101374782,13.468742719700799],[101.01660401896038,13.468746072373392],[101.01632703316614,13.468750554594465],[101.01595736683907,13.468749002364632],[101.01567939988445,13.468739935399753],[101.0154069268882,13.468697498191034],[101.0150601788842,13.468572626425612],[101.0147640636107,13.468360362141027],[101.01462331971049,13.468128212946738],[101.01454984689798,13.467865586627568],[101.01450759315094,13.46750612310916],[101.01449851359558,13.467145265641534],[101.01449738944302,13.466873021972447],[101.01448791058868,13.46660254097452],[101.01445286670651,13.466242454225949],[101.01440485370108,13.465884167020761],[101.01434559197554,13.465526535421304],[101.01427481533051,13.465172382399601],[101.01421489530122,13.464908518613299],[101.01414920971831,13.464645266366006],[101.01405683225704,13.464295806906023],[101.01396128108831,13.463946371727729],[101.01383770074938,13.463497399585378],[101.01375635796961,13.46314763795317],[101.01375337941499,13.46289204523174],[101.01375158167019,13.462541886099189],[101.01357962859703,13.462200124835931],[101.0134866036239,13.461945561838263],[101.01335647981773,13.46170598334453],[101.01307684641938,13.461496407133552],[101.01280177887907,13.461487877963236],[101.0125377972816,13.461562855341526],[101.01223361688795,13.461765244170749],[101.01194724397021,13.461992341873156],[101.01170357625909,13.462115731555798],[101.01143031365808,13.462150679210538],[101.0110859983202,13.462039336845976],[101.01078103641578,13.461837304148332],[101.01053668791786,13.461568135261302],[101.010332177588,13.461266451385654],[101.01018138196525,13.461038897727008],[101.01002054990852,13.46081876707251],[101.00978937198198,13.460537065233439],[101.00954901827265,13.46026221442969],[101.00931008908941,13.459985092837826],[101.009067163319,13.459713086589716],[101.00875097877469,13.45958344032357],[101.00841975576719,13.459726731103785],[101.00819105367424,13.459879936010282],[101.00794858206149,13.460008396070691],[101.0075915197329,13.460098232947132],[101.00731832368177,13.460141082944688],[101.00704986256119,13.460094085273852],[101.00681181921016,13.459957599663539],[101.00658086791276,13.459806370567605],[101.00635048408765,13.459654007426536],[101.0061169931048,13.459509577205267],[101.00584880717679,13.459426424989545],[101.00545209014189,13.459570800352196],[101.00530125944562,13.459892833187723],[101.00524623892284,13.460250816422104],[101.0052010389968,13.46060985096392],[101.00514486014725,13.460967279316549],[101.00507856392466,13.461322528611845],[101.0049517891938,13.461657360598736],[101.00470267069176,13.461923693024062],[101.00442999624738,13.462168185413475],[101.00412522409988,13.462370003173135],[101.00380995596475,13.462558913862836],[101.00349234689435,13.462743890018544],[101.00317092559777,13.462921552887394],[101.00281492536857,13.46300120763965],[101.00253815631095,13.462996634587057],[101.0022670898544,13.462949087430502],[101.00202194006056,13.462825645587145],[101.00177396639549,13.462709568291984],[101.00150077574028,13.462684066216752],[101.0012376475994,13.462758460834323],[101.00100379329047,13.463021844382638],[101.00090374731013,13.463275125846451],[101.00081698791371,13.463529996412262],[101.00055671512035,13.463774383580983],[101.00022826022609,13.463939672677782],[100.99997935216544,13.464058577441449],[100.99972927138884,13.464175229403338],[100.99939406618324,13.464327013381023],[100.99894152463173,13.464521770563294],[100.99858309443431,13.464661637624545],[100.99666143837476,13.465903706590836],[100.99640847257302,13.465967289558819],[100.99613985227245,13.466023122169418],[100.99577330029763,13.466049191716877],[100.99549530276607,13.466036148849241],[100.99522030087627,13.466001616681297],[100.99494858331053,13.4659455952131],[100.9946855585917,13.465859002191223],[100.99437720084723,13.46566431875334],[100.99412709758752,13.465395743418867],[100.99388730325649,13.465117482385949],[100.9936269504235,13.464865367342895],[100.99332088055428,13.464668404123586],[100.9930677106064,13.464551795329157],[100.99280662302726,13.464455016585816],[100.99253661057617,13.464395589384992],[100.99226156641822,13.464355406776633],[100.99200967530635,13.464254036094928],[100.99178040574117,13.464096566603303],[100.99149283942307,13.463868387915795],[100.99121614141188,13.463628261734925],[100.99093201320193,13.463397230397902],[100.99070733557511,13.463236333589975],[100.99047264669537,13.463086249331013],[100.99014413424447,13.462931258370929],[100.98986895428885,13.462909713312683],[100.98959786355061,13.462963826419525],[100.98933157519213,13.463040492724588],[100.98906381194541,13.463113217301213],[100.98870204706191,13.463194593355865],[100.98833987658412,13.463226829554571],[100.9880710071713,13.463165693641884],[100.98780322234091,13.463096075323676],[100.9874644342363,13.462954718085825],[100.98713409975898,13.462788440634085],[100.98679757434866,13.462641416768008],[100.98643245769182,13.462596289687042],[100.98606475818212,13.46265793911266],[100.98572505456769,13.462789973078827],[100.98547907469958,13.463055134586853],[100.98533820939093,13.463294613255869],[100.98519553914286,13.463525068127467],[100.98498131703423,13.463687176322196],[100.98471122364413,13.463757655291602],[100.98434318778794,13.463743615975147],[100.9840689889927,13.463701157182697],[100.98379731639312,13.463650206092211],[100.98343646971739,13.463703325448137],[100.98314707597683,13.463917990922596],[100.98300637974069,13.464248408137564],[100.9828894471903,13.464591063326964],[100.98267488243994,13.464887041903523],[100.98240650315768,13.465130913760731],[100.98215930830548,13.465249222273826],[100.98188984983676,13.465327036113877],[100.98161846412086,13.46538114202616],[100.98134378328905,13.465420588089728],[100.98097832129253,13.465474304595546],[100.98070198301019,13.46552280143618],[100.98044565284465,13.46561802075513],[100.98013327243262,13.465810272426154],[100.97990459282278,13.465969665567684],[100.97968726985169,13.466141397407625],[100.97942237184503,13.466388062559076],[100.9792214318237,13.466692404830667],[100.97909900981153,13.467035103187527],[100.97903266502556,13.467389220236385],[100.97899853125728,13.467660052869178],[100.97896208533206,13.467930337814892],[100.97892967826209,13.468200590384981],[100.97889408489414,13.468469174712709],[100.97880923835572,13.468819484031997],[100.97871987542197,13.469076629882636],[100.97861430670497,13.469328253895867],[100.97850178442985,13.469576544122276],[100.97837739739902,13.469820973559138],[100.97817323330815,13.470119690571323],[100.9779188348864,13.470380395039228],[100.97770995744861,13.47056222626577],[100.97749755826578,13.470736742406814],[100.97727931169095,13.470902266226631],[100.97705291725839,13.471059382284693],[100.97675105441766,13.471268491747537],[100.97644889210272,13.471476474359861],[100.97614527198675,13.471682774340593],[100.9758398972935,13.471886263040631],[100.97553655686664,13.472091428976341],[100.97524168985217,13.472309519968405],[100.97495148582249,13.472533223629398],[100.97464859595601,13.472778760131746],[100.97436477711284,13.473021913430614],[100.97416271114025,13.47318387143855],[100.97392575776757,13.473256950348002],[100.97388481523211,13.473004495361238],[100.97384823081126,13.472671244382468],[100.97383862964909,13.472309816744712],[100.97384316582952,13.471948276691649],[100.97384828117328,13.471586731242724],[100.97384156413693,13.471225280222541],[100.97382895204458,13.470954250638215],[100.97380624686087,13.470683864968464],[100.9737663646261,13.470324933848644],[100.97372157658953,13.469966041399744],[100.97367333335768,13.469607739805383],[100.97362191461974,13.469249463392089],[100.97356876468677,13.468891199569271],[100.97351504278504,13.468533506815959],[100.97347215321736,13.468264974648889],[100.97342379397298,13.467998179972085],[100.97335019525536,13.467644596221191],[100.97328829761688,13.46738073243489],[100.97322092220787,13.467117476590317],[100.97314836220721,13.466855389864406],[100.97306803026544,13.466595624288686],[100.97294979999333,13.466253687657627],[100.97285162820015,13.466000275792169],[100.97274655231161,13.465749176083648],[100.97260213378149,13.46541591791032],[100.97245858039923,13.465082653441755],[100.97232193560887,13.464747074118236],[100.97222635476254,13.464492511120568],[100.97213451059923,13.464236224122487],[100.97201541607865,13.463894293786666],[100.97192846422729,13.463636274694352],[100.97184439380379,13.463377667445457],[100.97173537708602,13.463032832299405],[100.97163154136263,13.46268626326048],[100.97155956682059,13.462424736812181],[100.97149248009396,13.462160912596062],[100.9714053438816,13.461809693162877],[100.97131561492375,13.461459058288938],[100.97121955383938,13.461110168099822],[100.97112003666041,13.460762435338154],[100.97101879188381,13.460414715167019],[100.97094249969666,13.460154352441464],[100.97086619941564,13.459892859268109],[100.97076524781801,13.459545701173226],[100.97068952400241,13.459284202603897],[100.97061323541254,13.459023839878341],[100.97051228291559,13.458676681783459],[100.97041190058883,13.458328389643498],[100.97031353724003,13.457980081315725],[100.97024041156578,13.457718562961361],[100.97016757097668,13.457456478034089],[100.97007237414084,13.457107014976827],[100.96998006233008,13.456757530335778],[100.96991298369733,13.456494269095288],[100.96984878559306,13.456230420597478],[100.96976367015731,13.455878619302894],[100.96968114297044,13.455525667775419],[100.96960121302561,13.455172695563476],[100.96952560612186,13.454819125302436],[100.96945432315857,13.45446495699224],[100.96939023926819,13.454109036802663],[100.96933134626465,13.453752509570734],[100.96927648312328,13.45339482401198],[100.96922363626186,13.453036555692563],[100.96917079659505,13.452679417820946],[100.96913166709282,13.452410854177629],[100.96909340363771,13.452142283339754],[100.96904344180143,13.451783993436607],[100.96899521205944,13.451425689144287],[100.96895983542811,13.451157095823362],[100.96892618369645,13.450887924238373],[100.96888370961557,13.450527880657205],[100.9688455738642,13.450168931550991],[100.96881060372647,13.449808830413247],[100.96877736478359,13.44944871398701],[100.96874354937535,13.449088602956692],[100.9687077131905,13.448728506315547],[100.96867044258693,13.448369551813414],[100.96864226592788,13.448099208411804],[100.96861352179667,13.447829997256633],[100.96858534513763,13.447559652955647],[100.96855804441827,13.447290431008639],[100.96852220823337,13.446930335266813],[100.96848954665529,13.446570215243298],[100.96846092213389,13.446209497170628],[100.96843431569118,13.445848764708785],[100.96841392895971,13.445578359253943],[100.96839210061501,13.445307964590938],[100.96835799922235,13.44494785535926],[100.96832752389616,13.444678658593261],[100.96829243684653,13.444410062574377],[100.9682401763431,13.444052355431893],[100.96819845319612,13.443783809775027],[100.96815558701081,13.443516405357855],[100.96811213266886,13.443247874090162],[100.96807013163135,13.442980461579111],[100.96802927543075,13.442711911425647],[100.96799188341873,13.442443333393157],[100.96794365817334,13.442085028201518],[100.96790712501388,13.441815879099579],[100.96787145790154,13.441546722803082],[100.96783636815394,13.44127756111061],[100.96780272091888,13.44100839042494],[100.96775997434338,13.440649476392252],[100.96772126842188,13.440290531782637],[100.96769511343882,13.440020172193215],[100.96767243073816,13.439750913373985],[100.96764496634216,13.439390751082328],[100.96762602572056,13.43912033483565],[100.9676093882627,13.438849334928932],[100.96758912923497,13.438487987330802],[100.96757204391474,13.438126613652344],[100.96755784361966,13.437765218390155],[100.96754652834966,13.437403799745596],[100.96753839128377,13.437042921593616],[100.96753516001968,13.436682005670093],[100.96754433040661,13.436320427845544],[100.96756331419567,13.435959336554163],[100.96758130423387,13.435688633423752],[100.96759987163682,13.435417921300086],[100.96761786167502,13.435147216370979],[100.96763325087392,13.434875965553431],[100.96765251884875,13.434514308588518],[100.96766819583064,13.434243055972331],[100.9676876292807,13.43397234025133],[100.96771110968001,13.433702721703298],[100.96774151935568,13.433433613070861],[100.96779545079949,13.433076769277534],[100.9678675773269,13.432722041588988],[100.96793177902845,13.432457189447803],[100.96800350176028,13.432194536148984],[100.96810859113862,13.431848589440904],[100.96823479659867,13.43150925544785],[100.96833747219665,13.431256528865788],[100.96843957582581,13.431004371554536],[100.96853761991531,13.43074998572331],[100.96863480874947,13.430496736635121],[100.96876592720582,13.430158494419004],[100.9688665910204,13.429906912673914],[100.96896927561164,13.429655315640332],[100.96910762821454,13.429319840638186],[100.96925032724084,13.428986590558736],[100.96936081794746,13.428737190568938],[100.96947247597404,13.428489478606593],[100.96958528873017,13.428241755852412],[100.96970128868361,13.427995702239912],[100.96986222596104,13.427670217806337],[100.97003273112568,13.42735030827015],[100.9702119183454,13.427033719030931],[100.97034964681882,13.426798792730153],[100.97048852912241,13.426563857436122],[100.97062624770325,13.426327800687488],[100.97076049939761,13.426091207942932],[100.97093447324738,13.425772400076255],[100.97110351971173,13.425450806109836],[100.97122704519205,13.425208081787616],[100.97134622424892,13.424963133441906],[100.97149847677332,13.424634327812043],[100.97160867430091,13.424384931419524],[100.97171569362445,13.424134993635107],[100.97185491137515,13.423800076212615],[100.97199181606953,13.423464611102986],[100.9721266882961,13.423127469657061],[100.97225693800732,13.422789797611131],[100.97238515435146,13.422450447430265],[100.97251163410471,13.422110545964983],[100.97263724960942,13.42177065169426],[100.97276054576264,13.421429644962188],[100.97288268898495,13.421088647223314],[100.97297494144044,13.42083261203544],[100.97306778205257,13.420577701899447],[100.97315888157721,13.420321675704827],[100.97325055756721,13.420065645013551],[100.97334455021087,13.419810724985041],[100.97344259340105,13.419556903028706],[100.9735815170734,13.419221988304173],[100.97372651836417,13.41888928411322],[100.97387644164451,13.418558802147061],[100.97399242900747,13.418312183760349],[100.97411218542908,13.418067793893613],[100.97423542042839,13.417825637043563],[100.97436849760811,13.417587357170873],[100.97455492257166,13.417275228568997],[100.97469756404143,13.417042521794997],[100.97484166331219,13.416811498551851],[100.97503794664397,13.41650550602435],[100.97523509512359,13.416199506302235],[100.97537947138557,13.41596735081265],[100.97552385304346,13.415735760097277],[100.97573493022293,13.41543981839294],[100.97591877143424,13.415235596745447],[100.97613085855232,13.415063348694616],[100.9764487221309,13.414877846435502],[100.97677624712617,13.414709778433576],[100.97712248971118,13.414467001950641],[100.97710565620116,13.414207866799643],[100.97704660131967,13.413936636666506],[100.97701556211854,13.413669139619174],[100.97708168027538,13.413322367333421],[100.97720467515569,13.412980797625778],[100.97734847225428,13.412643017661196],[100.97745632524925,13.412390248810993],[100.97756334007613,13.412140874901525],[100.97767382538677,13.41189260356083],[100.97778720021915,13.41164487541073],[100.97790172888176,13.411397137368056],[100.97801540228903,13.411150535169099],[100.97816387406357,13.410820062196137],[100.97827232960441,13.410570676595512],[100.97838193987468,13.410321282900952],[100.97853301158926,13.409991354017848],[100.97865334087902,13.409747524428781],[100.97878757818427,13.409510928986208],[100.97893108210383,13.409278778892599],[100.97907400056471,13.409045503747052],[100.97920823607132,13.408808908304536],[100.97933145398349,13.408565620107311],[100.97948918697648,13.408239028608307],[100.97964257444534,13.407910211287287],[100.97979682975995,13.407581952445184],[100.9799522443007,13.407254247585513],[100.98010533679189,13.406924868188185],[100.98025350999154,13.406593833138913],[100.98039994839894,13.406262245905964],[100.98054609272805,13.405930096596705],[100.9806562749672,13.405680698405547],[100.98076675578119,13.40543242526627],[100.98087839042546,13.405184144033058],[100.98099147207881,13.404936416782277],[100.98114398900395,13.404607605756439],[100.98125880904684,13.404360994564286],[100.98137362908977,13.404114383372132],[100.98152758942678,13.403785560655137],[100.98168154796514,13.403456738837463],[100.98179694357412,13.403210122249391],[100.98190944156755,13.402961833821621],[100.98205471625221,13.402629691706977],[100.98220491472512,13.402299768219791],[100.98237133157176,13.401977626566236],[100.98254991444708,13.401661602101285],[100.98268413466513,13.40142387531165],[100.98284142069508,13.40111423243593],[100.98300961370279,13.400903351308671],[100.98317490729619,13.400690798341714],[100.98318501657531,13.400375532904548],[100.98326174133638,13.400021898791636],[100.98332921207356,13.399665511853925],[100.98340072526332,13.399309659113499],[100.9834800553603,13.398957134764032],[100.98358656566751,13.398612304114579],[100.98371475233404,13.398272385562166],[100.98385191963047,13.397936917754578],[100.98399487226561,13.39760366137989],[100.9841151871662,13.397359266117292],[100.98425404698673,13.397124892000193],[100.98445145896773,13.396818885982839],[100.98464481230832,13.396510653244093],[100.98478424769496,13.396276274630395],[100.98492106875239,13.396039655805509],[100.98509008374043,13.39571862211676],[100.98523304357019,13.395386496189872],[100.98532643636599,13.395131014984429],[100.98541144118514,13.394872774658893],[100.9855211162066,13.394527354054219],[100.98559975382562,13.394266904993742],[100.98566740802454,13.394003718396959],[100.98572986144399,13.393739441821822],[100.98577468905074,13.393471915096882],[100.98578256621249,13.393201290207401],[100.98576793873946,13.392930277710207],[100.98575487698605,13.392568876152779],[100.98574399878657,13.392297833078601],[100.98572505007104,13.392027420429145],[100.9856957249778,13.391758215569268],[100.9856741754229,13.391487257031315],[100.98564986944598,13.391126509281037],[100.9856242846331,13.390856146993656],[100.98557450266122,13.390589928782219],[100.9854008390775,13.390273283785064],[100.9851808496166,13.39011177094153],[100.98496204096546,13.389953636850919],[100.98477943272468,13.389636496327284],[100.9846876119438,13.389344624055184],[100.98503418458,13.389217634386341],[100.9853988587704,13.389152071111255],[100.98576710057131,13.389099469764744],[100.98601861936385,13.388990171559215],[100.98621028377761,13.388793227225733],[100.98631569061666,13.388455181961149],[100.98633950016784,13.388087278305306],[100.98629876177847,13.387727789605833],[100.98623626519156,13.387458846448681],[100.98609794136695,13.387230040034353],[100.98582851887113,13.386985317418521],[100.98561246394411,13.386810782391763],[100.98540787807116,13.386627683121105],[100.98519832794057,13.386331653283207],[100.98511987378322,13.385980932074403],[100.98526339568923,13.385612087727736],[100.9857099369641,13.385434605622606],[100.98606151522682,13.38532056709056],[100.98628842856817,13.385166274903725],[100.98643192978977,13.384935818233487],[100.98650131698224,13.38467318112248],[100.9865169633872,13.384400235982127],[100.98650217763344,13.384039412688821],[100.98647832131752,13.383768473036639],[100.98645389303277,13.383498100856741],[100.98642901059043,13.383137356703685],[100.98641149989089,13.382866366689541],[100.98639370590485,13.382595943248248],[100.9863650795848,13.382235794446387],[100.98632549682429,13.381876294955077],[100.98627237117307,13.381518597705167],[100.98620167007107,13.381163297148476],[100.986143247413,13.380898276834046],[100.98607417408391,13.380636163128486],[100.98594937516361,13.380297103428632],[100.98581650842516,13.379959238028448],[100.98570090237479,13.37961558728955],[100.98557551259989,13.379274836864283],[100.98536942755709,13.378978212574509],[100.9851014178962,13.378728395299277],[100.98480426390569,13.378512694705137],[100.9845171337588,13.378287878582796],[100.98428601968413,13.377999358983288],[100.9840684583927,13.377724150249378],[100.98379384231202,13.377357595576598],[100.98359433940732,13.377054140935911],[100.9834275664291,13.376731790639667],[100.98324729282837,13.37641632195573],[100.98304692117853,13.376112308836014],[100.98281013957632,13.375835693562465],[100.98260429914916,13.375532851360049],[100.98240565060036,13.375227695202],[100.98211946024497,13.375011339901448],[100.98176855107783,13.374888128284567],[100.98149291876325,13.374869388211721],[100.98121836743377,13.374912209430988],[100.98085995432348,13.375000308817221],[100.98050568169191,13.375100802659972],[100.98014727217895,13.375189466820473],[100.97987195642571,13.375244717569728],[100.97960029821525,13.375253623555921],[100.97926566587785,13.375109946067198],[100.97892631120038,13.374918546953438],[100.97879154869111,13.374699618692489],[100.97888041969566,13.374377281886098],[100.97922108018878,13.374065316960866],[100.97954446200737,13.37389107061648],[100.97990599306718,13.373831755830906],[100.98017074358501,13.373895769574176],[100.98043005410375,13.373999932650804],[100.98078556420251,13.374086395270979],[100.98110734702652,13.373892954696146],[100.98105226804779,13.373542049126343],[100.98083767182118,13.373367495213756],[100.98050269684205,13.373217043132058],[100.98014927317047,13.373103450663791],[100.97987823369357,13.373046262774835],[100.97960389820139,13.373009434637765],[100.9793279601173,13.37298843456864],[100.97905094374613,13.372976482578679],[100.97878834530593,13.372893244028035],[100.97857655136681,13.372616539721605],[100.97871803630841,13.372336848766622],[100.97897824435057,13.372233139847594],[100.97934738907082,13.372223473034921],[100.9796214682562,13.372264257289714],[100.97989415529111,13.372311264853067],[100.98026070816519,13.372125383979323],[100.97994163589783,13.371802525566125],[100.97958181714722,13.371753375817661],[100.97921492163141,13.371791267852757],[100.9788493364278,13.371848354118299],[100.97848431959574,13.371692257891425],[100.97867020316738,13.371353248553646],[100.97901764544804,13.371229088151949],[100.9793860509256,13.371199656938643],[100.97974913331592,13.371260079688966],[100.98002320170946,13.37129973259664],[100.98029884841316,13.371320733565028],[100.98057643315593,13.371296532808799],[100.98082745912001,13.371210968611365],[100.98081367341234,13.370900408427133],[100.98051141217201,13.370705076578076],[100.98024341869888,13.370643910088404],[100.9799662449463,13.370647773575911],[100.9796050942997,13.370717818172807],[100.97924128795512,13.370780539590271],[100.97887628101563,13.370837619560518],[100.97845840383235,13.370672468059979],[100.97870198700713,13.370511368904602],[100.97898488494457,13.37050181270854],[100.97931598564429,13.370355044249948],[100.97896658913686,13.37023929880462],[100.97859725376031,13.37026082857443],[100.97823582432392,13.370332001820486],[100.97788983804566,13.370457844853718],[100.97752803628993,13.370518853062663],[100.97721230500395,13.370357513788292],[100.97704923183665,13.370027218881091],[100.97705110692311,13.369726106075007],[100.97713311160391,13.36941821597793],[100.97724764476305,13.369172739730232],[100.97740967201878,13.368950051403772],[100.97758966323244,13.36873738871958],[100.97780376573127,13.36856908329662],[100.9781377838317,13.368426387867544],[100.97849579044845,13.36832474019468],[100.97885832335299,13.368247909313595],[100.97913268762352,13.368218085096601],[100.97941006282417,13.368204053874024],[100.97968681659336,13.368184379405648],[100.97996270971134,13.368165274208081],[100.98033113407462,13.368138666866059],[100.98069955843795,13.3681120604233],[100.98106399340861,13.368056110900852],[100.9814244785569,13.367975903065542],[100.9816903874015,13.36789982491706],[100.98194448365103,13.367790512322358],[100.98222440932909,13.367558989955455],[100.98238726665909,13.36733290219172],[100.9824481138894,13.367083890709011],[100.98232282124127,13.366753304421536],[100.98239065260657,13.36640595387172],[100.98255674479799,13.366081557617861],[100.98261015013838,13.365733755608403],[100.98243264734884,13.365544225285817],[100.98205455437426,13.365534195147063],[100.9817088288994,13.365743639157643],[100.98134355216325,13.365801854072345],[100.98099123465784,13.365716495819697],[100.98064992125694,13.36556552662779],[100.98041651301173,13.365417667291581],[100.9801570819838,13.365332711035819],[100.97979246535004,13.365366065991225],[100.97953306669774,13.365461859976904],[100.9792839481957,13.365580167590736],[100.97895354716854,13.365741476288122],[100.97870149957458,13.365854723416817],[100.97844266659587,13.365949381558778],[100.97817258939352,13.366009108233811],[100.97789768373116,13.366042888568529],[100.97752982324283,13.366032207320586],[100.97716614460194,13.365968396824087],[100.97682015922305,13.365845702317358],[100.9765767909862,13.365714297876593],[100.97635281932719,13.36555619256427],[100.97612466941803,13.36527441788013],[100.97595184220381,13.36496170831623],[100.97606712629693,13.364584049714153],[100.97621169321513,13.364260201147431],[100.97645317737232,13.364137060576923],[100.97671904304946,13.364055903956853],[100.97707864056684,13.363973451413699],[100.97737847993295,13.363778494581936],[100.97737212082677,13.363511367155922],[100.97698824790939,13.363393487619419],[100.97663632430698,13.363284959233511],[100.97637791041228,13.363183045361325],[100.9761405523447,13.363045378941138],[100.97589893059126,13.362773875414064],[100.97576972499286,13.362528043034786],[100.97571048664969,13.362266977938702],[100.97574000060058,13.361995052629652],[100.97586613231624,13.361756829414219],[100.97605139535568,13.361554294894859],[100.9762706662583,13.361383691704077],[100.97657538804378,13.361186438003756],[100.97674295782133,13.36083040090233],[100.97656965756369,13.360412067762752],[100.97642556458817,13.360179907776569],[100.97641619814908,13.359915064628581],[100.97656295581584,13.359695319783214],[100.97678103511674,13.359520205593071],[100.97702249858952,13.359383321583095],[100.97726329656393,13.359090326057753],[100.97703243429947,13.358889108145888],[100.97665348157295,13.358945899433763],[100.97633654339683,13.358929637892516],[100.97591885417182,13.358712410249609],[100.97562333964549,13.35850629193186],[100.97540821281882,13.358335124866187],[100.97520966679275,13.358145753723591],[100.97500838682765,13.357939456440818],[100.97496969529527,13.357686662409606],[100.97468101381781,13.357621171979531],[100.97448390221035,13.357430658697979],[100.97428564126938,13.357240719183892],[100.97402740993709,13.35698289794243],[100.97378836743928,13.356707983286867],[100.97361960336207,13.356491829434447],[100.97344712688346,13.35628022255429],[100.97319805874349,13.356013856854076],[100.97293811330337,13.355757743425158],[100.9727404324251,13.355567797615834],[100.97254217418208,13.355377855403731],[100.97228136629207,13.355121748270108],[100.97208969108641,13.35492554138068],[100.97189544471905,13.354732178147572],[100.97162263357774,13.354489720024617],[100.97132125187431,13.354280810211264],[100.97109385739566,13.354125550353899],[100.97087360443334,13.353961760426955],[100.97060107028324,13.353717604383974],[100.97040996974437,13.35352082642504],[100.97025441131211,13.353296093040285],[100.97018003827822,13.352945896136248],[100.97019671260824,13.352583694182215],[100.97029657602621,13.352236095419528],[100.97042881413853,13.351897282133905],[100.97053609786269,13.351646781373915],[100.97064772711099,13.351398506435999],[100.97079502616958,13.351067483977261],[100.97090607715381,13.350819212636623],[100.97101972897735,13.350571486285105],[100.97116499466881,13.350238785691431],[100.97129608704483,13.349901110947542],[100.9713026655856,13.349503401061156],[100.97091781240715,13.349492839423078],[100.97068302729991,13.349634749743927],[100.9704983901886,13.349842923012545],[100.97035778298533,13.350074477755015],[100.97023749236644,13.350321690593603],[100.97011371417665,13.3505655417664],[100.96999947599505,13.35081214306598],[100.96988400214502,13.351155344143876],[100.96979744689475,13.351507923352017],[100.96970693642601,13.35176394055344],[100.96958171482436,13.35200780341745],[100.9693398070865,13.352303409674676],[100.96904080319058,13.352458245951311],[100.96874364560284,13.352271892933572],[100.96846889462387,13.352002897615705],[100.96828239141928,13.351803258014002],[100.96809816170088,13.3515996452075],[100.96791337440277,13.351398297793253],[100.96772657711989,13.351198094316658],[100.96746663257909,13.350940844144702],[100.96726438764142,13.350756011880492],[100.96705326999245,13.350579721377073],[100.96676302459394,13.350356031205934],[100.96646251343429,13.350146542229197],[100.96614887577005,13.34995466557541],[100.96581819055712,13.349794552976277],[100.9654739030982,13.349664483129459],[100.96512678277486,13.349540645584398],[100.9647804817339,13.349411155800226],[100.96444811658739,13.34925726740903],[100.96417647366536,13.349014790400304],[100.96395721715191,13.34872332821908],[100.96377299642671,13.348412953295224],[100.96370580807667,13.348058177942619],[100.96361148178454,13.347693482168495],[100.96343769319503,13.347502739559843],[100.963197128145,13.347716869038322],[100.96304518408806,13.348043527986476],[100.96288284386821,13.348263386146414],[100.962681571997,13.348448523280751],[100.96244591184939,13.348589869726766],[100.96208615784997,13.348651401341158],[100.9617172730338,13.348653691914421],[100.96135646143159,13.348584183313449],[100.96100226973903,13.34847734295505],[100.9606531879943,13.348360294392137],[100.96038608305133,13.348286669594188],[100.9601212533932,13.348209071591441],[100.95978547801747,13.348060853425693],[100.9595375852914,13.347937371112835],[100.95928970065921,13.347815018348456],[100.95903955603075,13.347698331312984],[100.95878376995506,13.347597505620456],[100.95843359283612,13.347487239744396],[100.95816565961758,13.347418137636964],[100.95789489893048,13.347355836202951],[100.95753401538258,13.347277284918789],[100.95717149416919,13.347210041710127],[100.95680674173781,13.347152419448662],[100.95653574273041,13.347096331430578],[100.95626530130266,13.347037978919616],[100.95599041902267,13.347001124702217],[100.95571414729011,13.347006647438889],[100.95534974559433,13.347064249915263],[100.95498595273961,13.347125803113386],[100.95462155643975,13.347183970363972],[100.95434636299433,13.347216031194932],[100.9540696676811,13.347240758953888],[100.95370006340727,13.347261119605037],[100.95333306087213,13.347246438172647],[100.95297000815941,13.347184842706383],[100.9526986782015,13.347123669022153],[100.95242681044903,13.347067018028497],[100.95206532885192,13.346985638376566],[100.95170151980938,13.34693760288809],[100.95133408559963,13.346940997828824],[100.95096455237223,13.346970392169908],[100.95059684117132,13.347011069405369],[100.95023184772168,13.347066974861036],[100.94986956213063,13.34713698078707],[100.94950891420507,13.347231264811057],[100.9491478858663,13.347278100603887],[100.94877929512842,13.347245349093612],[100.94840906312783,13.347187755610491],[100.94804897008396,13.347099581580494],[100.94771161999535,13.346969995568884],[100.94740658794376,13.346770120344843],[100.94719000061809,13.346593288449526],[100.94697572095282,13.346416436769175],[100.94668892265571,13.346188175344082],[100.94647582469963,13.346014705114612],[100.94626701291236,13.345836116843373],[100.94599623064158,13.345590785386491],[100.9457463504138,13.34532608882796],[100.94550934308177,13.345048300838471],[100.94525886840211,13.34478134698162],[100.94506665540189,13.344586249855581],[100.94487042692873,13.344394007177755],[100.94467019737175,13.344206314170094],[100.94446311857814,13.344027712409058],[100.94417634276408,13.343801705584269],[100.94388212326146,13.343582535405744],[100.94358533979164,13.34336733843196],[100.94329054921951,13.343148736624926],[100.94299889997933,13.342926156217175],[100.94270554742315,13.342706977944715],[100.94240591939774,13.342496319849317],[100.94209944033696,13.342294751201848],[100.94186808434466,13.342145704760526],[100.94163701793411,13.341996655621188],[100.94132883285943,13.341797924334799],[100.94102036000169,13.341599194846992],[100.94078957417958,13.341449012561952],[100.94056078485238,13.341295990217816],[100.94033428340055,13.341140690790269],[100.94010635022795,13.340986532602471],[100.93987270366239,13.340839195772332],[100.93964278838405,13.340689571066889],[100.93936945383729,13.340448205620248],[100.93913931822499,13.340162448738056],[100.93895858686938,13.339850894803021],[100.93893280240695,13.339583345594974],[100.93896007524734,13.339314261244226],[100.93910540568999,13.339092851753776],[100.93927645404517,13.338877458727779],[100.93941619969792,13.338643099899173],[100.93955362959639,13.338407630407858],[100.93973397334423,13.338092183307651],[100.93985054706513,13.337845574813457],[100.93995063261565,13.337592879707699],[100.94005371470723,13.337245827732829],[100.94013267788085,13.336984820193322],[100.94018450940763,13.336709145610655],[100.93993140870759,13.336773971441687],[100.93972114361594,13.336954075969857],[100.93952655280822,13.337146490418263],[100.93934098309995,13.337349001555253],[100.9391090245619,13.3376298193607],[100.938912749324,13.337936912658449],[100.93870746737576,13.338235602690986],[100.93850880533716,13.338424091598597],[100.93828249544089,13.338581725666131],[100.93794065773523,13.3387193417243],[100.93758065012696,13.338784792584136],[100.93730586227576,13.338758650191608],[100.93703484708061,13.338699149246395],[100.93667622442825,13.3386126407608],[100.93631509266743,13.338536881871676],[100.9359587048304,13.33844131631372],[100.93560486387344,13.338339517554743],[100.93533112732973,13.338300370965385],[100.93505358665374,13.338290627710364],[100.93477497218726,13.338291059384915],[100.93450032912693,13.3383191389172],[100.93410856106129,13.338489328419826],[100.9338129673946,13.33859572811042],[100.93349491315979,13.33868549843703],[100.93312754460055,13.338768510358534],[100.93276699200311,13.338765610944222],[100.93242507515714,13.338639991842172],[100.93209657259882,13.338460043796033],[100.93179381583201,13.338253348113597],[100.93152131585612,13.33800688261158],[100.93123769396448,13.337776316224051],[100.93099327082285,13.337651082031869],[100.93072979824166,13.337560451054003],[100.93036613758721,13.337493174570398],[100.93001636696181,13.337576614569173],[100.92976579515539,13.337839490899853],[100.92957620008161,13.338153871404074],[100.92943868834487,13.338489320325948],[100.92933676458006,13.338839185380152],[100.92928510302517,13.339198271183307],[100.92924701313922,13.339559511762104],[100.92916741504422,13.339814874257115],[100.92899550064192,13.340031395932215],[100.92876475259129,13.340176063574518],[100.92849499824564,13.340239122237733],[100.9282222509562,13.34028864610417],[100.92795752831734,13.340368046348317],[100.92763353226178,13.340538277219764],[100.92731482691778,13.340720892655099],[100.92696832712664,13.340854012103023],[100.92660992840553,13.340941466675417],[100.92633652281233,13.340944673657816],[100.92606990979857,13.340858580659017],[100.92575576131941,13.340670039590691],[100.92547268261825,13.340434945116669],[100.9252064769974,13.340181644767142],[100.92497697360852,13.339900951967422],[100.92478446473132,13.339593429693082],[100.92465334897292,13.339353225271168],[100.92452827126277,13.339110715886875],[100.92436735017316,13.338785441894686],[100.92421447082125,13.338455587655289],[100.92406964309959,13.338122846592171],[100.92396497730192,13.337871710011484],[100.92386777407859,13.337615995881549],[100.92376294280564,13.337271090588388],[100.92370619558454,13.336915652435437],[100.92368587180562,13.336643537369412],[100.92366988365825,13.336372521274882],[100.92365866101846,13.336011089140527],[100.92364225018974,13.335650259551869],[100.92361198440562,13.335287842659852],[100.92354428613993,13.334933616793023],[100.92340632744009,13.334593482403363],[100.92318203292456,13.334313876883982],[100.92287471389699,13.334112287552102],[100.92254400889897,13.333944203362364],[100.9222093963466,13.33379253000129],[100.92187023232543,13.33364879855327],[100.92153333639442,13.333499965251235],[100.9211932532661,13.333349461008879],[100.92084599444712,13.333202965044848],[100.92051246467855,13.333042242705403],[100.92021498603282,13.332844528552187],[100.91996834786102,13.332583730554745],[100.91981537497963,13.332350466201092],[100.91969425968239,13.332097191032574],[100.91957764459266,13.331756324594778],[100.91952466822892,13.33140255108691],[100.91951024400259,13.33103662324163],[100.91950231108285,13.330762156448429],[100.91948516640736,13.330490016201338],[100.91946443343693,13.330128654214093],[100.91944630040649,13.329767838115288],[100.91943291759515,13.329497365211296],[100.91942443429025,13.329226290660813],[100.91941652655152,13.328955211613788],[100.91940026141299,13.328684760293527],[100.91935158200994,13.328326999191688],[100.91927351366178,13.327972849767264],[100.91920840814157,13.327616907094637],[100.91918364440971,13.327256141357907],[100.91919261604647,13.326894555439424],[100.91922738833335,13.326622587862175],[100.91934430019933,13.326379938183663],[100.91957309492244,13.326098031299182],[100.91981722668373,13.325822785693049],[100.92005642656289,13.325544189213019],[100.92029243025149,13.325262225671224],[100.92047573097028,13.324953548667395],[100.92060891696798,13.324617006169944],[100.92069020219111,13.324355418567734],[100.92075298656113,13.324088325315984],[100.92080929401379,13.323731464435582],[100.92082895319368,13.323372056675112],[100.92081512521793,13.323008383430192],[100.92078874720301,13.322735748555999],[100.92075000530855,13.32246772900254],[100.9206756907306,13.322114115574038],[100.92057602876076,13.321764648919441],[100.92045939298663,13.321420393836149],[100.92032752539507,13.321083032955642],[100.92021769928743,13.320834191444817],[100.9200986677194,13.32058824035505],[100.91993173825915,13.320266394578482],[100.91975102219197,13.3199514340115],[100.9195611123555,13.319641059986964],[100.91937091563528,13.319330687761067],[100.9192297679395,13.319096203027414],[100.91908777488095,13.318863982786638],[100.91889758265739,13.318554175334953],[100.91870710444937,13.318244370581283],[100.9185642453437,13.318012156635746],[100.91842196540142,13.317779939092986],[100.91822745823066,13.317471292666085],[100.9180550806775,13.317152876004457],[100.91792407733436,13.316814376582272],[100.91782787955304,13.316464317274495],[100.91776912684378,13.316108326038488],[100.91774421382445,13.315837938570041],[100.91772938939988,13.315566911683675],[100.91773866141017,13.3152058878415],[100.91777821179511,13.314844634672227],[100.91809874006486,13.314688944938894],[100.91794142525663,13.314146347975623],[100.91760547721105,13.314443748380313],[100.9172718224367,13.314593134765403],[100.91690438642837,13.314590824407048],[100.91658155679346,13.314430012135404],[100.91635276207035,13.314271315069163],[100.91612169655912,13.314117152384711],[100.91589180286445,13.313965241602659],[100.91565650514366,13.313822973351591],[100.9153244862361,13.313666747622335],[100.91506560289531,13.313569281796958],[100.91480419785552,13.313480872144567],[100.91454052922211,13.313398128221081],[100.91427432539984,13.313322747047209],[100.91400754960881,13.313248499019039],[100.91374134758519,13.313173681720059],[100.91338361706033,13.313084867372766],[100.91311296069466,13.313030418818812],[100.91283978083129,13.312985026437843],[100.9125654831106,13.312944161244104],[100.91229122855742,13.312908943792763],[100.91201640023672,13.312873731737398],[100.91174100714181,13.312840216702682],[100.91137332292055,13.312806267295457],[100.91100525289016,13.312796608576662],[100.91095972920817,13.312797578945151],[100.91063616662586,13.312804469550656],[100.91026659202964,13.312823631405536],[100.9098979581243,13.312852388127283],[100.90962218191822,13.312880445176461],[100.90934789229146,13.312914140075577],[100.908985641774,13.312984647823271],[100.9086314329943,13.313087857618598],[100.90829075901138,13.313225423314691],[100.90804135182697,13.313343096007145],[100.90778932671611,13.313457964613406],[100.90753201269229,13.313560445957876],[100.90727731569564,13.313665729589786],[100.90695188971802,13.31383537770057],[100.90664195815992,13.314032022559843],[100.90642203794675,13.314195792701696],[100.90621552392736,13.314377537593316],[100.9059576981893,13.314635927206325],[100.90571323907477,13.314907208600857],[100.9054728430973,13.315181848063901],[100.9052373790019,13.315460404973749],[100.9050607791317,13.315669039594525],[100.90487198805187,13.315867598211128],[100.90460660800863,13.31611926359318],[100.90457161718643,13.316160339228304],[100.90437026887287,13.316396697249843],[100.90414089588569,13.316679725588926],[100.90386590478772,13.316919601758286],[100.90355246137705,13.317110619559514],[100.90320826474965,13.317241427749764],[100.90294355470132,13.317320800114885],[100.9026782043357,13.317318269422628],[100.90239439178782,13.31709387957892],[100.90225279622962,13.316762790570351],[100.90218611959381,13.316497233360678],[100.90214884089636,13.316229195820767],[100.90213938902167,13.315868309574853],[100.90215444637067,13.315506674193728],[100.90217453362789,13.315235382906621],[100.90219895291938,13.314964622219577],[100.90223912113856,13.314605623650664],[100.90228679240158,13.314247134997345],[100.90232622677399,13.31397908666554],[100.90236825569053,13.31371045467381],[100.90243007418866,13.313354118098118],[100.90249737855123,13.312998869702142],[100.90256555165894,13.31264361680951],[100.9026288126696,13.312287269441981],[100.9026831236273,13.311929859075804],[100.90271763421151,13.311659024644314],[100.90273397759103,13.311388324211862],[100.9027144470142,13.311029208731043],[100.90264706261189,13.310672710277402],[100.90255808998393,13.310321457569273],[100.90244810919296,13.30997601088427],[100.90235050307331,13.309627081124916],[100.90228225981849,13.309271153740781],[100.90223764085448,13.308912225318977],[100.90222761431301,13.308551342670398],[100.90224654863937,13.308280058577907],[100.90228887792944,13.308013120009548],[100.90234678707463,13.3077471931785],[100.90240874766562,13.307482930992535],[100.90247243855225,13.307218656216037],[100.90253671399819,13.306955505592157],[100.90261528416806,13.306602433555497],[100.90266510571013,13.306334873555613],[100.90270483056355,13.306066823425226],[100.90274586393053,13.305707818561018],[100.90276595568434,13.30543709114886],[100.90277970002319,13.305165846626551],[100.90278380003241,13.304804293983011],[100.90276409228909,13.304533298572892],[100.90269398743766,13.304271156089044],[100.90253513209075,13.303944715676153],[100.90232803620995,13.30364462000324],[100.90214074340065,13.303443230320852],[100.90192230976686,13.303279355857626],[100.9015928323434,13.303113486698123],[100.90134131714814,13.302997308678925],[100.90108248686732,13.302904344859655],[100.90072083619771,13.302828531111857],[100.90035304135984,13.302815464861851],[100.8999865784179,13.302862264681835],[100.89909115133565,13.302947833375868],[100.89844927821167,13.302863364552707],[100.89801855061569,13.302626867136269],[100.89794254441296,13.302187669725242],[100.89799322570684,13.301664010685613],[100.89831416856407,13.301157249007872],[100.89902361944456,13.300430892671613],[100.89981752385972,13.299907245323141],[100.9007465568082,13.299451169435997],[100.901540463022,13.298809273828965],[100.90204721480717,13.298133591592034],[100.90260463619506,13.297745078172852],[100.90356745757219,13.296984942401195],[100.90490189770446,13.295718043153215],[100.90566202718088,13.294620059967826],[100.90718227803978,13.292876428304567],[100.90805314014034,13.291705245700598],[100.90835344175798,13.291044577645209],[100.90895403060409,13.290624156279819],[100.90976482878386,13.289873402235798],[100.9113564021763,13.288041556072983],[100.91228732370109,13.286810314044828],[100.91354857160934,13.285158647953267],[100.91459961108325,13.283927406824432],[100.91535035523475,13.282786255281508],[100.91604104176071,13.281645101040624],[100.91643143116568,13.280984433884555],[100.91685184623577,13.280473918436655],[100.91733232342807,13.279813250381267],[100.91835333633747,13.278251672976353],[100.9191341124494,13.276990398088458],[100.91943536914704,13.27640147884523],[100.91959017844403,13.276176621354068],[100.91974382401833,13.275950643307567],[100.91989689402652,13.275724668858459],[100.9200493857706,13.275498698905892],[100.9202004224116,13.275271046321791],[100.9203503061218,13.275043400932248],[100.92049960797061,13.274815195265091],[100.92069674116175,13.274509242307715],[100.92089098662979,13.274202744361219],[100.92108349280903,13.273895131255358],[100.92122526643294,13.273663027926432],[100.92136297961787,13.273428131303262],[100.9215418619674,13.273111581634225],[100.92171553094704,13.272792247664142],[100.92188457021678,13.272470688771307],[100.92200866766592,13.272227985133441],[100.92213015798046,13.271983607857294],[100.92225049536415,13.271739239574288],[100.9223685115976,13.271493194055722],[100.9225239486214,13.271165523370257],[100.92267764096044,13.270836171851897],[100.92282989168621,13.270506830226111],[100.9229798221611,13.270175813163291],[100.92309089023246,13.269926430260625],[100.92320022531021,13.269676496073487],[100.92334320942166,13.269342140727247],[100.92344819897528,13.269089978919453],[100.92355031159764,13.268838404368921],[100.92368318013473,13.268501300694538],[100.92381142255914,13.268162537770934],[100.923933603553,13.267823256837858],[100.92402400340507,13.267475740812813],[100.92404131355585,13.26711070059838],[100.92408145659402,13.266752268602374],[100.92421291769205,13.266419695712443],[100.92438568375235,13.266096412819252],[100.92453040625333,13.265763739205227],[100.92461834376161,13.265506623032252],[100.92470367413529,13.265247831422357],[100.9248333590723,13.264909621581808],[100.92498589668185,13.264580842931593],[100.92510680063839,13.264335903579138],[100.92523292426011,13.264094880774167],[100.92540744759572,13.263775537810886],[100.92559008641342,13.263461217561201],[100.92579154444428,13.263156924752309],[100.92599936607792,13.262855406351946],[100.92619562422874,13.262550021766117],[100.92635889344825,13.262229634689959],[100.92644972857215,13.261974755130893],[100.92651568575036,13.261709331020882],[100.92659130884186,13.261353453998765],[100.9266545392756,13.260998235280397],[100.92669365079144,13.260729060997392],[100.92672959039834,13.260459910096813],[100.92677866730173,13.260101408852961],[100.92681345307847,13.259832266945637],[100.92684737640536,13.259563130434174],[100.9268927022365,13.259204657968667],[100.92693918369645,13.258846177409225],[100.92697368169013,13.258577036401164],[100.9270076041177,13.258307900789021],[100.92703979355167,13.25803877866673],[100.92706736856428,13.257769125045115],[100.92709826297454,13.257408502300564],[100.9271255484054,13.257138851376965],[100.92715166741556,13.256867515123758],[100.92719380604939,13.256506807842982],[100.92727379804739,13.256156546187697],[100.92737012173382,13.255903319582558],[100.92748580782381,13.255655596828376],[100.92763630667025,13.255325137345267],[100.92778680461743,13.254994679660797],[100.92793267735124,13.254662560928466],[100.9280606229994,13.254324364577826],[100.92816427616049,13.253976748728007],[100.92824623857314,13.253620824041832],[100.92840766688039,13.251677005089789],[100.9285446426212,13.25061852732324],[100.92879774062328,13.249734282411225],[100.929392891269,13.248644097247336],[100.92992800227552,13.247692192740544],[100.9303707259283,13.246578305044807],[100.93032112741815,13.24533369999034],[100.93012754744842,13.244549991189217],[100.93010281159553,13.243167369878279],[100.93056074638139,13.241569834880011],[100.93075591455386,13.239812666621333],[100.93117634221448,13.238461295852176],[100.9313565249837,13.237800625998148],[100.93153670685359,13.237350168175794],[100.93165684188978,13.236028823971083],[100.93221863937879,13.234856774420678],[100.93262589017274,13.233708132424397],[100.93279914996089,13.232500253883643],[100.93272914043752,13.230933827334297],[100.93320946474506,13.229473950662339],[100.93392283397168,13.228247298773852],[100.93440223737343,13.226891364844676],[100.93461127489047,13.225615431007384],[100.93453770315256,13.224474945862084],[100.93454344982041,13.223668265677986],[100.93509194813498,13.222520811686138],[100.93572647739506,13.22087787891104],[100.93611239896808,13.219441310867865],[100.93626383041152,13.218026853556523],[100.93639036322475,13.216818199800116],[100.93639814685707,13.215758441398975],[100.93619153930814,13.214647096086651],[100.93592128943601,13.213806233570892],[100.93570341338187,13.21290883517463],[100.93500309241887,13.212420435854483],[100.93446652091325,13.211933054566884],[100.93421515590478,13.211056013224493],[100.93444621242281,13.209940336777152],[100.93484238356922,13.20878048203366],[100.93515549423074,13.207689039617549],[100.93550282499541,13.2067701887932],[100.93548685933115,13.205768225323368],[100.93558443307518,13.20527378795498],[100.93584683906045,13.204699023141472],[100.93633722138571,13.203424350153682],[100.93623001860055,13.202111267121325],[100.93559377343394,13.200897083433688],[100.93509287443669,13.198785985185111],[100.93478631533623,13.197413401207541],[100.93437581619105,13.195798704446702],[100.93406671200921,13.194760540566563],[100.93353279889959,13.194018939822286],[100.93275378995548,13.193046457927721],[100.93206753798654,13.192212232408622],[100.93137921577824,13.191701127005445],[100.93061789559948,13.191511418617097],[100.93015494619385,13.191398543807793],[100.92972838335828,13.191147563709137],[100.92928160466238,13.185488619304408],[100.92916055681428,13.183946290089239],[100.92907585956334,13.182701942240897],[100.92893140775834,13.181629765101604],[100.92843642090418,13.180405449651857],[100.92715790960989,13.17872608444128],[100.9268224013328,13.178136614812956],[100.92643083201733,13.177086626646542],[100.92612301386606,13.175909476141442],[100.92603388835334,13.175275224771838],[100.92588924319409,13.174249365415903],[100.92579295637989,13.172993801223015],[100.92565848974755,13.17216331058836],[100.92540774257333,13.171206032632369],[100.92491129791813,13.170084523182254],[100.92433187641501,13.169113891193149],[100.92378678023579,13.168257105281214],[100.9234977714051,13.167713600002685],[100.92298672086054,13.167007941563327],[100.92240594677708,13.166231633283303],[100.92170697569645,13.165525121387304],[100.92100607377137,13.16516206777527],[100.92018512134632,13.165075570980889],[100.91957543405908,13.165025903222897],[100.91858124612764,13.164604028553129],[100.91732649222388,13.162994459726576],[100.91632683821308,13.161719647343887],[100.9155562019572,13.161207968173244],[100.91456150500949,13.160866292345588],[100.9136020650833,13.160536776251263],[100.91300972212105,13.159749227345003],[100.91247842693792,13.158582750893288],[100.91210488003622,13.157539371844564],[100.91167035999916,13.156883954930606],[100.91093803756047,13.155957351050972],[100.90999297419648,13.155248110611865],[100.90963196564275,13.154854248025174],[100.90927227729384,13.154332709586924],[100.90880724056177,13.153754337592659],[100.9081968149311,13.152264192438565],[100.90778178230346,13.151293416557962],[100.90720671172045,13.149826731118821],[100.9068396237497,13.148718894061744],[100.90638926215479,13.147724652171007],[100.90561983458775,13.147062665709484],[100.9045798073123,13.146514529821729],[100.90368352227676,13.145620745800841],[100.90252683404623,13.144967265127207],[100.90146233801653,13.144533401595254],[100.90100629720291,13.144369569400169],[100.90029630672922,13.14363820923603],[100.89981060357655,13.142690532442145],[100.89936201814271,13.141547128097557],[100.89881783297665,13.140563728433392],[100.89862292740622,13.139952830658672],[100.89862576296866,13.139572075690808],[100.89907675229034,13.138930423800048],[100.89950411012666,13.138288944579188],[100.89989599240619,13.137681623408241],[100.90022823344628,13.137188846188337],[100.9003831155884,13.136867976176234],[100.90058623556638,13.136373894939368],[100.90064437313936,13.135989343033827],[100.89984057977898,13.135723007011222],[100.89904442885739,13.135475817555005],[100.89842634370086,13.134999097730201],[100.89806832089636,13.134236883625306],[100.89802722727478,13.133464421745714],[100.89809349202108,13.132486678817202],[100.89823977574514,13.131796436556328],[100.89829601934588,13.130564568599993],[100.89825737188028,13.129435080364715],[100.89826777883496,13.128088314124454],[100.89827827122531,13.126752843369047],[100.89819281224857,13.125681318238321],[100.89801162044,13.124827415552829],[100.89767800433651,13.123938484273651],[100.89715537142331,13.123278029357607],[100.8965610886234,13.122743505608355],[100.89556902758864,13.122045833148718],[100.89470763355052,13.121175466574584],[100.89412667420669,13.120422791578619],[100.89342764107283,13.119830282241765],[100.89255036770538,13.119443569265343],[100.89158911114862,13.119379456596675],[100.8907676856802,13.1193617642341],[100.8900530223292,13.119286796748327],[100.88938581080657,13.119086072564244],[100.88891910133555,13.118725708824456],[100.88844243007412,13.118192560138596],[100.88788378470895,13.117566238990776],[100.88718468772322,13.116962410786698],[100.88623962166128,13.116299373917002],[100.88522455327058,13.11560069241807],[100.88452390225632,13.115169724703094],[100.88371947577326,13.114506776866335],[100.88285690002596,13.113775335763194],[100.88202880158798,13.113181472047359],[100.88121269201218,13.112496004287209],[100.88073650458608,13.111871319905561],[100.88041516063123,13.110993562702788],[100.88023099566396,13.110496671983867],[100.87943884672546,13.109777128911446],[100.87927763785274,13.109419033261815],[100.87918750599869,13.108933881393568],[100.87912335016256,13.108150277813138],[100.87911781303671,13.10734478023744],[100.87892329327542,13.106697700938184],[100.87859977206188,13.106062859613303],[100.87814713967879,13.105425569434544],[100.878059586181,13.104595814445304],[100.87807074137169,13.103178979326458],[100.87792629136533,13.1021417561372],[100.87773561620577,13.10101222743242],[100.8775772096206,13.100262072336818],[100.87724379406592,13.099384395173729],[100.87686226298308,13.098621175626818],[100.87623708127632,13.09756937262847],[100.87570746242949,13.096275097118109],[100.87544563560766,13.095260190605359],[100.87512619281961,13.094094310404159],[100.87505170197454,13.093160516444755],[100.87496791843472,13.091835880721362],[100.87482168597211,13.091016715249282],[100.87469005040555,13.089841560339778],[100.87428947258115,13.088537302354666],[100.8740152728866,13.08763659085605],[100.87370526308746,13.086724841078592],[100.87330080288979,13.085973075297261],[100.87248765388216,13.084976850401347],[100.87161744468938,13.083749428693238],[100.87118323042182,13.082260119009334],[100.87112066638571,13.081223422822745],[100.87112694815022,13.080451728964192],[100.87113455191809,13.079473272873315],[100.87116388330662,13.078701410841461],[100.87129876632508,13.077942342565109],[100.87151447771106,13.0773566761697],[100.87181283319575,13.076726349441515],[100.87247391673793,13.076131804039562],[100.87348393723397,13.076036356292832],[100.87433573280788,13.076583773622303],[100.87517325434226,13.077453282243255],[100.87580166821249,13.078102867053701],[100.87649953492564,13.078868314221381],[100.87754817590763,13.079763394165354],[100.87816538782243,13.080378030421798],[100.87899483524353,13.080786628400233],[100.87968687524915,13.08078046084961],[100.88005168343852,13.080633190569358],[100.88092245740552,13.080259667949349],[100.88145285686392,13.079988043913147],[100.88245325281542,13.07953448702699],[100.88378486637856,13.078761038591097],[100.88465765302834,13.078123121584838],[100.88548280528727,13.077587229067433],[100.88609641271933,13.077119535738007],[100.88659160911556,13.076766815336327],[100.88706388539003,13.076355513096473],[100.88732385421258,13.076138955448471],[100.87854147440959,13.071213831752971],[100.87804036766892,13.070946994808025],[100.88268507465654,13.063294647330167],[100.89533778581023,13.070524767604013],[100.89734255541464,13.071670350106615],[100.89920805240973,13.068434282715998],[100.89729856417745,13.067335949694382],[100.88477900124997,13.060134723738543],[100.8858237067987,13.058447120738094],[100.88799585012845,13.054938276380426],[100.88824349644028,13.05453823095462],[100.88884741457656,13.051963628418775],[100.90512282515829,13.056481357428765],[100.90633913844056,13.051674029632807],[100.89041124568251,13.047156302421456],[100.89284386864966,13.038815877350885],[100.91451983222453,13.045105277086918],[100.91512439067816,13.044089584566734],[100.91751500901051,13.040073131369979],[100.91784062024851,13.040041159571899],[100.91807095101365,13.040160949268454],[100.9185089091589,13.039573614630683],[100.91869970842487,13.039137240191508],[100.91884352710713,13.038735107439322],[100.91889467155193,13.038194699425901],[100.91905125341265,13.037654638550805],[100.91954839594177,13.037047658222889],[100.92076702767622,13.035639970108605],[100.92166681287318,13.034575834707027],[100.92220023944952,13.033819451806323],[100.92286493556838,13.032753667947475],[100.92308185924048,13.031971389967737],[100.92333446441404,13.031109762105871],[100.92353942710292,13.030420213222328],[100.92396890823858,13.029410403167617],[100.92463857401106,13.02772207891087],[100.9251404595646,13.026540006416212],[100.92582207822636,13.02476007991379],[100.92617303955421,13.023357693302955],[100.92651304264285,13.021805128903623],[100.92685490193224,13.020045804070662],[100.92712276140639,13.018700524409724],[100.92733013158039,13.017653949170494],[100.92755317603832,13.016101123967758],[100.92783550920143,13.014467644865988],[100.92799656429008,13.013317477619523],[100.92808860630419,13.011958816046558],[100.92804012655068,13.010680281369957],[100.92796943803921,13.009136417911407],[100.92788618959605,13.007681899400211],[100.92768348690345,13.006647409250604],[100.92750450742716,13.00555173642357],[100.9273495065745,13.00435307503443],[100.92710991728893,13.00346459791291],[100.92663970855574,13.00240158756327],[100.92626260483542,13.001751925411099],[100.92610371171696,13.00150909496881],[100.92590063490644,13.001208388656266],[100.92577446811725,13.000870959427289],[100.92570704504413,13.000606529068136],[100.92565716594549,13.000338579661786],[100.92562154919517,12.999977883172846],[100.92557356856537,12.999620102285917],[100.92546290878624,12.999276343628424],[100.9253143218985,12.998944729415769],[100.92514364586265,12.998624574364669],[100.92500788330722,12.998387199209901],[100.92487844478444,12.998148083867022],[100.92474212015276,12.997912408430977],[100.92459345502397,12.997682471568851],[100.92437061920879,12.997396031201902],[100.92416930956603,12.997211675578399],[100.92394770402336,12.99704724173688],[100.92371468158734,12.996896449711414],[100.92350368984347,12.996726287188437],[100.92333840434395,12.996507206942113],[100.92322015698471,12.996262356622537],[100.92314615806879,12.996003622569162],[100.92310461478621,12.99573278543977],[100.92306583062367,12.995371546659612],[100.92304547896572,12.995010171182514],[100.92302927857838,12.994739146994107],[100.92299495685182,12.994471079776588],[100.92292856889839,12.994115693784295],[100.92284894472306,12.993762101040204],[100.92275753493237,12.993411419401525],[100.92265492498484,12.993064774819572],[100.92253650495581,12.992722200569176],[100.92240429562179,12.992384247934751],[100.92229953359669,12.992132519600148],[100.92219277597587,12.991883065650995],[100.92204621616003,12.991551432552626],[100.92189362908778,12.991222667392208],[100.92173931531721,12.990893915721699],[100.92158615357818,12.990565155957256],[100.92143930597922,12.99023352375815],[100.92130135717196,12.989897871589562],[100.92119688832582,12.989646140556999],[100.92108467811545,12.989398985274988],[100.92096155822941,12.989156430025275],[100.92082839291606,12.988918469411885],[100.9206428169125,12.988606328219532],[100.92050047581637,12.98837351712416],[100.92035899537137,12.988140134959338],[100.92022152860073,12.987904463120515],[100.92008635510126,12.987667080771189],[100.91994716612885,12.987431986297167],[100.91979767002653,12.987204876903604],[100.91957628211981,12.986917289901044],[100.9193357071772,12.986643967944815],[100.91914696915734,12.986444826567549],[100.91895222366622,12.98625081312457],[100.91868789942708,12.985997436332696],[100.91841530412307,12.985754852304638],[100.91820314326048,12.985580738160593],[100.9179881279498,12.985410034245717],[100.9177021075663,12.985181670297891],[100.91742207936551,12.984945919318761],[100.91721363180375,12.984767822077401],[100.91700661236536,12.98458802062072],[100.91680016219777,12.984407084219583],[100.91659542973537,12.984225005679491],[100.91632283083402,12.983981289405051],[100.91604736939064,12.983739853811244],[100.9157710445981,12.983498422714092],[100.91556601356075,12.983314650750572],[100.91536528577939,12.983128587314525],[100.91517027408895,12.982936832069186],[100.91498356673827,12.982738802253948],[100.91474873936289,12.982462606963793],[100.91452878497552,12.982172744676461],[100.91432113691098,12.981872623822596],[100.91417077206353,12.981643821005605],[100.91402356383645,12.981413299584176],[100.91382997217556,12.981105731444416],[100.9136942437944,12.980870043417838],[100.91356969218759,12.980626926991135],[100.91340391655757,12.98030333742912],[100.91322151066424,12.979989471337092],[100.91301503081905,12.979691034913401],[100.91285006457889,12.979473071625023],[100.91268051179622,12.979257966382079],[100.91250981507596,12.979043999680869],[100.91234142511672,12.978830014993264],[100.91211574204794,12.978543580921553],[100.91188491575633,12.978262267589628],[100.91164578062831,12.977986665851972],[100.9113983465565,12.97771790255922],[100.91120848258544,12.977520457303285],[100.91101633793369,12.977325853005766],[100.91082304035109,12.977131256802124],[100.91062745579251,12.976938936782574],[100.9103571618536,12.976693500105],[100.91014331206424,12.97652277910305],[100.9099234314213,12.976354362164159],[100.90962426384874,12.976136816161159],[100.90931601402286,12.975936849206278],[100.90899478877856,12.975772564652175],[100.90863628843402,12.97570514877367],[100.90826281527677,12.975676253556287],[100.90789642158268,12.975631491600097],[100.90753169343299,12.975578241842413],[100.90716991595889,12.975496726392862],[100.90682392158675,12.975369903098624],[100.90659896786815,12.975215640589397],[100.90640729895773,12.975007472716754],[100.90626028228627,12.974687127009361],[100.90623392855304,12.974328049300084],[100.90622708291363,12.973958661762879],[100.90620479141808,12.973678638958063],[100.90612913055497,12.97342499236953],[100.90593937720058,12.973241098997562],[100.90567537222068,12.973139657269428],[100.90530797398389,12.973113538259213],[100.9049407286318,12.973069906750823],[100.90459025113921,12.972958930410357],[100.90427122923393,12.972780500419788],[100.9040568011805,12.972608647171398],[100.90386322570737,12.972414045571782],[100.90363269619206,12.972132157573071],[100.90346458772063,12.971915904795196],[100.90328246421439,12.971712181372141],[100.90302933293742,12.971449662971622],[100.90276504736909,12.971197394144497],[100.90256148042806,12.971014163572818],[100.90235103906923,12.970836066331458],[100.90205593283508,12.970620740754612],[100.90182128442478,12.970478408651672],[100.90157580098247,12.970350276843874],[100.90132408433908,12.970235748181267],[100.90106617496406,12.970139905632209],[100.90080204857571,12.970059926224678],[100.90053256402666,12.969994672316318],[100.90017088278006,12.969924441559783],[100.89980258971781,12.96989380165769],[100.89943079739345,12.96989538626309],[100.89906537316847,12.969939291165417],[100.89874346623805,12.970100938907251],[100.89845376762736,12.970332399220922],[100.89818058236801,12.970576732430288],[100.89789226331737,12.970800272414692],[100.89757572174221,12.970986171274831],[100.89724604466926,12.971149004323138],[100.89688979442855,12.971225602279787],[100.89661457670144,12.971202189329631],[100.89634095976754,12.971161816065035],[100.89606735092758,12.971122572348861],[100.89579155043975,12.971098031648864],[100.89542479611748,12.97111877990784],[100.89511628458894,12.971300664194359],[100.89493844905024,12.971510404981245],[100.89475765294338,12.971709433943261],[100.89468211708612,12.971965316246383],[100.89464325827981,12.972234488730692],[100.89459934168633,12.972596340848497],[100.89451553656284,12.972939276626391],[100.89424314540491,12.973175127430238],[100.89392538974499,12.973353686023813],[100.8937767201196,12.97357394708007],[100.89368624742247,12.97383502296799],[100.89359010989574,12.974184825969019],[100.89340699983325,12.974497415923054],[100.89298271498035,12.97449005317344],[100.89279321523475,12.974148258635296],[100.89273232843425,12.973789993013838],[100.89265834570614,12.973527855925852],[100.89254214340525,12.973281277109322],[100.89231222183162,12.97300219769329],[100.89210749116785,12.97281670622607],[100.89189307840292,12.972645971734266],[100.89158656426861,12.972444838358626],[100.89127263522397,12.972253361903199],[100.89092615971458,12.972137817006683],[100.89056531213953,12.972178285599455],[100.89024613195346,12.972359112283243],[100.88995313642818,12.972574772407881],[100.8897935274494,12.972796240354285],[100.88958601158521,12.972966651090132],[100.88932250393049,12.973044825558304],[100.88894226157618,12.973053518405209],[100.88867074455925,12.972776713374685],[100.88853227144722,12.972440475747419],[100.88842667844852,12.972187037801575],[100.88828440660012,12.971958159441556],[100.88808427686791,12.971771500654256],[100.88788529107336,12.97158370332528],[100.88769258974128,12.971389082839949],[100.88749959792818,12.971193899378989],[100.88728090888691,12.971028275734398],[100.88703971431141,12.970895579867147],[100.88678434462184,12.970792361078622],[100.88651794744538,12.970716335990176],[100.8861557320015,12.970651738586923],[100.88587992162115,12.970626058445873],[100.88560496559677,12.970599241561786],[100.88523778859314,12.97056405288879],[100.88487141288545,12.970520385407497],[100.88450589962764,12.970476711630965],[100.88423013511272,12.970457242207999],[100.88395388226593,12.970449073665861],[100.88359148066235,12.970398031743798],[100.88333270344157,12.970301048854367],[100.88308297879649,12.970182532597846],[100.88291783538983,12.969975279335699],[100.88282429780315,12.969715538941045],[100.88279463276615,12.96944742675737],[100.88281677857151,12.969175550911018],[100.88286649489288,12.968816481295619],[100.88288346959649,12.96854633844282],[100.88284545165635,12.968277720840206],[100.88270471315207,12.96794544922318],[100.88267014860855,12.967676808238139],[100.88271710940711,12.967410967742012],[100.88287941275473,12.96708780086135],[100.88305903794429,12.966770159415375],[100.88323173835408,12.966450872210032],[100.88339720911398,12.96612768284632],[100.88355458957273,12.965801164192442],[100.88370068443908,12.965467381714348],[100.88382687011404,12.965128661058884],[100.88388911758875,12.964866096793003],[100.88392481527808,12.964596382916795],[100.88395820081035,12.964325554780601],[100.88399015911858,12.96405643265831],[100.88402327035772,12.963787302442086],[100.88406704755624,12.963519788307622],[100.88411889796885,12.963253347064381],[100.88417796544081,12.962989112757384],[100.88425825421513,12.962636600998394],[100.88431950703966,12.962280271617317],[100.88436576366911,12.961921227182927],[100.8843902234301,12.961650464697243],[100.88440258641032,12.9613797894458],[100.88443904762403,12.961020248585669],[100.88446772070881,12.960659072758062],[100.88448170876393,12.960298002151148],[100.88449493509324,12.960027320604411],[100.88451132973415,12.959756616574623],[100.88452946096589,12.959487028603519],[100.88455651886829,12.959217377679863],[100.88456906171291,12.958855752191255],[100.8845343964453,12.958496728441332],[100.88442626016382,12.958248389651487],[100.88425503644083,12.958035532713723],[100.883992782441,12.957780967018039],[100.88379866377738,12.957587480577843],[100.88360369525441,12.957395695654895],[100.88333230144463,12.957150797671204],[100.88306719029868,12.956899075631895],[100.88281237459148,12.9566376750887],[100.88258188104902,12.956355196235393],[100.88238261556529,12.956051028432285],[100.88223957029999,12.955717075982307],[100.88222000464958,12.955451150050578],[100.88226838457837,12.955182473992011],[100.88233656038403,12.954827225596034],[100.88239867925569,12.954470889919662],[100.88245647508631,12.954114021844703],[100.88249996270315,12.95384594563393],[100.88254345032004,12.953577869423157],[100.88260066968519,12.953221005844796],[100.88264473736479,12.952953489911692],[100.88268678516704,12.952685423593493],[100.88271903305701,12.952416299672564],[100.88273917427352,12.952145568663127],[100.8827643993576,12.951784980992102],[100.88279365700174,12.951424365442165],[100.88281820939289,12.951127615247287],[100.88283913571757,12.950872802238109],[100.88294996366994,12.950112105289463],[100.8833324399402,12.949274422776455],[100.88362734202826,12.949046332222508],[100.88406192321924,12.948934729953862],[100.88437989561572,12.948787819402412],[100.88471119506568,12.948421628055712],[100.88450465766385,12.943546922152791],[100.88460860580255,12.942280798120407],[100.88435110382045,12.940816183819891],[100.88414412844884,12.940250521044732],[100.88388197157576,12.939315814273471],[100.88373667530738,12.938450309434302],[100.88345367124998,12.937192628237256],[100.88261294183388,12.935366165416269],[100.88202091813093,12.934601043803184],[100.88124295419902,12.933615821213209],[100.88026638488583,12.93264106493325],[100.87957931903043,12.932025754185247],[100.87874215812417,12.931131331645702],[100.87772920763689,12.930294660869947],[100.87682147872835,12.92943463200271],[100.87618093839967,12.928877725027064],[100.87545962276346,12.928146279427324],[100.87477283389921,12.927564844342157],[100.87382840725525,12.926877925975532],[100.87283664029877,12.926329179448146],[100.87203036930617,12.925941790181525],[100.87114168713919,12.925623907717238],[100.87000867805813,12.92513152080312],[100.86882732142379,12.92471969156054],[100.86827655411975,12.924691999636138],[100.86751418623078,12.92470875130789],[100.86692765198961,12.924750228939956],[100.86638730692874,12.924885150629223],[100.86596386384133,12.925019235049717],[100.8653402793305,12.925267730321536],[100.86479666793196,12.925816180972049],[100.86434484943533,12.926550394685023],[100.86400947605654,12.92737755063348],[100.86361591923935,12.928202862072453],[100.86328085882462,12.92899499122592],[100.86297269263571,12.929453633778223],[100.86241712205259,12.929944546703496],[100.86184137967598,12.930084233001025],[100.86145046776494,12.929131200744393],[100.86134087817902,12.9282541189325],[100.86120854383927,12.927182871692196],[100.86101692259297,12.926271350342574],[100.86074133884176,12.92553102933357],[100.86040529456875,12.925102966428824],[100.86003120807385,12.924903395175591],[100.85965674656165,12.924808898012259],[100.85925939280679,12.924655815413587],[100.85876816332012,12.924502267865421],[100.85839553732427,12.924188572644539],[100.85832999203558,12.923658026596684],[100.85847769758772,12.92276103469402],[100.85868159997591,12.922220661754181],[100.85873504758445,12.921427153040725],[100.85860058005278,12.920688082988704],[100.85834575265443,12.920260566871718],[100.85802131413243,12.919842583568425],[100.85754193771032,12.91965505513673],[100.85719100336217,12.919547959370902],[100.85679486009479,12.919245726009478],[100.85649402787715,12.918748486353593],[100.85635925187802,12.91804443860002],[100.85642173767309,12.917537839699605],[100.85629929857384,12.916788511980315],[100.85630520172373,12.91602810461336],[100.85656946211105,12.915316703103429],[100.85676287390754,12.91460354521746],[100.85669796443955,12.913923858299484],[100.85643275796548,12.913415065952563],[100.85629638477042,12.912883892177945],[100.85631540902898,12.911950528993771],[100.85647386867419,12.911261347033587],[100.85647810268233,12.910742731391963],[100.85637694963657,12.910223734437864],[100.85648729735095,12.909647875149346],[100.85678449990479,12.9091091021034],[100.85730346358406,12.908733705296299],[100.8579879178082,12.908231722615938],[100.85866666673337,12.906958116224132],[100.85894114611705,12.906384479160408],[100.85935605823556,12.905800804763373],[100.86006530856719,12.905149505845088],[100.86066612044516,12.904785950411338],[100.86134006429262,12.904111174691025],[100.86215723776638,12.903104342291613],[100.86276051378672,12.902452662960059],[100.86331745403731,12.901765159134811],[100.86418128074155,12.900839336766012],[100.86518471640159,12.899948669795322],[100.86611982696849,12.898930819801535],[100.86720734204528,12.897810196183684],[100.86816469014838,12.896919850270933],[100.8691808269337,12.895960163031134],[100.86996121633712,12.895125307087312],[100.8705181314067,12.894438922918027],[100.87977430643917,12.883752438224519],[100.88612675224789,12.875312343090229],[100.8913200079121,12.866748324975276],[100.89218681676823,12.865250737031943],[100.89232323403007,12.865015319701286],[100.89250511471931,12.864700487737366],[100.89268699990521,12.864386221447035],[100.89282341177108,12.864150238442789],[100.89295953585395,12.86391425813656],[100.89314113055877,12.863599993644868],[100.8932775424247,12.863364012439263],[100.8934133778252,12.863128033032353],[100.89354978789248,12.862892049128789],[100.89368591107598,12.86265606882256],[100.89382203156157,12.862420087617011],[100.89395815474512,12.862184107310725],[100.89409427612998,12.861948127004496],[100.89423068529794,12.861712144000307],[100.89441228000277,12.861397878609239],[100.89454839958904,12.86116189740369],[100.89468480875701,12.860925914399502],[100.89486668944625,12.860611647209794],[100.89504856923617,12.860297379120823],[100.89523073680914,12.859983110132475],[100.89541290438211,12.859668839345488],[100.89559535883882,12.859354568558558],[100.8957778123962,12.859040295972932],[100.89596055913256,12.858726586362934],[100.89614359275265,12.85841287495424],[100.89628086077317,12.858176884755494],[100.89641813958553,12.85794202500449],[100.89660233243177,12.857629434151136],[100.89674191440787,12.857395122986588],[100.89688323927015,12.857162492654936],[100.89707320756253,12.856852685203307],[100.89726404010344,12.856542870557064],[100.89745458396192,12.856233060407476],[100.89764426537062,12.85592325295579],[100.8977855884342,12.855690622624195],[100.89792487723133,12.855455747584756],[100.89810819863453,12.855142599151691],[100.89828718440612,12.854827220399955],[100.89846182555289,12.854508485378346],[100.89859129375327,12.854269161392722],[100.89871873398243,12.854028158372842],[100.89888673543453,12.853706646244802],[100.89901128164541,12.853463967787945],[100.89913352289381,12.853220743442591],[100.8992945842777,12.852895325558904],[100.89945304032562,12.852568234036823],[100.89956921474754,12.852322228088383],[100.89968423264128,12.852075664560346],[100.8997975148435,12.851827984973568],[100.89990849028464,12.851579755901071],[100.90005569041784,12.851248790998966],[100.90020201820863,12.8509167019443],[100.90034719306857,12.850584620983511],[100.90045585635272,12.85033527944961],[100.90056365179117,12.850085380336111],[100.90067144633025,12.849835480323236],[100.90077837841949,12.849585585706279],[100.90092066555633,12.849252396780741],[100.90106266491011,12.848919208754523],[100.90120379102217,12.848584898374384],[100.90134463025055,12.84825058889362],[100.90148489301345,12.847916283010079],[100.90162515487708,12.847581978925234],[100.90176484117455,12.847247678437668],[100.90186945930816,12.846996669560724],[100.90197436612414,12.846745660683723],[100.90207927024221,12.846494651806779],[100.90218388837582,12.846243644728474],[100.90228850740874,12.845992639448809],[100.90239341242608,12.845741627873849],[100.90253309692497,12.845407327386283],[100.90267306830754,12.845073024200758],[100.90281159627818,12.844738166133482],[100.90292934001707,12.844395551413641],[100.90304955958959,12.84415233965882],[100.90320821888423,12.843929750257814],[100.90342106413084,12.843640110103024],[100.9035414204003,12.843300300368639],[100.90365251994791,12.842954909441573],[100.90373461995682,12.842695589929576],[100.90382017426168,12.842436247934529],[100.90394513326135,12.842096404025881],[100.90404656869424,12.841843725107879],[100.90415032078073,12.841592724324812],[100.90429143969823,12.841258412146033],[100.90439894105833,12.841008513931797],[100.9045078858303,12.840759169699993],[100.90465420192993,12.840427078846687],[100.90480167006109,12.840094981698087],[100.90491234063205,12.83984562397643],[100.90502330708,12.839597394903876],[100.90516962317963,12.839265304050571],[100.90531535831718,12.838932653818972],[100.90545849801134,12.838599456799557],[100.90556426188124,12.838348440727998],[100.90566800677317,12.8380968742714],[100.90580335743903,12.837761473912963],[100.90590219922717,12.837508813880731],[100.90599785831455,12.837253917234534],[100.90612079833625,12.836914087715002],[100.90620895617843,12.83665698503188],[100.90629423169349,12.8363993382589],[100.90640735471572,12.83605562456745],[100.90652018455893,12.835711350598388],[100.90663244063467,12.835367080226604],[100.90671655872228,12.83510887767261],[100.90680010304237,12.834850677816576],[100.90691149397031,12.83450641374003],[100.90702259621588,12.834162150562861],[100.90713340258452,12.833816761434434],[100.90724363698433,12.833471938878915],[100.90735358360104,12.833127119920675],[100.90746294925577,12.832781739785503],[100.90757231670909,12.83243635965033],[100.90765354707361,12.832177047332891],[100.9077350643218,12.831917734116189],[100.90781600780258,12.831658423597446],[100.90789695038399,12.831399114877286],[100.9080048726268,12.831053179860419],[100.90811192702387,12.830706686364522],[100.90821869723516,12.830360761240172],[100.90832517876407,12.830014837015142],[100.90840496391803,12.829754970715385],[100.9084841744052,12.82949510801285],[100.90858949221138,12.829147497559006],[100.90869453032838,12.828801019351602],[100.90879899287927,12.828454544741476],[100.90887733012477,12.828193559685076],[100.90895538768103,12.827933705076475],[100.90903286157737,12.827672726315313],[100.90911034536623,12.827412877102631],[100.90918781836319,12.82715189744215],[100.90926501257036,12.826892050028164],[100.90936716296426,12.826544462057313],[100.90946931335816,12.82619687498584],[100.90954534743992,12.825935906117195],[100.90962166840535,12.825674934550648],[100.90972237898467,12.825327358271011],[100.90979783660094,12.825066393899021],[100.90987300733349,12.824805430426295],[100.90997313605146,12.824457293869045],[100.9100724023196,12.824109161808394],[100.91017137990531,12.823761032445759],[100.91027006521142,12.823412340107438],[100.91036846813034,12.823064214342082],[100.91046658056831,12.822716092173948],[100.91056382695911,12.822367409728201],[100.91066078466753,12.822018729980471],[100.91073307127431,12.821757224216583],[100.91080535788103,12.821495716654056],[100.9109014522403,12.821147044100826],[100.91099668235108,12.820798376943571],[100.91109162467882,12.820449711584956],[100.91116044709702,12.820187100554278],[100.91122408672226,12.819923961621555],[100.91130201837353,12.819571466050377],[100.91135584999256,12.819305574292855],[100.91140651240067,12.819039141143492],[100.91146915827511,12.818682801869841],[100.91152748020909,12.818325365423334],[100.91158291891662,12.81796738308833],[100.91163662732856,12.817608848569535],[100.91168889682518,12.817250325742009],[100.91174174098859,12.816891799317148],[100.91179544940053,12.816533265697728],[100.91185204373687,12.816175840942378],[100.91191209506718,12.81581895578023],[100.91197645594872,12.815460909593355],[100.91209882669955,12.815123908441649],[100.91243569834887,12.815102253666112],[100.91278211000645,12.815238700605619],[100.9129301330193,12.814982856073982],[100.91283242617561,12.814736142359152],[100.91269301596998,12.814493122159888],[100.91254258007609,12.814162057433066],[100.91239845742291,12.813828686844488],[100.91226783359372,12.813491263910748],[100.9121621767431,12.813144056353167],[100.91210911044715,12.812786297949344],[100.91210322078706,12.812425373032568],[100.91210951244409,12.812153048424477],[100.9121284692535,12.811880630286907],[100.91217411434394,12.811521590349173],[100.91225032019616,12.811169672142682],[100.91232578230904,12.810909837319173],[100.91241132132546,12.810650494424806],[100.91252787885855,12.810306191677455],[100.91263405821525,12.809959703577533],[100.91272495359379,12.809609373573778],[100.91278771817872,12.809345112287133],[100.91284471361269,12.809079196247978],[100.91289595158696,12.808813324275548],[100.91293882856417,12.80854525256143],[100.91298072797827,12.808185674829076],[100.91300995684412,12.80782562495267],[100.91303169795458,12.807464498587763],[100.91303933140006,12.807102909971377],[100.91301934037034,12.806742087577334],[100.91296684244588,12.806383196027696],[100.91290670028405,12.806117566872274],[100.91283067159827,12.805844145091271],[100.91265684433796,12.805539800121721],[100.91231760207575,12.805474476066252],[100.91212408415919,12.805765108173262],[100.91181705381405,12.805811398976914],[100.91161731258899,12.805505545844312],[100.91152256271613,12.805153739153809],[100.91151579261981,12.804789994862404],[100.91148630834653,12.804429240816887],[100.91137493540498,12.804086592822046],[100.91126511918998,12.803836011123053],[100.91114069079032,12.803594008956395],[100.91100479423591,12.803357738169154],[100.91088150437798,12.803114033585814],[100.9107753007396,12.802769652597419],[100.91069694101105,12.802415466300772],[100.91064042671439,12.802057732178639],[100.91062505010603,12.801697440384601],[100.91062980212371,12.801334742904089],[100.91061912627174,12.801063669252983],[100.91060211109863,12.800791513717456],[100.91056026744246,12.800432543027512],[100.91040937918956,12.800116166028261],[100.91016166812653,12.800012890582479],[100.90989419715953,12.799922752433133],[100.90958340405092,12.79973576539328],[100.90941123064385,12.799420670827374],[100.90936048459872,12.799064023985579],[100.90934076696288,12.79870037412303],[100.90932711165692,12.798338939290659],[100.9093229531918,12.797977435210498],[100.90932742282234,12.797615304302894],[100.90932441998604,12.797254357802444],[100.90928871869949,12.796984596262178],[100.90923489967093,12.796716659446304],[100.90912383070031,12.79637513740272],[100.90893902001983,12.796062958438824],[100.90878964532595,12.795832433420117],[100.9086775574234,12.795584690880844],[100.9085486638898,12.795245557436601],[100.90843842589271,12.794899508205788],[100.90834917177693,12.794549918344103],[100.90828030709054,12.79419453235181],[100.90823828356997,12.79392594442686],[100.90820402839324,12.793656737768288],[100.90816649878496,12.793296605154239],[100.90814479274803,12.79293579265277],[100.90813689490182,12.792574315552258],[100.90813906226799,12.792211636957518],[100.90815994632453,12.791850515988585],[100.90815550817024,12.791489579380652],[100.90813505219097,12.791218575876599],[100.90809274718259,12.790950556323139],[100.90801939757722,12.790687279794156],[100.90788439584827,12.790453825683585],[100.90764289280531,12.790179338205917],[100.90745861002688,12.789975049109273],[100.90730126644036,12.78975531235784],[100.90714570081349,12.789427666853385],[100.90703001742145,12.789083916289769],[100.90695885136995,12.7887279808117],[100.90686271204459,12.78838070040905],[100.90669108902262,12.788060513881646],[100.90649051502533,12.787755790297524],[100.90626419523647,12.787471587443861],[100.90605651029978,12.787292886757371],[100.9058479701078,12.787115321015278],[100.90567658810414,12.786903593625993],[100.90554643641894,12.786663887428517],[100.9054443939437,12.786411550252865],[100.90535985857065,12.78615287285686],[100.90528107076489,12.785893023644178],[100.90518517155846,12.785535905557651],[100.90509796789695,12.785192743150617],[100.90502402923562,12.784892567438078],[100.9049474438695,12.784576962057201],[100.9048835902056,12.784313050606841],[100.90480461264281,12.783989369313986],[100.90472676462855,12.783644082708292],[100.90462656486415,12.783195278739186],[100.90456702165079,12.782930206264041],[100.90450862956965,12.782665125695019],[100.90443402541001,12.782310343147856],[100.9043640203833,12.781954962551538],[100.90429143070503,12.781600165615203],[100.90420649693237,12.781249411131455],[100.90413001858553,12.780990109605909],[100.90403860160023,12.780734306443151],[100.90394029670739,12.78048081094073],[100.90383940176702,12.780227334324081],[100.90368923117313,12.779849935626089],[100.90321854669861,12.778713366129011],[100.90248076807308,12.777186679721524],[100.90193791570232,12.776249470136975],[100.90115209529301,12.774838363699587],[100.9003758589588,12.773784201779563],[100.89720565881419,12.770223274984176],[100.89440534443116,12.767321708629993],[100.89294756677685,12.766400072605336],[100.89256255531774,12.766248049407977],[100.89228228699801,12.766095274377449],[100.89188606099299,12.765828089394859],[100.89144335083006,12.765501356702316],[100.89118900277032,12.765119045007964],[100.8908177086704,12.764643794675408],[100.89031630155614,12.7643174792683],[100.88955890062283,12.76385176984337],[100.88892784544379,12.763581739405822],[100.88828640399441,12.763230436335618],[100.88753874901414,12.762913784143848],[100.88687237925694,12.762770539229052],[100.8863234843414,12.762558666149573],[100.88573946640332,12.762266825353777],[100.88509771468784,12.761950540085422],[100.88432639944386,12.761701834372218],[100.8838706041451,12.76154917175694],[100.88325149466078,12.761336661058124],[100.88239764413601,12.761133730837059],[100.88163738155998,12.760978713796646],[100.88077121571911,12.760822188593181],[100.88020872485282,12.760794556923315],[100.87975214174799,12.760768429819223],[100.879342341376,12.760764567231035],[100.87901395123293,12.760796278225712],[100.87874337760485,12.760863730976439],[100.87836733418516,12.761027967866482],[100.8778845889027,12.761317241997176],[100.8772280487355,12.761335466758453],[100.87678224940134,12.761366878278864],[100.87634621940254,12.761708920130616],[100.87608468755832,12.76214462637347],[100.87576438142111,12.762648538998917],[100.87544230182084,12.763302730136957],[100.87516750317781,12.763969011760537],[100.87505744144784,12.764497417421921],[100.87478335057125,12.76502585635825],[100.87432291567006,12.76549347864119],[100.87379271855917,12.765788733263491],[100.87318000505326,12.766211111553616],[100.87290759141229,12.766576845145323],[100.87252839407017,12.767057446444028],[100.87227789331018,12.767585716307792],[100.87206234560085,12.768171360220151],[100.8718004864034,12.768642090560093],[100.8714688856806,12.769099758247307],[100.87104409810672,12.76940781921553],[100.87071586084835,12.769462116683371],[100.87011812555113,12.769457876379931],[100.86945089604205,12.769395377095009],[100.86889054556229,12.769113499888135],[100.86813210591203,12.768739247918006],[100.86747826820755,12.768423004018473],[100.86676581089353,12.768118470191268],[100.86627474418418,12.768022517025599],[100.86572439056823,12.767925851596829],[100.8651268594171,12.767909736645095],[100.86428273685885,12.767937164168814],[100.86345255559104,12.767746434150638],[100.86277561340387,12.767417912706549],[100.86213370430704,12.767078974415199],[100.86151483674035,12.766821217924928],[100.8608361309827,12.766723186425963],[100.86011008041595,12.766683108138977],[100.85965580766947,12.766345100645935],[100.85916699556043,12.765927117342642],[100.85862011512626,12.765438362790235],[100.85825813980136,12.765286123755629],[100.85755696538172,12.765026677439266],[100.85706703631473,12.76477026183818],[100.85642522344534,12.764442603743191],[100.85588970414659,12.764011384218065],[100.85528551171706,12.763396482661619],[100.85478714071405,12.762770668731434],[100.85452212309758,12.762180499430542],[100.85432758175256,12.761625990047435],[100.85427421058642,12.761015127346298],[100.85466713158291,12.760281371388203],[100.85535244735763,12.759630298199738],[100.85586122981198,12.759000802445144],[100.85612400991516,12.758415964325366],[100.85622460358263,12.757609692433391],[100.85601935940599,12.756928717686208],[100.85538264839056,12.755955886854736],[100.85467598271049,12.755017439803055],[100.85396841770836,12.754112891796581],[100.85328147595942,12.753590079018977],[100.85276796217175,12.753331558104946],[100.85166863989588,12.753081658991391],[100.85067326485932,12.753038916013224],[100.84978248817134,12.753055318748011],[100.84869118425081,12.7531962730896],[100.84794051744097,12.753328063339495],[100.84715482023881,12.753391175062745],[100.84658148175004,12.753294625646504],[100.84614808496622,12.753210655047724],[100.84544501117836,12.753239290361023],[100.84492866632496,12.753303905750727],[100.84468136355412,12.753486405173533],[100.84439772187744,12.753736948201663],[100.84392654907106,12.754079185206308],[100.84345609482295,12.754282447277149],[100.84275350576974,12.754219555887857],[100.84237014906319,12.753813227798275],[100.84203373696744,12.753372676008269],[100.84170860956476,12.753059717332121],[100.84132353785105,12.752813836389464],[100.84080964275086,12.752660367082342],[100.84036530931161,12.752496245305508],[100.84003944176686,12.752239780241723],[100.83983916904248,12.752001649656449],[100.83968729243463,12.751750632685571],[100.8396036518871,12.751465484644427],[100.8395090459058,12.751115893883423],[100.83942644767251,12.750755485177535],[100.83942334321279,12.750405256797194],[100.83954102130116,12.75016434820617],[100.83970947061562,12.749940598679757],[100.83988839883062,12.749733723132863],[100.84005893367294,12.749520126952348],[100.84027233380124,12.749225449694791],[100.84047445822972,12.748923505915116],[100.84066385635197,12.748612612981731],[100.84083448112648,12.748292245690664],[100.84097681143078,12.747958518970506],[100.84109663440222,12.747616474420795],[100.84120030734834,12.747269456620188],[100.841286679137,12.746917476360522],[100.84136037498138,12.746563325137402],[100.8414111048387,12.746296329911729],[100.84145463202572,12.746028254600333],[100.84149808187107,12.745669794725302],[100.84152030142081,12.745399608705043],[100.84153387938511,12.745128354290159],[100.84154018812922,12.744766762076438],[100.84153239640301,12.744405268788171],[100.84151518697638,12.744134228411951],[100.84148245794916,12.7438655550514],[100.84142376189715,12.743507804741455],[100.84135069737687,12.743152415151883],[100.84125667685419,12.742803949442759],[100.84112016606286,12.742468773015503],[100.84095008357957,12.742146822917618],[100.84077484888024,12.741828298337339],[100.84058242364,12.741520062001314],[100.84036020925629,12.74123067365673],[100.84010625689831,12.740969188577253],[100.83989123259437,12.740798947813232],[100.83965511918848,12.74065653567061],[100.8394099271265,12.740532262853719],[100.83915281814808,12.740431235713004],[100.83889064418793,12.740346060022716],[100.83862227479818,12.740279570445864],[100.83835112560405,12.740226656135349],[100.8380761758749,12.740205404256074],[100.83770787741668,12.74020739805303],[100.8373399926466,12.74018679008833],[100.83706443407641,12.740161022713096],[100.8367908342297,12.740127331411259],[100.83642947583968,12.740054140985876],[100.83619369878022,12.73991850163759],[100.8360072207567,12.739715859199578],[100.83585452306784,12.73948925612433],[100.83574943458882,12.739240855281309],[100.83564765471556,12.738892440833524],[100.8355329686716,12.738549764959714],[100.83550276494071,12.738191250226066],[100.83552838033057,12.737832347884591],[100.83545906958045,12.73747749339168],[100.83543174457941,12.737118958872884],[100.83549305406126,12.736762068314874],[100.83555847974009,12.736497230562804],[100.83560375700785,12.736231405355113],[100.83559375744602,12.735961442366715],[100.83555211164071,12.735692263587168],[100.8354727491681,12.735339739237645],[100.8353322300984,12.735005715741238],[100.8351679005782,12.734681460680918],[100.83498952904358,12.734365212284786],[100.83482511408778,12.734148857883554],[100.834638073988,12.733947346792661],[100.83438184544588,12.733687565029129],[100.83413593122833,12.733421496105223],[100.83400891368046,12.733083987735881],[100.83394448714841,12.732727403846638],[100.83398681014324,12.732370644589651],[100.83418460793337,12.732067608133661],[100.8344693305952,12.731848705953041],[100.83471464856223,12.731591662625192],[100.83493092831975,12.731298098728303],[100.83513823194392,12.730996690045231],[100.83533282634892,12.730688588607507],[100.83546895043179,12.730452073204674],[100.83559035441141,12.730209446009155],[100.83573817058016,12.729878507187379],[100.8358781860295,12.729543104130983],[100.83602619105591,12.729198606230739],[100.83613084156514,12.728947056861216],[100.83626970858023,12.728612225773645],[100.83637522783454,12.728361233983833],[100.83648392619227,12.728112479707249],[100.83660069776403,12.727865929668951],[100.83671834077887,12.727620503783271],[100.83684971284401,12.727284029634291],[100.83692091756637,12.727023108429762],[100.83697971614106,12.726757186994632],[100.83706753943545,12.726406328189569],[100.83716457988152,12.726057098956005],[100.83728007441596,12.72571339155985],[100.83742442189958,12.725380781797696],[100.83755665641462,12.725044302252797],[100.83766119360928,12.724697280854855],[100.83775967926584,12.724349171277254],[100.83785902917094,12.724001056303734],[100.83792560867994,12.723737341804906],[100.83798556018553,12.723471978848806],[100.83803160457495,12.723113500088004],[100.83803712911026,12.722841734858207],[100.83801590960661,12.722571850110853],[100.83793827563096,12.722219314070117],[100.83783822155675,12.721869756584056],[100.83773530673909,12.721522479778685],[100.83762034190534,12.721179805703514],[100.83749274069748,12.7208406084074],[100.83735366144236,12.720505444570676],[100.83719078342796,12.72018174529137],[100.83698864101302,12.719879219650295],[100.83674986381521,12.719603498302831],[100.83645886208689,12.719387455966341],[100.83610792324214,12.719278598428616],[100.83576712605208,12.719139727816241],[100.83551181301982,12.718885022725658],[100.83532198412234,12.718573936438077],[100.83523267874517,12.718318079315964],[100.83517207163385,12.718051856607929],[100.83511492421445,12.717786739166741],[100.83505748631399,12.717521059649243],[100.83495372703294,12.717175480763899],[100.83484277407484,12.716829952240573],[100.83473728539747,12.716483821171437],[100.83460954659336,12.716244613198398],[100.83447406192846,12.716008283955205],[100.83434762444335,12.715669642440105],[100.83429277659042,12.715403942238197],[100.8342396509392,12.715137667369504],[100.83415655987739,12.714785166402351],[100.83405796180557,12.714436726773556],[100.83394501055386,12.714092906062831],[100.83381254131581,12.713755434565712],[100.83373125519336,12.713493872144511],[100.83370113869665,12.713226309446668],[100.83381523388601,12.712887695810537],[100.83397390127459,12.712666279125528],[100.83415627389297,12.71246051514072],[100.83441828957245,12.71220731281727],[100.8346939200884,12.711967008570639],[100.83497622896988,12.711735132770229],[100.83526287977816,12.711507179812543],[100.8355501178437,12.711280917580325],[100.83583822735238,12.711055780399988],[100.83605568342313,12.710888188139393],[100.8362754669393,12.710723968336538],[100.83656647586224,12.710502199117229],[100.83684790970335,12.71026919556698],[100.83705347224003,12.710088127864879],[100.8372558412841,12.709903127427424],[100.83752277355723,12.709654406425784],[100.83772398067725,12.709467718860196],[100.83792200059992,12.709278228107792],[100.83816692286524,12.709009322722125],[100.83838463704143,12.708718009828317],[100.83858383777397,12.708412702584212],[100.83876426425945,12.708097355308723],[100.83888449642245,12.707853040985128],[100.8389888465581,12.707600928639977],[100.83908512437904,12.70734661115722],[100.83916410643843,12.707087330316085],[100.83925018774602,12.706735352754379],[100.83931243162345,12.706469408836199],[100.8393412890693,12.706201436047479],[100.83932237272938,12.705931535112313],[100.83927211141889,12.705663546135781],[100.83921094043262,12.70539902314647],[100.83912909762984,12.70514029179111],[100.83898974408146,12.704805695426558],[100.83881597257914,12.704486024210723],[100.8386066877485,12.704188631000591],[100.83841425711233,12.703994502444402],[100.83821982998126,12.703802647374346],[100.83800539743123,12.703509243556766],[100.83783306934072,12.703190127222626],[100.83769830593212,12.702853237586908],[100.83758592574992,12.702508284629687],[100.83752245609651,12.702243776029491],[100.83748772517845,12.701974549585827],[100.83748060344715,12.701704002038127],[100.8374967705596,12.701431597390354],[100.83756097405978,12.701077511817743],[100.83769924482436,12.700741556577611],[100.83783449116891,12.700505046570697],[100.83797118362327,12.700269658917648],[100.83811984785274,12.699938715599274],[100.83824167990969,12.699597224132617],[100.83830997532516,12.699332366595513],[100.83831839927478,12.699063407250492],[100.83822671339215,12.698715487429865],[100.83810542092851,12.698371160400768],[100.83799075017305,12.698027351381199],[100.83791952566565,12.697764591063049],[100.83787387158196,12.69749656971095],[100.83788883540149,12.69713661156544],[100.83810778614549,12.696858284882012],[100.83843870338353,12.696707418212839],[100.83880473914746,12.696719571650988],[100.83917123266633,12.696755447406019],[100.8395379447204,12.696741607739057],[100.83977962043321,12.696622992557138],[100.84000167743551,12.696457062243667],[100.84029876667478,12.696243157595688],[100.84060428705828,12.696041623122483],[100.84090661035185,12.695835591139655],[100.84113537629662,12.695682605667741],[100.8413699653517,12.695539183586504],[100.84167577621616,12.695338210290231],[100.8419766462053,12.69513049207859],[100.8421969837039,12.694965702105492],[100.84240630540671,12.694789123819078],[100.84270194763684,12.694574661591389],[100.84300281043141,12.694366377706217],[100.84330105709819,12.694154156589093],[100.84352777978324,12.693997231187325],[100.84376354515155,12.693857752633221],[100.84411851925432,12.693772809867312],[100.84448561981554,12.6937736498341],[100.84480675332907,12.693943154053386],[100.84506461144275,12.694194445317464],[100.84515247430733,12.694450308734815],[100.84525412377883,12.694702684581273],[100.84539376421088,12.69503727644917],[100.845594725816,12.695337546590565],[100.84583862285422,12.695607577028113],[100.84612819915714,12.695828706829388],[100.84629458722549,12.696042217574359],[100.84642004714749,12.696284825884049],[100.84652313193703,12.696536627963042],[100.84666207089793,12.696773491403576],[100.84687919871612,12.696921684388258],[100.84715437057781,12.69698021676362],[100.84743038870153,12.696996937858444],[100.84770637265103,12.697008575985024],[100.84807553086114,12.697015043909175],[100.84844293539322,12.697017571004153],[100.84869875564311,12.69710561013585],[100.84894226057691,12.697241189229544],[100.84918177342018,12.697381315295502],[100.84942832435775,12.69750049075509],[100.8497856933551,12.697587257346072],[100.8501531185716,12.697592605614318],[100.85050066157635,12.697474374442891],[100.85074367817828,12.697343314442435],[100.85097998044182,12.697198742128307],[100.85126664204194,12.696976425221919],[100.85143049941809,12.696760049236957],[100.8515567552401,12.696515689047885],[100.85170857159335,12.696185848298285],[100.85186558692737,12.695858796346442],[100.85207402999254,12.695561889669534],[100.85224016265346,12.695342107951944],[100.85242486721393,12.695144229222876],[100.85274817708677,12.694977582149761],[100.85311432526595,12.69492644310094],[100.85346873279582,12.694843186563844],[100.85368680040557,12.694564855383817],[100.85378557834184,12.694221260402912],[100.85408626307066,12.694029348675542],[100.85444617265279,12.693951136435828],[100.85472246776771,12.693927174899272],[100.85499780240673,12.693929205568452],[100.85526438844084,12.693994568294727],[100.85551972755343,12.694095599032721],[100.8557540800868,12.694238580446154],[100.85599099838595,12.694378153429113],[100.85622906691799,12.694517717418762],[100.85647500631654,12.694631805413565],[100.85687937208542,12.694495375561189],[100.85661968385136,12.694191288697084],[100.85629898740842,12.694003718896568],[100.85596705213783,12.693813402566548],[100.8556328119048,12.693622539448711],[100.85530545957937,12.6934293650732],[100.85500473887765,12.693219057713407],[100.85487702795251,12.692904726671827],[100.8549443907711,12.692553441588132],[100.85477645227149,12.692245606349729],[100.85456915943922,12.692065151085899],[100.85434704038369,12.691902877415885],[100.85403979240255,12.691704476180689],[100.85372400266067,12.691518563830698],[100.85348993341375,12.69137444927145],[100.85326240583544,12.691220120212449],[100.85296255118084,12.691009802960082],[100.85264846205695,12.690819922801268],[100.85234179144061,12.690621517069417],[100.85207075556099,12.690378231570207],[100.85187774036547,12.690182422181067],[100.85169502870269,12.689979196083073],[100.85146914508505,12.68969379443314],[100.85126672837686,12.689391278684639],[100.85108522720151,12.689076754288806],[100.85092292295457,12.688751363384768],[100.85075317501907,12.688431107609574],[100.85057420543529,12.688227855431251],[100.85036290792192,12.688049681747486],[100.85013451429649,12.687894225837908],[100.84987949174518,12.687796010877264],[100.84951253507552,12.687773710388456],[100.84914537156169,12.687802817845807],[100.84877722508895,12.687814983874432],[100.84840919462869,12.687803422190257],[100.84813263781103,12.687790659011739],[100.84785854783377,12.687760930122863],[100.84749864274823,12.68767925998992],[100.84715565840696,12.687550584092207],[100.84691479208402,12.687420632955877],[100.84668298643072,12.687270281598273],[100.84645517466663,12.687115382369029],[100.84623307179891,12.686954229254354],[100.84594890671673,12.686724022595627],[100.84567958764291,12.686477894339419],[100.84541854682851,12.686222669440667],[100.84515922012196,12.685965737628749],[100.84489532396009,12.685713356386316],[100.84463514289757,12.685457560418115],[100.84439668675776,12.685182404744239],[100.84417911287579,12.684890721329793],[100.84396925787502,12.684592204866419],[100.84376113316983,12.68429424238542],[100.84357557605205,12.684093852749129],[100.84336088809459,12.683923041814978],[100.84302952119549,12.683768858446115],[100.84267301644661,12.683679248198814],[100.8423131572265,12.683603220412351],[100.84194593705541,12.683583733902253],[100.8416697417652,12.68358056379202],[100.84139358244795,12.68358247844867],[100.84102451057277,12.683585600894787],[100.8406655929428,12.683520296624465],[100.84039032125639,12.683285500725333],[100.84027712359045,12.682945637031594],[100.84031749055981,12.682678150776098],[100.84047990991996,12.68246122620468],[100.84074477285304,12.682208566172449],[100.84090803757596,12.681989376208776],[100.84106437032449,12.681766279590192],[100.84128610986613,12.681477762688644],[100.84150842857116,12.681189807863404],[100.84172495744087,12.680896808740783],[100.84195217835043,12.680610513164709],[100.84217565358358,12.680323679794014],[100.84231318870275,12.680087153599288],[100.84238639621526,12.679826218904907],[100.84237093057402,12.679555728913783],[100.84225696758506,12.679309649221011],[100.84210402168333,12.679083045246387],[100.84195164775042,12.678855873799591],[100.84178844058414,12.678424707334443],[100.84160808964168,12.678124986678824],[100.84136451456078,12.677864748059733],[100.84116396304654,12.677450157898534],[100.84114565105102,12.677183642910848],[100.8411434072425,12.676911365966816],[100.84107051179473,12.676575177802249],[100.84092101299439,12.676347419997512],[100.84072406236567,12.676041466140816],[100.8405380007282,12.675729788099318],[100.84043799521737,12.675383619258696],[100.84057355182802,12.675071973592765],[100.84088199500815,12.674880024993229],[100.8410487517985,12.674667025063229],[100.8412007210365,12.674437744706211],[100.84135790004711,12.674212946570265],[100.84153738404308,12.674009463266145],[100.84183997263671,12.673803995158323],[100.84216393092072,12.67360967774448],[100.8424433655689,12.673384598120776],[100.84258863395837,12.673063846819105],[100.8426352539139,12.672786146963176],[100.84263474040102,12.67251442400152],[100.84256891542316,12.672161240448929],[100.84246943421709,12.671808288022135],[100.84237400265818,12.671458133386182],[100.84227455112966,12.671109136177733],[100.84224154061468,12.670838767595114],[100.84233932659868,12.670595740201293],[100.84260909533356,12.670347001213202],[100.84287801780636,12.670100526717988],[100.84318875425765,12.669908560132001],[100.84353950694276,12.669801054275297],[100.84390220082599,12.669753911813643],[100.8441218215649,12.669892489247047],[100.84428397742369,12.670120157119584],[100.84441056689423,12.670362760932733],[100.84450014926256,12.670619177433139],[100.84456456230475,12.670975760423062],[100.84463556737757,12.671328908002749],[100.84474608326519,12.671576142425067],[100.84489302259499,12.67180786983738],[100.84510800732875,12.672101265561025],[100.84534273398003,12.672379837759365],[100.84554086272072,12.672569405853437],[100.84576522018881,12.672726026385078],[100.84610962455957,12.672855261661027],[100.84644491160344,12.672996423745985],[100.84667989995745,12.67327103802802],[100.84678640396942,12.673519992853414],[100.84689406810679,12.673770069133411],[100.84703498557616,12.674004096112185],[100.8471950828868,12.674224996586361],[100.8473632012508,12.674441324007944],[100.84754818280243,12.674642280217085],[100.84782463170143,12.674881579021701],[100.84813242197373,12.675078857003712],[100.84847174697359,12.675221117160902],[100.84873528340665,12.675305151611497],[100.84900579138423,12.6753586315956],[100.84936855181729,12.675319953553071],[100.84971046956258,12.67518369097462],[100.85003342600186,12.675010838579396],[100.85025375810449,12.674848304105979],[100.85046768883285,12.674675644165688],[100.85077899455501,12.674483100214957],[100.85102694213975,12.674360482150576],[100.85128341170014,12.674262659294357],[100.85155102296142,12.674194136350366],[100.85182368481526,12.674147609024999],[100.85209695281219,12.674105596296272],[100.85237207431186,12.674081082575924],[100.85274087818902,12.674083033205477],[100.85310653264042,12.674126808605365],[100.85346217044287,12.674217541206588],[100.85380630501703,12.674348462711407],[100.8540505707773,12.674472736427674],[100.8542874800832,12.674614008229923],[100.85453517315977,12.674734868119742],[100.85478313963023,12.674853464415889],[100.85500838742718,12.675012895328905],[100.85523019891463,12.67517460872125],[100.85557054644363,12.675298775418185],[100.85594042321202,12.675329523238929],[100.85631125056381,12.675293040441488],[100.85665502181189,12.675174830853791],[100.85695704922853,12.674972740599571],[100.85717122906902,12.674795557069331],[100.85738398618207,12.674620640730041],[100.85766390466551,12.674384809711228],[100.85793309963287,12.674138320826899],[100.85818838658486,12.673877805216591],[100.85837362264465,12.673676529748093],[100.85855306527179,12.673469646107321],[100.85878577384443,12.673190081057442],[100.85901211341837,12.672904911432568],[100.85917940710402,12.672689073242168],[100.85934583474256,12.672472676572795],[100.85956783238959,12.67218414708077],[100.85973281211966,12.671966630755435],[100.85989518741303,12.671746873319591],[100.86005467678194,12.67152600522104],[100.86021098255088,12.671302334834934],[100.86040956544912,12.670998150844014],[100.86059340935839,12.670685032088613],[100.86072283888797,12.670444601936879],[100.86084332735771,12.67020084519288],[100.86095746211726,12.669953743870224],[100.86106553544619,12.669703860045161],[100.86120521364973,12.669369582040645],[100.86130694226165,12.669117483185346],[100.86140521118159,12.668864278163937],[100.86153190857078,12.668525007123435],[100.86166032636305,12.668185158718131],[100.86178528895999,12.667844769820306],[100.86188373414706,12.667497224117653],[100.86193983025902,12.667140934306701],[100.86196663095529,12.666870152035926],[100.86199717462995,12.666599909358354],[100.86202772639854,12.666330795329998],[100.86205626008837,12.666061130916489],[100.86209103777122,12.665700471299772],[100.86212323529912,12.665340960117248],[100.86215168355341,12.664980344567311],[100.86218848381156,12.664620801009221],[100.86225031130289,12.66426164685754],[100.86226843444075,12.663905057572379],[100.86218992632411,12.663551404573695],[100.86205773677517,12.66321281701795],[100.86193199716399,12.662970218600776],[100.86180798964705,12.662728170568641],[100.86169258414549,12.662482676334491],[100.86158032357315,12.662234333048104],[100.86143523324949,12.661901483166957],[100.86131266284917,12.661659427041002],[100.86115514119689,12.661436820552865],[100.86096786907194,12.661237020871852],[100.86075718669485,12.661061675555914],[100.86046848633163,12.660837727279329],[100.86027721672025,12.660641908897048],[100.86011941717743,12.660420434655407],[100.85999770383103,12.660177240886981],[100.85989977395548,12.659921453912034],[100.85978251944778,12.659578804118553],[100.8596031091962,12.659272743242582],[100.85933590622716,12.659037908672587],[100.85899972705585,12.658890554755374],[100.85874380967914,12.658783877174244],[100.8584834568461,12.658700392209369],[100.85821038939804,12.658688175818725],[100.85793228664579,12.658695766996118],[100.85756338744045,12.658677438812788],[100.85720327011489,12.658600863339245],[100.85687762560201,12.658438178679035],[100.85659491022699,12.658205711124708],[100.85630363960132,12.657983469761348],[100.85598703957027,12.657798689657852],[100.85563563307807,12.657693239651337],[100.85528764221095,12.657582680596306],[100.85506873913107,12.65742320561651],[100.85486431783409,12.657237641304164],[100.85460500911393,12.656979586238947],[100.85442832740546,12.656771232206665],[100.85426965821819,12.656548065440916],[100.85407840299598,12.65623360759497],[100.85386346142968,12.655945301134807],[100.8535679469033,12.655732124937686],[100.85322637899424,12.655594403658824],[100.85295254622309,12.655555634784776],[100.85267551995935,12.655552478164395],[100.85230744003638,12.655567466265609],[100.85194031609279,12.655595442375841],[100.85157383336576,12.655632451276631],[100.85120762493199,12.655667763156771],[100.85084354789149,12.655719441798851],[100.85047580791229,12.655741769267308],[100.85010470806589,12.655737004659102],[100.84975231861466,12.655654150119005],[100.8495245284343,12.655498120441962],[100.84933869972127,12.655297169628739],[100.84913231160698,12.654997501133835],[100.84894710342616,12.654682997422469],[100.84882138360001,12.65444095478631],[100.84873410259684,12.654183957323824],[100.84865159159773,12.653830325009551],[100.84860817143004,12.653472467680274],[100.84861591819015,12.653110299900447],[100.8486389893979,12.652838978036471],[100.84870354902961,12.652576972249506],[100.84882982373745,12.652337134751008],[100.84895579537374,12.65209503995419],[100.84910587243814,12.651765213593762],[100.84927614287977,12.651443722150134],[100.84945883475746,12.651129489134689],[100.84960603399134,12.650799682559352],[100.84971975776068,12.650454857305874],[100.84978949299079,12.650192816445383],[100.84984251342132,12.649926370705487],[100.84989495109119,12.649658799014389],[100.84996094334292,12.649396218560696],[100.85009731114206,12.649160265234116],[100.85030313178419,12.648982579882215],[100.85054553504847,12.648852095447921],[100.85080193985772,12.648748628446469],[100.85115614504014,12.648645611106133],[100.85150190289056,12.648527965393328],[100.85177631302651,12.648288791594496],[100.85204810793391,12.64804624713662],[100.85238333112591,12.647903816108283],[100.85284256543213,12.647799835594014],[100.85320127531867,12.647770455642046],[100.85356188277473,12.647776090794025],[100.85402830086548,12.647819499270497],[100.85439201457984,12.64787854336015],[100.85475269038443,12.647955122431028],[100.85510661497835,12.648052647611621],[100.85536757035715,12.648141783016911],[100.85562402283045,12.648244506279013],[100.85595679986648,12.648400929859065],[100.8562764971627,12.648578346313684],[100.85658597636177,12.648774475861444],[100.85688920437332,12.648981381985266],[100.85718814891402,12.649192272105722],[100.8574808296766,12.64941224358023],[100.85777065599103,12.649635059610375],[100.85806447709399,12.649853327768938],[100.85836427958787,12.650063645920568],[100.85859147801438,12.650217412903316],[100.85882209476392,12.650366637410457],[100.85913612633124,12.650555386222152],[100.85945754582912,12.65073165604116],[100.85978635505631,12.650895445968104],[100.86012167267711,12.651044502302],[100.86046576318449,12.651173724088153],[100.86081691157125,12.651284254364896],[100.86108264235014,12.651356967250308],[100.86135203336971,12.651418354973146],[100.861715199397,12.651480782312319],[100.86208394481827,12.651518877594185],[100.86245026207001,12.651499934274568],[100.86279487688211,12.651383976589273],[100.86312735174596,12.651220085038915],[100.86337498007134,12.651096895905084],[100.86360806456059,12.650951775903764],[100.86385176374796,12.650683430795766],[100.8639822751619,12.650435084811363],[100.86415026042624,12.650237317598169],[100.86450524442154,12.650163090254466],[100.86477402660012,12.650220523658277],[100.86504402016544,12.65028585940496],[100.86540606024153,12.650351678986851],[100.86567738030692,12.650401751439745],[100.86594926694517,12.650450688048863],[100.8663110237348,12.650517073304343],[100.86658291217174,12.650566009913462],[100.86685423133775,12.650616080567715],[100.86712555140315,12.650666151221969],[100.86739743894071,12.650715087831088],[100.8677591984283,12.650781471287928],[100.86812153078409,12.650847849348793],[100.86839285084943,12.650897918204407],[100.86866473658836,12.650946853914206],[100.869026496076,12.651013233773767],[100.86938882933106,12.651079610935369],[100.8697508721051,12.651145424222022],[100.87011291397988,12.651211238407996],[100.87047524813426,12.651277611972262],[100.87074656010572,12.65132654858138],[100.87101845843517,12.651376612041076],[100.87138078269703,12.651441855157543],[100.87165210456106,12.651491920415822],[100.87192399209863,12.651540851629022],[100.87219530586873,12.651589787338878],[100.87246719430561,12.651638718552078],[100.87273851527033,12.651688782011718],[100.87301040460653,12.651737713224918],[100.87337272706975,12.651802388869214],[100.87364403634325,12.651850758006105],[100.87391592567951,12.651899687420666],[100.8741878141164,12.651948615935908],[100.8744591233899,12.651996984173536],[100.87482144675243,12.652061657119816],[100.87509332799476,12.652109456086578],[100.87536463816758,12.652157823424886],[100.87572695703352,12.652221930697579],[100.8760892758994,12.652286038869647],[100.87636057797835,12.65233327486078],[100.87663246371727,12.652381635903851],[100.87699477538865,12.652444612728743],[100.87726665213432,12.652491844223277],[100.87753795331395,12.652539078415771],[100.87790026498533,12.652602053442081],[100.87826256856277,12.652663898919855],[100.8786249746629,12.652700320563383],[100.87889935062458,12.652656582035661],[100.87917516190424,12.652651811132216],[100.87945104692835,12.652657208863161],[100.87972827284159,12.652649037623064],[100.88006410937123,12.65251391358629],[100.88030923128605,12.652246108970814],[100.88061792357837,12.652057510345855],[100.8809818783111,12.652030647596348],[100.88133931655625,12.652095913195865],[100.88169767121065,12.652168514565346],[100.8820560717304,12.652247327552175],[100.88241450642437,12.652330661430938],[100.88268392622228,12.652395981889129],[100.88295278484321,12.652463000267289],[100.88322164256482,12.652530017746187],[100.88349051467554,12.652598730447096],[100.88375937779313,12.652666312700205],[100.88402823731337,12.652733329279783],[100.88438641300263,12.652820615678934],[100.88474430990203,12.652909033425203],[100.88501118012192,12.652979453938713],[100.88527850539879,12.653033487005871],[100.88560408875776,12.652912550673705],[100.88574904058584,12.6525968697498],[100.88607838311094,12.652478732107852],[100.88644540902845,12.652439412848651],[100.88672257828443,12.652423891449473],[100.88699832031631,12.652449053580995],[100.88731481422735,12.65261797863684],[100.887469041663,12.652938318048996],[100.8875791996204,12.653289475429006],[100.88768616228663,12.65363613619877],[100.88779369422366,12.653982226798405],[100.88792159040912,12.654320265767694],[100.88807015121654,12.654651942932844],[100.88824134256396,12.654971032287335],[100.88844948885287,12.655269521771061],[100.8886576360411,12.655568012154106],[100.88882913315803,12.655889357907597],[100.88899718407282,12.656211292717046],[100.88920445262346,12.656507529398993],[100.88939002233172,12.656708448735969],[100.8895861725639,12.656900820016858],[100.88985292856984,12.657150310838233],[100.89005620772787,12.657334157445462],[100.8902440590162,12.657532235824078],[100.89047681705154,12.65781303744177],[100.89069269840934,12.658106384602036],[100.89089713139754,12.658407723137941],[100.89114501513041,12.658672033887285],[100.89143403385361,12.658897637815755],[100.89165613672139,12.659059317033893],[100.89188279555464,12.659214751359741],[100.89219258501987,12.659409136222735],[100.89243118325254,12.659545277392681],[100.89267348129619,12.659675742941261],[100.89291804563135,12.659801672309356],[100.89316488704998,12.659924196844258],[100.89349541578088,12.660083408322691],[100.89382878816809,12.660238080922738],[100.89416441605499,12.660386523019667],[100.89450259531856,12.660529860564679],[100.89484303817574,12.660668099852955],[100.89518630040749,12.660798408020185],[100.8954458654344,12.660890899695289],[100.89570881461015,12.660974327103588],[100.89597513444494,12.661046432946591],[100.8962459113198,12.661099299593047],[100.89651889962755,12.661139722320399],[100.89679411285806,12.66116996112487],[100.89706928561907,12.661194548589606],[100.8973446661235,12.66120840444438],[100.897712942998,12.661220466151633],[100.89808063621246,12.661231401907742],[100.89844861181405,12.661241770191566],[100.89872480890284,12.661249402737781],[100.89900072720184,12.661258168429754],[100.89927722016762,12.661266927826489],[100.89955341725647,12.661274560372703],[100.89992168243975,12.661284924159986],[100.90028970390676,12.661301503161894],[100.90065579722733,12.661329394735844],[100.90101976904714,12.661381589588757],[100.90138156810497,12.661451313127657],[100.90165264355471,12.661505302128035],[100.90192286374923,12.661560426972187],[100.9022824261931,12.661638637413262],[100.90264171074642,12.661717981000095],[100.90300017331941,12.661802977725301],[100.90326906881256,12.661873363165228],[100.90353765134159,12.661940359959715],[100.90389771920445,12.662008962044013],[100.90426237900567,12.662037422888829],[100.90463080067099,12.662030266983265],[100.9049998923312,12.661997120670605],[100.90536541907886,12.661948747037115],[100.9056342399283,12.661892590670561],[100.90589973598406,12.661814992667814],[100.90616523203988,12.661737394665067],[100.9064346005764,12.661677845156476],[100.90679742126406,12.661613671333896],[100.90716055041912,12.661552319583905],[100.90752042492772,12.661479127359883],[100.9078752596356,12.661385634739304],[100.90822770394544,12.661280296248719],[100.90857808521054,12.661168193057733],[100.90892816969932,12.66105496211685],[100.90927796190846,12.660941166401756],[100.90962599144643,12.660822300308951],[100.90997460644297,12.660705124042295],[100.91023748097501,12.660623586109637],[100.91050388714473,12.660552756404627],[100.91086195941193,12.660469405438732],[100.91122209382462,12.660392815576017],[100.91149234819335,12.660336644820347],[100.91176379506317,12.660286113713198],[100.91212513007076,12.66021629484618],[100.9124826195773,12.660132380904713],[100.91283742460752,12.660035493343401],[100.91319075385024,12.659933531807098],[100.91354379441066,12.659831571170116],[100.91380812584441,12.659752845417529],[100.91407157324454,12.659671299390993],[100.91433442079693,12.659586368316297],[100.91459522868689,12.659498062985278],[100.91485602758365,12.659408627206403],[100.91513720242,12.659312831422085],[100.9154537457938,12.659143703119469],[100.91586578188037,12.658925150775133],[100.91618545219694,12.658746036400487],[100.91649697195777,12.658553987076914],[100.9167262370263,12.658402073596847],[100.91694939929539,12.658241729871975],[100.91723737120776,12.658016520745889],[100.91750850781142,12.657771096658848],[100.91777848608831,12.657524550217886],[100.91799207417495,12.657353541432826],[100.91821844882242,12.657199953415159],[100.91852850988289,12.657005653088447],[100.91884495343191,12.656818649860838],[100.91916285927857,12.656635026285471],[100.91948106459949,12.656453094334893],[100.91972109994884,12.656318612414054],[100.91996346544164,12.656188067725168],[100.92028867378332,12.65601964179308],[100.92062379625128,12.655869222087006],[100.92088017677878,12.655766820782219],[100.92112868374181,12.655649788407061],[100.92145415288689,12.655477970232198],[100.92176392166772,12.655283669006167],[100.92204290935285,12.655050612395883],[100.92230156966178,12.654791715565295],[100.922571839319,12.654546858950425],[100.92287376331359,12.654342444847998],[100.92312028187558,12.654075728412181],[100.92336100160901,12.653802839029822],[100.92360114217905,12.653529387571211],[100.92378023407059,12.653323601103352],[100.92395961014796,12.653117247163266],[100.92413840886053,12.652910898619098],[100.92431662571175,12.652703423224466],[100.92455415375127,12.652427165881022],[100.92479139041041,12.652150345562063],[100.92502804880547,12.651873532437605],[100.92526499678223,12.651596713917286],[100.9255016506807,12.651319332421281],[100.92567928387189,12.65111129584966],[100.92585720664482,12.650903256580079],[100.92609443880735,12.650626437160383],[100.92633167456717,12.650350181615636],[100.92656977457551,12.65007391977565],[100.92680816956141,12.649798784786128],[100.92704771478026,12.649523642602048],[100.92729565337174,12.649255782228636],[100.92748804623642,12.649060064570392],[100.92767206101684,12.648859325997137],[100.92788413104785,12.648564610068775],[100.92808405123805,12.648260378413795],[100.92827618869524,12.648069183446125],[100.92849177957203,12.647898717851604],[100.92868708444144,12.647708064275776],[100.92887484489825,12.647508425573449],[100.92911872844661,12.647237204433509],[100.92929635804057,12.647029166063191],[100.92945519000506,12.646807707110042],[100.92966232905331,12.646507940589061],[100.92982057735782,12.646285355684654],[100.92996784044357,12.646055506056825],[100.93012040503271,12.645727326355086],[100.9301796712549,12.645461395926702],[100.93018337736106,12.645189089305063],[100.93006149224414,12.644853294144241],[100.92984700213748,12.644557147394494],[100.92959678556326,12.644291198979715],[100.92942548269991,12.644077214292054],[100.92926732792489,12.643852399968353],[100.9291055722644,12.643531016443319],[100.92901379824826,12.643183137991457],[100.92896517909981,12.642913469980726],[100.92891513992186,12.642646070959472],[100.92885292302401,12.642288942081052],[100.92878996958149,12.64202559180768],[100.92869371963951,12.641770954166248],[100.9285454088436,12.641439303081427],[100.92837303129045,12.641120254196437],[100.92822748411118,12.640888569951585],[100.92805906357501,12.640675127555141],[100.92779173829814,12.640427941696203],[100.92750071498608,12.640204086949097],[100.92726803878901,12.640051552936882],[100.92702994327732,12.639905271011514],[100.92675155543998,12.639678499763022],[100.92656033708994,12.639377663048776],[100.9264585985855,12.63911967543271],[100.92636864569653,12.638860471933299],[100.92625504603359,12.638516140407603],[100.9261534963868,12.638167767328639],[100.92606630531577,12.637816466057131],[100.92601139810762,12.63755136120642],[100.92596538969104,12.637283931608181],[100.92591467332358,12.636925588645056],[100.92587228557755,12.636565490205271],[100.92583477485505,12.636203660570516],[100.92583580188079,12.635841554843921],[100.92595034133524,12.635505177821756],[100.92613895794659,12.635190298193777],[100.92635275197796,12.634896137147052],[100.92657781181663,12.634608671552996],[100.92680605795329,12.634324010045077],[100.92701985378329,12.634030413772621],[100.92719493469855,12.633713370375801],[100.92733709413164,12.633378488926155],[100.92744103057913,12.633124663372541],[100.92750146861795,12.632860984846616],[100.92750739964686,12.632501103143454],[100.92750297408304,12.632140730410413],[100.92749509242464,12.631779818084169],[100.92748817034283,12.631508716554094],[100.92747924187358,12.631238195985986],[100.92746675029036,12.630876187386207],[100.92745253740475,12.630514755251795],[100.92743746386793,12.630153330311998],[100.92742209715215,12.629791342396572],[100.92740701732004,12.629429351783187],[100.92739578388836,12.62915828172936],[100.92738541290652,12.628887205380295],[100.92737560759826,12.628614995885414],[100.92736667463237,12.628343909643775],[100.92735649430682,12.627983014404663],[100.92735465789121,12.62762262278585],[100.92740491290647,12.627266940017307],[100.92736808387002,12.626996054324479],[100.92728047911089,12.626742484178351],[100.92709209182664,12.626549519344906],[100.92686923712563,12.626400865907272],[100.92659737386975,12.626390401395952],[100.92633099917634,12.626460112344375],[100.92600903109195,12.62663360056024],[100.9256847544479,12.626805975415493],[100.92535316811427,12.62696258605456],[100.92500782485132,12.627087095393165],[100.92473702999001,12.6271427139651],[100.92446104604051,12.627158263243302],[100.9241825745662,12.627148972347243],[100.92391130306424,12.627102347895061],[100.92357691624176,12.626961274842984],[100.92325573956077,12.626779432824605],[100.92292949160282,12.626611184958278],[100.92260239108754,12.626444637709938],[100.92227472939533,12.626279786582927],[100.92201549981553,12.626189577387152],[100.92174725003559,12.626123720933037],[100.92138660300935,12.626047796568628],[100.9210229486502,12.625992794931562],[100.9206565792378,12.625959278997584],[100.92028811530434,12.625953457685966],[100.91992006595837,12.625964579601714],[100.91955301396047,12.625993770696027],[100.91918873906911,12.626048362242159],[100.91883277841004,12.626137916731523],[100.91857493468552,12.626233543443334],[100.91831857933903,12.626335937553506],[100.91796648306678,12.626442410988545],[100.91770106794996,12.626525665726945],[100.91749632919232,12.626684743206397],[100.9175471004184,12.627091107268825],[100.91751607470712,12.627404849254447],[100.91720625556428,12.627511582593513],[100.91683196222533,12.627611435219592],[100.9164228606266,12.627710407409438],[100.91599470958823,12.627800477210315],[100.91556326073595,12.627872493121117],[100.91514399140215,12.627918999762073],[100.91475206055918,12.627929720580198],[100.91440352830023,12.627897199296342],[100.9141141534455,12.62781397513487],[100.91389852569648,12.627669777838037],[100.91375714957286,12.627454999049007],[100.9136774048884,12.627173685717082],[100.91364730457951,12.626838914884047],[100.91365600821825,12.626462062973872],[100.91369124905196,12.626057341073476],[100.91374160658995,12.625635562631146],[100.9137829439278,12.62531553168651],[100.91382057066289,12.624999482040494],[100.91385837996035,12.624591917383157],[100.91387179784527,12.624191869259391],[100.9138293021806,12.623891647681432],[100.91375231032094,12.623477561140589],[100.913802844126,12.623156899771175],[100.91405523526095,12.622985619390874],[100.91437676177821,12.622868074402163],[100.91473532237728,12.622780201645014],[100.91511817366484,12.622710231691883],[100.91551171159625,12.622646397813071],[100.91590320716733,12.622578624004348],[100.9162796292016,12.622495140838112],[100.91662852029003,12.622383609615952],[100.91693368004536,12.622231154744043],[100.91712786615818,12.621968210964212],[100.91721769943734,12.6215958610602],[100.91729792885639,12.621208327902082],[100.91747194317571,12.620901466629448],[100.9177098678162,12.620757968105806],[100.9179669803919,12.620642010420511],[100.91831260784062,12.620517508276407],[100.91867150028958,12.620436408313651],[100.9190348839528,12.62037900009085],[100.91939556065665,12.620305795276295],[100.9197219246272,12.620143581860873],[100.91998058583545,12.619888645644551],[100.92013633042734,12.619562144077747],[100.92020397833102,12.619300671588746],[100.92025951056803,12.619034206063816],[100.92034114832541,12.618681686210891],[100.92041656817014,12.618421289311129],[100.92049947577027,12.618161968899813],[100.92060473062389,12.617814363841887],[100.92070336826589,12.617466240774434],[100.92082131884882,12.617124192627443],[100.92096060494799,12.616789334560167],[100.92107552481571,12.61654221165378],[100.92120459461643,12.61630289576209],[100.92135214458585,12.616073615405071],[100.92152021798375,12.615858307814676],[100.9217678490071,12.6155904582331],[100.92203547106021,12.615342236355161],[100.92224495733899,12.615165610404631],[100.92245937010392,12.614994031449442],[100.9226662474494,12.614814597815496],[100.92286790423043,12.614629555109957],[100.92306666069788,12.614441141745317],[100.92325962283337,12.61424712110778],[100.92350667559265,12.613979275123484],[100.92374388437281,12.613702460200443],[100.92397385990574,12.613420048796286],[100.92414164641991,12.613205308678118],[100.92430306303601,12.612984964884276],[100.92451105464153,12.612685764936145],[100.92470229187734,12.61237651596349],[100.92487967415769,12.612060590423937],[100.92504261422533,12.611736293095476],[100.92517554841288,12.611399219998077],[100.92525412667669,12.611138800615208],[100.92529238563515,12.610870763075297],[100.92526449496052,12.610602072627614],[100.92519954322438,12.610338166573172],[100.92509227658735,12.609992092161349],[100.92499878756405,12.60964252927937],[100.92487820826278,12.609400492039128],[100.92474757993693,12.609160784942333],[100.92463930695851,12.608910750930477],[100.9245534136092,12.608653775051721],[100.92448759043003,12.608388748442053],[100.92445539290213,12.608120652446189],[100.92447023891043,12.607759573745398],[100.92452710034547,12.607402148090728],[100.9245938633162,12.607138424598645],[100.92468108856144,12.606880767933148],[100.92479716495728,12.606635328557616],[100.92496377965477,12.606418338335686],[100.9250968928074,12.606182381411827],[100.92523547743542,12.605947515365585],[100.92544150672023,12.60565567277115],[100.92560929143571,12.605441497427194],[100.92579904838743,12.605242980179469],[100.92602888722342,12.605097273820206],[100.92629677457654,12.605040548182785],[100.92655657972244,12.605095165809303],[100.92673752241876,12.605294964590996],[100.9268824724482,12.605527224401953],[100.92704566612463,12.605853123422946],[100.92715594459122,12.606102011698511],[100.92726564389443,12.606350340595782],[100.92739425414157,12.606589496408162],[100.92754149024762,12.606819476437749],[100.92775449467428,12.607114511625468],[100.92795233023594,12.607304020364325],[100.92820210973963,12.607402203848665],[100.92846862832459,12.607354523592448],[100.92871326370624,12.607226221812709],[100.92900147843557,12.607003264589025],[100.92934864462433,12.606895688585212],[100.92962332455681,12.606862635802031],[100.92987996408914,12.606916708439371],[100.93005375087995,12.607120510103528],[100.93016461210721,12.607369958656705],[100.93024105088386,12.607630953605678],[100.93032408618768,12.607889642692896],[100.93046405936889,12.608224745375765],[100.93062638430024,12.608548952772026],[100.93081366721702,12.608749833438139],[100.93104711773037,12.608894453416326],[100.93139533702526,12.609003785796119],[100.93176186381902,12.609061580727428],[100.9321289985545,12.609085474814833],[100.93240591330232,12.609081777701931],[100.93268127492098,12.609062839778289],[100.93304703099574,12.609017826011893],[100.93341097943323,12.608962092326749],[100.93377372817508,12.608899587645908],[100.93404511838759,12.608849606923854],[100.93431562816374,12.608797373400137],[100.93467657826153,12.608725277449651],[100.935035455422,12.608645288149603],[100.93539106714411,12.60855176405272],[100.93565564319346,12.608475281209337],[100.93592020125635,12.608396538369618],[100.93627256013059,12.608291173798705],[100.93662051592412,12.608173978646221],[100.93696113774638,12.608037629732848],[100.93730028288184,12.607896205945224],[100.93764061242439,12.607759293156903],[100.93798093207442,12.607621250820102],[100.93832328599092,12.607486017066094],[100.9386653494264,12.607350220336457],[100.93899779281395,12.607197545130646],[100.93923574263545,12.607060810408143],[100.93946058124089,12.606901571950061],[100.93974006804979,12.606666806627857],[100.93992663330755,12.606466043772969],[100.94011610427486,12.606269216351279],[100.94038659426599,12.606023782371722],[100.94059489523829,12.605845457601845],[100.94080958859172,12.60567556037887],[100.94103415829983,12.605519147590655],[100.94126278574902,12.605366660343122],[100.94148501632048,12.605205180774533],[100.94170347513534,12.605039209991617],[100.9419916556904,12.60481398287908],[100.94227433059592,12.604583146694893],[100.94254888012676,12.604342766905233],[100.94281820189855,12.604095644898166],[100.94308723139068,12.60384796081479],[100.94335510615326,12.603599719151759],[100.94361545359038,12.603344753257829],[100.94380172926645,12.603144556076472],[100.94397787318036,12.602935393553594],[100.94414649786262,12.602720638146991],[100.94430615720347,12.602499168401948],[100.94452135777448,12.60220668369152],[100.944686805152,12.60199025644522],[100.94485194855866,12.601771570101903],[100.9450541359397,12.601469576859529],[100.94521011975127,12.601142497927981],[100.94529460835957,12.600791649015434],[100.94534291004732,12.600523538630455],[100.94535496905661,12.60025399742409],[100.94529247336902,12.599898569163713],[100.94516740555139,12.599558847562832],[100.94506471196695,12.59921162111948],[100.94500606178036,12.598946548644335],[100.94496693587547,12.598677378857985],[100.94500698538411,12.59834436530025],[100.94535338265257,12.598289875377475],[100.94562101279956,12.598353455647498],[100.94588338910717,12.598444753922308],[100.94622404240567,12.598581803407569],[100.94656103006753,12.598728481034641],[100.94690252962812,12.598863263329008],[100.94725920704684,12.598951613626127],[100.94762146925547,12.599017892761594],[100.94789518871204,12.599049791714549],[100.94817028143342,12.599073208261984],[100.94853690175665,12.599107253896705],[100.94881143330105,12.599132368364167],[100.9490865386129,12.59915747743571],[100.94945372640842,12.599190389025296],[100.94979256667369,12.599315583647297],[100.94999953844803,12.599495403989749],[100.95018109178403,12.599698570732528],[100.9503031180945,12.599939454142543],[100.95040653923047,12.600191772432424],[100.95056343675327,12.600518828880922],[100.95070916019966,12.600851051035249],[100.95081272073054,12.60119770371108],[100.95090465572537,12.601452362936243],[100.95102327990048,12.60169948494331],[100.95121335701089,12.601888465780121],[100.95147793216091,12.601965620417104],[100.9517509105761,12.602013336646223],[100.95202686664663,12.602036176728234],[100.95239493757634,12.602033488654627],[100.95267171742586,12.602013389706201],[100.95294460860686,12.601973548840249],[100.9533020126778,12.601891287852709],[100.95365433917647,12.601784208274637],[100.95400402166831,12.601669804617813],[100.95435107364318,12.601549770305724],[100.95469459218174,12.601419027765985],[100.95503168236633,12.601274775610477],[100.95536174974501,12.601114757440143],[100.95568743742535,12.60094573255958],[100.95601166190875,12.600773893700307],[100.95633006328188,12.600592494148316],[100.95655867903986,12.600440559983895],[100.9567803196561,12.60027907412001],[100.95707690077842,12.600064503973726],[100.95730869114323,12.599914241649003],[100.9575271508574,12.599750519171153],[100.95776520410095,12.599478193663742],[100.95798585726158,12.599186789938472],[100.95816604093011,12.598981545761774],[100.95834853855428,12.598777978820692],[100.95858280475272,12.598499465977625],[100.95875430636619,12.598286941788956],[100.95892522791701,12.598073856423412],[100.9590978833607,12.597861888015757],[100.95927140575083,12.597650478087132],[100.9594915013318,12.597361901830368],[100.9596433446647,12.597135963354049],[100.95978506432931,12.596902189984121],[100.95992273974269,12.596666188094161],[100.96005089673156,12.596426301132965],[100.96022561971665,12.596108117395772],[100.96041218227646,12.595796626413232],[100.96057010142908,12.595575726838376],[100.96074216961551,12.595362631580258],[100.9609211895613,12.595156265049638],[100.96111063714625,12.594959424138153],[100.96137298107828,12.594706125587265],[100.9617133537883,12.594617202422],[100.96207354665694,12.594676696172655],[100.96238066513564,12.594865941410092],[100.96273669504251,12.594907387565911],[100.96296277741033,12.594763943001624],[100.9631940605575,12.594623848411914],[100.96352444719554,12.594583009298503],[100.96369867375483,12.594880556292708],[100.96375259980272,12.595240559404317],[100.96374527032805,12.595599880829866],[100.96366513893508,12.595952959161764],[100.96360016111862,12.596218933656928],[100.96357056443009,12.596486342570699],[100.96360923887534,12.596844761976229],[100.9636841299187,12.597201220859688],[100.96377737432641,12.597550766654592],[100.96387148118396,12.597900305254939],[100.96392038092091,12.598166573828394],[100.96394948388166,12.598438634935121],[100.96394791456464,12.598799045439648],[100.96387727821389,12.599152618398648],[100.96377209170873,12.599500797224039],[100.9636562266536,12.599843970422967],[100.96356183111368,12.600098862572509],[100.96346282744759,12.600352658448458],[100.96331032671026,12.600680848942091],[100.963165416251,12.600910692274681],[100.96300838113194,12.601134411224166],[100.96286116571031,12.60136370686962],[100.96272117364333,12.601597469447711],[100.96258464756352,12.601833465042432],[100.9624547665743,12.602073364594162],[100.96234970957153,12.60232551201284],[100.96232759614173,12.602593995616473],[100.96243431868891,12.602938358618417],[100.96260671692653,12.603146101111747],[100.96281145478486,12.603333269814584],[100.96306191597472,12.603595798107619],[100.96323459659942,12.603915951360136],[100.96333758606079,12.604260905216677],[100.96337311197959,12.604621042327267],[100.96342043700361,12.604982222651529],[100.96346648499036,12.605251334881245],[100.96353920776829,12.605511214670855],[100.96371585979915,12.605823992583225],[100.96392863759661,12.606122384940136],[100.96408334886752,12.606348332409652],[100.96421972565986,12.60658345296406],[100.96435743524751,12.606917983678045],[100.96444050742355,12.60717721955308],[100.96451124539772,12.607440503276678],[100.96459187321642,12.607794094222129],[100.96463418991601,12.608063798205762],[100.96463852644689,12.608330958906663],[100.96457654157422,12.608687857558607],[100.96453500458688,12.609048561242162],[100.96451849393338,12.60941021011314],[100.9645453836626,12.60976871585359],[100.96462572459757,12.610122308597738],[100.96470808091328,12.610475886952656],[100.96480477512034,12.610824276219432],[100.96494937441418,12.6111564956758],[100.96511575258995,12.61147895119268],[100.96528614264145,12.611799117934993],[100.96546197898721,12.612116985110845],[100.96559750681956,12.612353239710274],[100.96573990996893,12.612586055302245],[100.96588860567465,12.612814304136862],[100.96604704013885,12.613037398956862],[100.96622149242802,12.613249075984129],[100.96636931399269,12.613475636791236],[100.96652452168939,12.613803257114682],[100.96664905441037,12.614143531798618],[100.96671922131509,12.614406817320798],[100.96676238787398,12.614674255012915],[100.96677394775952,12.614945315174225],[100.96673862059095,12.615215024553777],[100.96667737855824,12.615480408194344],[100.96664260896927,12.615747854879658],[100.96664467561135,12.616018421313129],[100.96666917674116,12.616289385247001],[100.96673400886749,12.616644785628409],[100.96682124130729,12.616996067114883],[100.9669038782115,12.617347946650455],[100.96696728221434,12.617704487372237],[100.9670105863695,12.618065130801199],[100.96703116825387,12.618425375830498],[100.96700573362779,12.618684169239089],[100.96699594540661,12.618783772752977],[100.96691179044683,12.619136881661802],[100.96683440468411,12.619397300145351],[100.96674548961272,12.619654412721047],[100.96664446337132,12.619907096135648],[100.96651919410556,12.620148660332461],[100.96631037512378,12.620446199232731],[100.96613887710754,12.620659859265118],[100.96597892458777,12.620879083403054],[100.96587341522599,12.621222746732428],[100.96580192541859,12.621577456434522],[100.9657042140783,12.621925580401239],[100.96562077407953,12.622184348628821],[100.96553848611228,12.622443106963885],[100.96544524260395,12.622698556693081],[100.96532573979113,12.622942338618088],[100.96516811201883,12.623164934314332],[100.96501193665159,12.623389214440749],[100.96481785216218,12.623696246584586],[100.96469662265105,12.623940039301431],[100.9646255618203,12.624200411020183],[100.96463624037028,12.624469216581133],[100.96469004411028,12.624736013056634],[100.96474097271778,12.625002829317168],[100.96478844972722,12.625269670758769],[100.96483691329297,12.625628016419853],[100.96481981808017,12.625987974565419],[100.96470480198508,12.626330013719212],[100.96452920755695,12.626648207348921],[100.96432355958467,12.626947416290307],[100.96415870036378,12.627164982078284],[100.96398136844545,12.627368515744479],[100.9638819016285,12.627713263656233],[100.9638405238212,12.627981890252101],[100.96379913881924,12.628249386400114],[100.96372023320225,12.628650471442143],[100.96365575900614,12.628992525884428],[100.96370746103054,12.629464000862981],[100.96373983302692,12.629824159557359],[100.96381815768189,12.630176072367874],[100.9639272166678,12.630522674681743],[100.9640250727989,12.630871054055945],[100.9641278050542,12.631217702235233],[100.96426037771431,12.631555092793349],[100.9643815937356,12.631798795577993],[100.96450453195865,12.632041920997892],[100.96466232700487,12.63236782811282],[100.96477494191009,12.632614981596191],[100.96488383632004,12.63286442565277],[100.96503303924345,12.633194913914167],[100.96519571760837,12.633519654608449],[100.96531751009508,12.633763351997118],[100.96542468859855,12.634013936394126],[100.9655704507158,12.634345579385013],[100.96574457834964,12.63466289167917],[100.96594105323709,12.634969305988704],[100.96615498306608,12.635263728738153],[100.96639464519677,12.635538189236115],[100.96665116421991,12.635797839698569],[100.96692109573206,12.636043833056476],[100.96721069541729,12.63626651958424],[100.96751311403904,12.636473297104999],[100.96782434601681,12.636666449896779],[100.96813102922368,12.636866415952397],[100.96835826991827,12.637020646086],[100.96858664465799,12.63717260812939],[100.96881616063735,12.637323433429742],[100.96904254877467,12.63747879940712],[100.96933385807114,12.637699212448751],[100.96954856761238,12.637869349790719],[100.96977125593878,12.638029826615252],[100.97000135288022,12.638181208595938],[100.97023997539463,12.638318972142883],[100.97046492191868,12.638473782339247],[100.97063995157259,12.638682627401408],[100.9707600317501,12.638926897658223],[100.97083048823652,12.639188482562474],[100.97080378106972,12.639456434666783],[100.97072379626627,12.639715177713356],[100.97055685331617,12.64003613675834],[100.97029445542483,12.640286060153585],[100.96998964100919,12.640480938744361],[100.96963363628333,12.64056378339194],[100.96935946356842,12.640591228902167],[100.96908380787147,12.640612470888868],[100.96872032618217,12.640658087201018],[100.96840384755956,12.640832150083725],[100.96820078244019,12.641131343736561],[100.96807827679112,12.64147174342628],[100.96801254084613,12.641826411759553],[100.96800138295754,12.642097074420519],[100.9680008802365,12.64236935226387],[100.96799962568224,12.642731452594489],[100.96804349910826,12.643089829731878],[100.96812988528603,12.64344111481563],[100.96825214811821,12.643782531638578],[100.96840107225177,12.644112454226445],[100.96852545478595,12.644354999583641],[100.96866214903901,12.644590112044057],[100.96881372797122,12.644816075701385],[100.96894326272144,12.645055194641543],[100.96907413386424,12.645393722842073],[100.96918892602815,12.645735758398587],[100.96930184130701,12.645982908284623],[100.96953187259788,12.646218459614261],[100.96992923444668,12.64622060539665],[100.97027554358152,12.646335540552798],[100.97052894825242,12.646449467568914],[100.97076983525977,12.646581562688993],[100.97107226197539,12.646787202567396],[100.97137356993437,12.646996804858702],[100.97168339267449,12.647191655570509],[100.97198753259863,12.647395587636311],[100.97227971333814,12.647614859438249],[100.97250070914049,12.647778168227944],[100.97272539665977,12.647935236621947],[100.97302498421573,12.648145413580039],[100.97331944473666,12.648361842624979],[100.9735401527559,12.648525153213313],[100.97376456957926,12.648684481603595],[100.97407041911458,12.648885573610357],[100.97431073505243,12.649017669629814],[100.97455758816221,12.649139549350764],[100.97489069165215,12.649294116730175],[100.97522463960547,12.649446417817956],[100.97556113443886,12.649593051378247],[100.97589904210719,12.649736286400525],[100.97623921426839,12.649874981645155],[100.97657994580788,12.650011414195433],[100.97683584699678,12.65011288919851],[100.97709203057281,12.650213795830041],[100.97743248512114,12.650351358828175],[100.97776841967686,12.650499687610534],[100.9781003882224,12.650655953809292],[100.97834809478883,12.650776128415657],[100.97859466281352,12.650898006337968],[100.97884066426531,12.651021017406094],[100.97908553257133,12.651146295665058],[100.97941126881506,12.651314468887676],[100.97973701225339,12.651483771658775],[100.98005934456319,12.651658182579126],[100.98037600215082,12.651842804401952],[100.9806909537246,12.652029697012949],[100.9810118749981,12.652207505571994],[100.98125760755261,12.652332776636399],[100.98151040787906,12.652441611691074],[100.98185733574752,12.652560479582519],[100.98220681409327,12.652674243821366],[100.9825568554146,12.65278630834149],[100.9828189529324,12.652870218685678],[100.98308162601631,12.652954125432586],[100.98334429999949,12.653038028582216],[100.9836069685868,12.653121370554857],[100.9839572895973,12.653232301029902],[100.98422024237033,12.653315073731733],[100.98448319514341,12.653397846433506],[100.98483380033969,12.653508209436382],[100.98509675311271,12.653590980339516],[100.98535970318784,12.653673187367758],[100.98562265056495,12.653755392597361],[100.98588617620612,12.653837596028268],[100.98623677330852,12.653946826784704],[100.98650029805037,12.654029026618332],[100.98676324812544,12.654111231847935],[100.98711442079394,12.654220458107716],[100.98737737086901,12.654302662437942],[100.98764089111427,12.654384296598039],[100.9879044122589,12.654465932556775],[100.98816736323329,12.654548135088419],[100.98851853680111,12.65465735865024],[100.9887814877755,12.654739562081147],[100.98904501341667,12.654821760116192],[100.98930796439112,12.654903962647779],[100.98957091626482,12.654986164280103],[100.98992180834483,12.655095952616193],[100.99027269772688,12.655205740052907],[100.99062330202383,12.655315530187636],[100.99097391531399,12.655426448072149],[100.9913245286042,12.655537366856038],[100.9916748496147,12.655647721764979],[100.9920251706252,12.6557580757746],[100.99237578931127,12.655869558433437],[100.9927263990042,12.655979908845779],[100.99308912256504,12.656094688419159],[100.99286821669489,12.656426794560957],[100.99275538505304,12.656675619884027],[100.9927030741876,12.656939809224866],[100.99272428379874,12.6573006064379],[100.99281386976435,12.657651288076522],[100.99299121517248,12.657969115682192],[100.9931906011654,12.658273221432069],[100.99328015295674,12.658619383977452],[100.99322526823158,12.658885287426131],[100.99301195263956,12.659186319293269],[100.99274276756472,12.659422142218148],[100.99250511811675,12.659740313364807],[100.99252114133765,12.659995456425236],[100.99274351759931,12.660274936938833],[100.99302229664175,12.660527206665279],[100.9932204415702,12.660708178139942],[100.99327893257674,12.661054573609761],[100.99311342674332,12.661372708783517],[100.99291411899145,12.661560610433867],[100.99269044590739,12.66172214486113],[100.9923856746592,12.66192269907333],[100.99220633365542,12.662126266913731],[100.99204873466141,12.662351702669014],[100.99188593219009,12.662573788449606],[100.99175458170862,12.662808630214158],[100.99172184099024,12.663074366388969],[100.99179491270513,12.663335357740607],[100.99194822732886,12.663558465151084],[100.99213675041074,12.663759280166687],[100.99239675610545,12.664016611277646],[100.99256439243283,12.664231703930056],[100.99266846287929,12.664483988944994],[100.99268175935578,12.664751640675718],[100.99260989543041,12.6650165395817],[100.99240627183207,12.665315754818266],[100.99215173221671,12.665577504298426],[100.99190152913235,12.665842045274246],[100.99167853683508,12.666128976670961],[100.99146596857963,12.66642486801328],[100.99125137774894,12.666719645994931],[100.99103677792505,12.667013294428045],[100.99083027469749,12.667312528550383],[100.99063160366563,12.667620179427786],[100.99048197536291,12.667946668404056],[100.99043053414192,12.668211979199555],[100.99040099860724,12.668483342432353],[100.99036512015425,12.668752490634972],[100.99032952768562,12.669021637938272],[100.99029623658214,12.669290769053816],[100.99027100340413,12.66956040289034],[100.99025080373167,12.669922639917957],[100.9902461308543,12.670284196158775],[100.99025641640054,12.670645639984343],[100.99027376342349,12.670916651582274],[100.99030002542588,12.671187030057467],[100.99035486518494,12.671544751589067],[100.99043842479352,12.671896610440285],[100.99051753905326,12.672157555027184],[100.99061128258467,12.672413306928604],[100.99075709686258,12.672743797888018],[100.99088809840708,12.672981760300047],[100.99103199712903,12.673213976044224],[100.99122309856722,12.673523791589787],[100.99141649057862,12.673831895725471],[100.99160988079143,12.674139998961834],[100.99178951857147,12.674454984709826],[100.9919542743703,12.67477968313591],[100.99207182925159,12.675026783559247],[100.99217877303204,12.675277917441974],[100.99229819400648,12.675617076966603],[100.99234542370237,12.675883344640681],[100.99233288085782,12.676156836568794],[100.99227598794653,12.676423884854444],[100.99214407898614,12.676661557684781],[100.99189328055053,12.67692497540736],[100.99163701243822,12.677187302252264],[100.9913928905695,12.677458575552862],[100.99115456663003,12.67773545612647],[100.99093156084291,12.678021825446933],[100.99077596643775,12.678247245913724],[100.99063802842232,12.67848665623427],[100.99050686679851,12.678820916252334],[100.99047684473067,12.679177576583925],[100.99049320699595,12.679543495436008],[100.99051126538268,12.679905445579891],[100.99052154733158,12.680266323731928],[100.99048536670637,12.680533781209078],[100.99044056697863,12.680802432086637],[100.99037946703885,12.681157631919234],[100.99026333128779,12.681500816809319],[100.99011603942375,12.681832372565964],[100.98993669572201,12.682148352064871],[100.98974985077507,12.682461562551111],[100.98960525327988,12.68269593936617],[100.98949324361837,12.682940804974237],[100.98941115799857,12.683297857410253],[100.98942659126425,12.683655307346612],[100.98957029303466,12.68389825739871],[100.98969118440073,12.684130081937781],[100.98958770390948,12.684473172399009],[100.98921203011116,12.684733568399508],[100.98880815807007,12.68462248683835],[100.98847924811889,12.684459439751379],[100.98816082426271,12.684275978953337],[100.98782993760159,12.684117465348777],[100.98757136272826,12.684158376407993],[100.98734682179844,12.684322174428871],[100.98731666932889,12.684662456307365],[100.98747018809877,12.684984417197143],[100.98770812263183,12.685100696839754],[100.98796613363021,12.685209482431731],[100.98819643022114,12.685453479294665],[100.98807853719478,12.685682006919137],[100.98792287623979,12.685899519647137],[100.9878935781262,12.68616466676599],[100.98793050608805,12.686437789972103],[100.98802411562048,12.686786749409009],[100.98800618223959,12.687144449356879],[100.98789868807404,12.687489828592788],[100.98776244258272,12.687725836777986],[100.98760220857514,12.687947337999276],[100.98736821577057,12.688228138717704],[100.98710726219048,12.688482026324493],[100.98688177967045,12.688636228579128],[100.9866426652269,12.68877584832677],[100.98634926140937,12.689000039420307],[100.98613660502036,12.689287457350304],[100.98608282196471,12.689548267938278],[100.98608468985663,12.689826173738993],[100.98616738611605,12.690177473211861],[100.98617148972255,12.690446889412442],[100.98609325140251,12.690707317788508],[100.9859381741075,12.690926520342714],[100.98572583967581,12.691107174356659],[100.98542425112834,12.691315043654413],[100.98520431382809,12.691479937948827],[100.98499223480383,12.691656635845106],[100.98473764392719,12.69191555785676],[100.98458697960547,12.692147718742262],[100.98452629515248,12.692409145365843],[100.98454867118431,12.692772193581902],[100.98465689829726,12.693114266010639],[100.98486835229266,12.693413200658711],[100.98502087731168,12.693643660026964],[100.98517110726084,12.693874701256505],[100.9853315220322,12.694194916562196],[100.98536778629438,12.694456748779999],[100.98534605417711,12.694733137424407],[100.98532084618017,12.695080723596561],[100.98534761899748,12.695453908071443],[100.98548058556065,12.695795793441164],[100.98569484544083,12.696085102645441],[100.98598878705292,12.696299815783902],[100.98630075467617,12.696501968091411],[100.98653094334844,12.696656716234543],[100.98676171208342,12.696812024655287],[100.98703882378277,12.697044939172656],[100.98727633383578,12.69732729302018],[100.98744068044311,12.697560487226781],[100.98757089238285,12.697806362773463],[100.98766438590275,12.698139504034941],[100.98764576364113,12.698408525433138],[100.98754547664248,12.698682110890729],[100.98734260128009,12.698970023447885],[100.9870887163712,12.699061174233861],[100.98679560663197,12.699102346096424],[100.98635102587917,12.699253105746266],[100.98627214184592,12.699634423689758],[100.98633462044643,12.699900578049267],[100.98646364707969,12.700141942596645],[100.98664189810518,12.700350177918438],[100.98684879703444,12.70054294759899],[100.98708766056711,12.700813993371128],[100.98718745743525,12.701143699222371],[100.98718473518744,12.701422768745829],[100.98720929207525,12.701695419807834],[100.98728150403826,12.701955287006967],[100.98737526195885,12.702211038009068],[100.98751251738884,12.70254837101055],[100.98765549970159,12.702882271299814],[100.98781080362573,12.703209866442251],[100.987946046373,12.703547212933586],[100.9880289215975,12.703809260089315],[100.98811523133293,12.704069020269117],[100.98826734716039,12.704393249249108],[100.988480457707,12.704681433401504],[100.98873051959788,12.704949005092544],[100.98898774458883,12.70521256940458],[100.98923325411147,12.705486385987967],[100.98945270757645,12.705776215899675],[100.98956983258176,12.706113698188688],[100.98964223430175,12.706471285721307],[100.98972064709022,12.706824874868119],[100.98977693205984,12.707181453361443],[100.98979297326719,12.707542288345962],[100.98979549856347,12.707903789728164],[100.98979244086848,12.708176082860007],[100.98979282757699,12.708447784237876],[100.98982756119307,12.708807349379697],[100.98988807657355,12.709079165870833],[100.98999527666075,12.709324081840975],[100.9901934107973,12.709498272427368],[100.99044298705428,12.70962857969522],[100.99076228774942,12.709809201333599],[100.99106823081428,12.710010823940422],[100.99133114131916,12.710264739426236],[100.99154115010407,12.710559720654658],[100.99168413871212,12.710893052572374],[100.99179672393973,12.711237910201419],[100.99188978218774,12.711587434412593],[100.99202474344719,12.711924214331077],[100.99216410508944,12.712160978846157],[100.9923560410985,12.712351594650443],[100.9927004562611,12.712468759225885],[100.9930066394449,12.712663599145856],[100.99323096543674,12.712949433369715],[100.99337138737968,12.713285042370842],[100.99352521911362,12.713606428593835],[100.99372803242284,12.713789617796692],[100.99394086597823,12.713966517141102],[100.99421605582637,12.714207907768753],[100.99438258958492,12.71442413086902],[100.99446084409271,12.71468225428265],[100.99444653587898,12.71495011195816],[100.99438591797582,12.715218883344846],[100.99431085336323,12.71547985491145],[100.99423405755579,12.715740274294262],[100.99417571044074,12.71600507427479],[100.9941225479173,12.716270964233672],[100.9940323576073,12.716621301431985],[100.99392630955163,12.716967236448852],[100.99381622893588,12.717312637268435],[100.99373568475409,12.717571954981793],[100.9936617793677,12.717834047103622],[100.99357505774276,12.718186616419246],[100.9935112418504,12.718451456869275],[100.99343877088262,12.718712974324376],[100.9933151060074,12.719050568129262],[100.99313948729758,12.719366524245743],[100.99294281096201,12.719675294779108],[100.99275368443506,12.719993046841694],[100.99260281416861,12.720236512205304],[100.99247381541431,12.720480377767274],[100.99241154095989,12.720795480427114],[100.99264281061727,12.721085216809342],[100.99289040836572,12.721365791797894],[100.99297950240219,12.721611971315497],[100.9929312906466,12.72188573304021],[100.99276804391013,12.722091444864361],[100.99251588300166,12.722221567771157],[100.99215081131098,12.722261030022594],[100.991872606036,12.722298144144077],[100.99160672237241,12.72236566794129],[100.99128998384572,12.722552762000419],[100.9910865320179,12.722841813099251],[100.99105038376825,12.723113223996165],[100.99104533227631,12.723387792412723],[100.99105361773036,12.723749248828824],[100.99105184336793,12.724111911235752],[100.99104147238609,12.724479156587847],[100.99099331369052,12.724833695418738],[100.9908751679547,12.725067876181583],[100.99069095172609,12.72527826358106],[100.99051284729012,12.725608359738033],[100.99045023379131,12.725953968301042],[100.99059859764725,12.726274267243696],[100.99084876655741,12.726551998575928],[100.99117233543501,12.72672354785351],[100.99148029657846,12.726922891578226],[100.99169376055869,12.727105436866452],[100.99191189561753,12.727259701174319],[100.99226679327796,12.727242909932386],[100.99261828340713,12.727121077875495],[100.9930082105605,12.727095266433423],[100.99326266563958,12.727479442422407],[100.99340139865569,12.727818452659506],[100.9935727626729,12.72802560070096],[100.99381009196225,12.728168985910031],[100.99406886018983,12.728257982819684],[100.99434093658499,12.728319764445644],[100.9946163809413,12.728370222707667],[100.99486461540971,12.728473419912461],[100.99507487420613,12.728650335444684],[100.99524858185663,12.728862547568554],[100.99545176568648,12.729164919425557],[100.99574007484466,12.729545483737127],[100.99600686772283,12.729804689934554],[100.99667215379691,12.730154357137906],[100.99690172013834,12.730275013780897],[100.9972652692768,12.730314884324514],[100.99782702989359,12.730334370834612],[100.99822396456437,12.730394640700183],[100.99857731269287,12.730583465954226],[100.9989196477236,12.730835638553913],[100.99931156327807,12.731210013731186],[100.99953727422587,12.731338794849535],[100.99987026440124,12.731426094738538],[101.00030360812508,12.731432988042002],[101.00065795719905,12.731492446719074],[101.00138708884316,12.73179535637064],[101.00213969009468,12.732302567709382],[101.00308182616538,12.733020734819092],[101.00335905477664,12.733426190566263],[101.00350872894472,12.733855772426011],[101.00355341265993,12.734196614582174],[101.00352018001234,12.73458097763006],[101.00337016410185,12.735188784434911],[101.00316263294923,12.735726981015432],[101.00316707290216,12.735999214792002],[101.00324785540425,12.736247146188873],[101.00340415757586,12.73673288081784],[101.00320726000712,12.737306019657126],[101.00313061618505,12.737731381897788],[101.00314403856657,12.738341339881003],[101.0032426078601,12.738729224674046],[101.0034245317168,12.739106310407976],[101.00418381583052,12.739947865401689],[101.00516403009595,12.740930089651954],[101.00615829986572,12.742454475593604],[101.00660085624457,12.743336834627257],[101.00713564259587,12.744312260002857],[101.00773071769851,12.745196845757903],[101.00807221366182,12.74581334900688],[101.00814389322613,12.746109925632595],[101.00800383640797,12.746410368443776],[101.00775376102729,12.74666080894923],[101.00750211543033,12.747003900309778],[101.0075256641781,12.747363542793323],[101.00794875293263,12.748402511566724],[101.00825362400559,12.749847388446256],[101.00841906508782,12.751197296018461],[101.00882470429673,12.75206523981899],[101.00917683923979,12.752204910828027],[101.00975890115245,12.752567085802411],[101.00999084530133,12.752753422632395],[101.01043158594899,12.753182758977175],[101.01069962079094,12.75331176942268],[101.01110950210187,12.753257813697189],[101.01171496707212,12.753631667267655],[101.01196879172642,12.754001417231677],[101.01205987056665,12.754312529599588],[101.01200663070148,12.755003202635748],[101.01208229516186,12.755694023160686],[101.0124528347306,12.756122759657671],[101.01277706191195,12.756516827289772],[101.01327681787092,12.756911815827664],[101.01399591937621,12.757609029633045],[101.01459588858944,12.758522927890851],[101.01472078463655,12.758961440917801],[101.01473875039306,12.759558931599486],[101.01463614674083,12.760628439550885],[101.01449178936463,12.761075783920319],[101.01411370268528,12.761440181119497],[101.01370429711568,12.761482843158717],[101.01331793757282,12.761456413882456],[101.01288563256594,12.761441634423932],[101.01262658464924,12.761576914942736],[101.01250702787712,12.761886243055699],[101.01263071073879,12.762462593374039],[101.01271738559893,12.7632346694445],[101.01262890759807,12.763980967347834],[101.01247152534069,12.76460125944061],[101.0121949127651,12.765426941400278],[101.01205742800795,12.766380354070122],[101.01208675489988,12.767177720875168],[101.01209486408675,12.767548210981204],[101.01209196916909,12.767909747436931],[101.01210489872216,12.768271163383531],[101.01213796499513,12.768631860771791],[101.01217059599628,12.768901053041191],[101.0122112804263,12.769169619382467],[101.01227539129633,12.769526125930042],[101.01235473038656,12.769879692593804],[101.01245733044152,12.77022743344935],[101.01262446224922,12.770548131690987],[101.01288483756525,12.770797512795014],[101.01310371996078,12.770966997229209],[101.01331775141318,12.771141603302397],[101.0135967364003,12.771378977557845],[101.01387171670643,12.771619208060031],[101.01413615785748,12.771873074982466],[101.01434277709757,12.772165227843061],[101.01436705159819,12.772432788742265],[101.01432975941094,12.772701384761149],[101.01421571908025,12.772944582126797],[101.01405288243461,12.773166686793218],[101.01381396044599,12.773446422714301],[101.01365259868857,12.77374590235155],[101.01377011669757,12.774087314677899],[101.01393584196558,12.774411412356869],[101.01411102630288,12.774730918996738],[101.01424730237119,12.774969947105433],[101.01436519539749,12.775213068928053],[101.01446722168498,12.77556024680797],[101.01447699641631,12.775922250911208],[101.01435707272077,12.776258132406952],[101.01420922957237,12.776593095694864],[101.01413549685577,12.776947827880008],[101.0141046761899,12.777307316579424],[101.01414263207687,12.777666846647719],[101.01421682524636,12.778023839728462],[101.0142731695712,12.778379839058402],[101.01423554193678,12.778642789133471],[101.0141510002685,12.778904401916691],[101.01409006940122,12.779168093932412],[101.01403087962143,12.779433467680462],[101.01396361482904,12.779696642586032],[101.01388596826291,12.779957074559377],[101.01375974841369,12.780297521013836],[101.01363784441105,12.78063793599199],[101.01354132467247,12.780986065354682],[101.01345202019462,12.781336962830608],[101.01338475360353,12.781600138635554],[101.01327046865725,12.781958005857348],[101.01317567471767,12.782306120830867],[101.0131321853022,12.782664577108619],[101.01313418539439,12.783026075792804],[101.01316336839477,12.783295294142533],[101.01318824903854,12.783566238291314],[101.01318550610625,12.783837395579383],[101.01316491702738,12.784108122092221],[101.01315223928447,12.784469168417445],[101.01317668015975,12.784829930556896],[101.01320011739159,12.785100323421261],[101.01322240439049,12.785370721681488],[101.01325345977938,12.785730868684709],[101.01327977574113,12.786001239065968],[101.0133098193927,12.786269885446927],[101.01336156458461,12.786626483725286],[101.01343143741099,12.786982381431812],[101.01351021622355,12.787336513769162],[101.01359645940914,12.787688331251559],[101.01367047001622,12.787949298321507],[101.01375825913641,12.788205641077525],[101.01388469482288,12.78854528893396],[101.01398569768185,12.788798707094713],[101.01409300029178,12.789048122373003],[101.01424467904877,12.789377409140172],[101.01440610465806,12.789702102170338],[101.01453176243098,12.789943469415618],[101.01466058132081,12.790184246705678],[101.01483376556587,12.79050376593608],[101.01501411381037,12.790819276888158],[101.01519789836436,12.79113250176357],[101.01537250983353,12.791450314980125],[101.01549472590096,12.791692836055574],[101.01561350565879,12.791937644107065],[101.01572999304483,12.792183598794111],[101.01584475912841,12.79243013174522],[101.01599673466166,12.792759979689379],[101.01610949435775,12.793007656578141],[101.01621824127886,12.793257059265898],[101.01636218226895,12.793589793134515],[101.01650411417359,12.79392310616646],[101.01660970987029,12.794174228357974],[101.01671759344225,12.794423636441707],[101.01682834585154,12.794671894292549],[101.01694139692796,12.794919567584031],[101.01705789240788,12.795166087944665],[101.0171855556689,12.795405741981483],[101.01738166183429,12.795711526765615],[101.01759552871073,12.796007008017057],[101.0177870402398,12.796313957423251],[101.01793672340114,12.796644385430113],[101.0180789511827,12.796978259639047],[101.01823926522997,12.79730634671057],[101.01840618839492,12.797633253871595],[101.01860027917962,12.797938487371368],[101.01884525090765,12.798200401427437],[101.01913711508587,12.798424109585028],[101.01937113936663,12.798575959213224],[101.01960793895529,12.798714794752016],[101.0198600521997,12.798825269270822],[101.02012066943342,12.798919297887323],[101.02038240992033,12.799009928865189],[101.02064556234291,12.799097157707706],[101.02097827013114,12.799245424436833],[101.02127948096336,12.799449852928433],[101.02149353040215,12.799622752987716],[101.02171186421123,12.799791664553709],[101.02193816691295,12.799949218581617],[101.02216988802996,12.800100519623356],[101.02249327524453,12.800270883594465],[101.02283981190783,12.80038458488076],[101.0231093737986,12.800445215374452],[101.02338205543759,12.800500171146041],[101.02373877602378,12.800591762599822],[101.0239982250381,12.800683536615963],[101.02425036076562,12.80079626573513],[101.02457775266123,12.800963207785856],[101.0248850204274,12.801168714564596],[101.02519024223596,12.801370283212066],[101.02553984558745,12.801471529787307],[101.02591052185318,12.801472632356138],[101.02616622339258,12.801383112940357],[101.02641999498684,12.801268188576103],[101.02668792101082,12.801196085431059],[101.02696147409284,12.801143708015786],[101.02732648822689,12.801120563962911],[101.02760320692255,12.801140464161165],[101.02787843634081,12.801189747009289],[101.02822836704559,12.801296070257479],[101.02854039941997,12.801485155415662],[101.02883401098086,12.801709967940724],[101.02905892872661,12.801873738981897],[101.02927841636586,12.802042069585866],[101.02954113981184,12.80229084364754],[101.02975126730718,12.802584081090515],[101.02991133404089,12.802914984838708],[101.03002431137293,12.803259244418655],[101.03007017679727,12.803524372651736],[101.03008589874531,12.803798773794426],[101.03009398095253,12.804161350765753],[101.03007558801801,12.804524131883227],[101.03008881884398,12.804882715864721],[101.03014476117187,12.805148332429667],[101.03022684499297,12.805408099804026],[101.03032499070582,12.805660964881667],[101.03043347502489,12.805910926048455],[101.03055247961328,12.806252877068687],[101.03063013607198,12.806606444631768],[101.03069802679255,12.806962347734213],[101.03076160076733,12.807318283212226],[101.03081122715645,12.807585642663355],[101.03087032790336,12.807850106297394],[101.03097727528109,12.808195538593282],[101.03108576859341,12.808446628409229],[101.03121062686898,12.808692509351886],[101.03142589668784,12.808980054985625],[101.03171120570761,12.809208880285667],[101.03202728413191,12.809398492446519],[101.03235864203776,12.809555790167622],[101.03270020455085,12.809693238052546],[101.03304542100943,12.809819924649844],[101.03339486338228,12.809935280688705],[101.03366195573471,12.810009473858202],[101.033924227721,12.810092740287757],[101.03420744042108,12.81031084656837],[101.03438347641634,12.810621851917006],[101.03459212542629,12.81080099417062],[101.03484493294735,12.810888287764328],[101.03521218369536,12.810855510173724],[101.03549313460053,12.810827918973359],[101.0357596289038,12.810863139122603],[101.03600102043083,12.810997968181709],[101.03618682576143,12.811199313797317],[101.03634514960902,12.811418948026073],[101.03649262943134,12.811649963175284],[101.03669165929273,12.811956835239812],[101.03684915756264,12.812180993957782],[101.03701043388446,12.812409642990701],[101.03725574465693,12.81267379096272],[101.0374851329326,12.812818877689097],[101.03775242313588,12.812917352553825],[101.03811542818454,12.812964815174155],[101.03847326842663,12.812906686594374],[101.03883152865217,12.812793765919594],[101.03918256192577,12.81267694578446],[101.03952688625685,12.812548878727796],[101.03986943442692,12.812414614442957],[101.04021199428814,12.812282041782851],[101.0404690556025,12.812182328551671],[101.04072700364839,12.812085432896481],[101.04107426156799,12.81196468542197],[101.04142093672692,12.81184281289552],[101.04175850625012,12.811698415949195],[101.04202323158694,12.811621236131202],[101.04229240407125,12.811560403290002],[101.04265508086735,12.811496019925414],[101.04301598599903,12.811426001408904],[101.04327863570052,12.811341493914881],[101.04353981411117,12.811253042893668],[101.04381338967625,12.811202906588903],[101.04408753361287,12.811223371561425],[101.04443328157078,12.811343825856909],[101.04475788826596,12.811519233226079],[101.0450634239379,12.811720771296621],[101.04535957698295,12.811936504266328],[101.04565174333334,12.812157349881829],[101.04586922458509,12.812324551836639],[101.04608300422734,12.812496299864392],[101.04629393301866,12.812671459020692],[101.04649773558208,12.812855146447873],[101.04675709286562,12.813111267071349],[101.04703399232494,12.813364338093777],[101.04722312244922,12.813549923090534],[101.04736603461487,12.813784354764209],[101.04749009159451,12.814035878952723],[101.04762012456916,12.814278883863437],[101.04784532919865,12.814546566171146],[101.04816494105927,12.814708450434694],[101.04843616489717,12.814794457098571],[101.04869262456504,12.814905430741078],[101.04892576121495,12.815050477897273],[101.04915440844923,12.815209680382509],[101.04937679730142,12.815377968718337],[101.0495863240497,12.815557089388221],[101.04983849125341,12.815813263071675],[101.05001523141783,12.816137241140837],[101.05005089673153,12.816490559591728],[101.04994668419221,12.816735953101784],[101.04978425044288,12.816970502586685],[101.04960153158549,12.817188264426932],[101.04948684913882,12.817420181596162],[101.04950101076309,12.817783272080419],[101.04964298313723,12.818114299035699],[101.04982188257389,12.818313992596757],[101.05003604532732,12.818496465939177],[101.0503074526269,12.8187468398948],[101.05057253859184,12.818998391962282],[101.05083677020082,12.819251080772801],[101.05103172883128,12.819443304564913],[101.05121925186705,12.819641234555377],[101.05145834382756,12.819916713085888],[101.05167970655327,12.820206450367436],[101.05187702140745,12.820511625411257],[101.0520459869328,12.820834532387835],[101.05217133443961,12.82117303001138],[101.05222787481665,12.821438068312261],[101.05226747916089,12.82170832358031],[101.05234948114372,12.822060715729492],[101.0524774366844,12.822401451765643],[101.05263237638314,12.822733504847406],[101.0528193616243,12.823042148576349],[101.05306499975001,12.823307970186704],[101.05328511871329,12.823479096782933],[101.05351741719511,12.823625839161195],[101.05376560220083,12.823744214224178],[101.05402173991143,12.82384953562763],[101.05427672738909,12.823954864225641],[101.0545331303997,12.824057359059907],[101.05487386014062,12.824195343840074],[101.0552066488678,12.82434751362689],[101.05544660417752,12.824480071897824],[101.05567920033491,12.824627939327968],[101.05599045659437,12.824822073280131],[101.05633335639936,12.824978679422543],[101.05663566440444,12.825169493977],[101.05683260244268,12.825462806063683],[101.0569520351084,12.82570983993719],[101.05705458480134,12.825968868968175],[101.05717682515041,12.826313600692174],[101.0572542360942,12.826666590890511],[101.05732705959616,12.82702187615871],[101.05741778410351,12.82727760737572],[101.05753980771601,12.827524620564816],[101.05774972027342,12.827820088326462],[101.0579991193639,12.82808700531109],[101.05820239942125,12.828274638064158],[101.05841561968515,12.828445813223766],[101.05874080014786,12.828617239294204],[101.05906821002992,12.828779610990296],[101.05932553214762,12.829029518197729],[101.05955464702942,12.829314667138249],[101.05971963575263,12.829535923743947],[101.05988690065999,12.829753774617075],[101.06010799538774,12.830043503804688],[101.06032593889103,12.830334951596797],[101.06049118482036,12.830552252084829],[101.06066386814308,12.830763847273772],[101.06090441160939,12.831038171974114],[101.06113722630204,12.831317639897236],[101.06129875443401,12.831537793934103],[101.06145055999542,12.831765365579201],[101.06162812034154,12.832080854048229],[101.06173291564158,12.832331954656013],[101.06181993764005,12.832591666272435],[101.06195649969277,12.832926679023046],[101.06214922890388,12.833231313574288],[101.06237891305648,12.833514760098126],[101.062562202084,12.83372062031043],[101.06274947600758,12.833920800404655],[101.06294874418927,12.834109590585172],[101.06315286421335,12.834293258227319],[101.06338795509009,12.834568752046323],[101.06352028403393,12.834807772960403],[101.0636293906839,12.835057708946181],[101.06373093943137,12.835404292374221],[101.0637633474006,12.835672338907386],[101.0637842656314,12.835943301042562],[101.06379770959666,12.83621545208149],[101.06380395089167,12.836486529329932],[101.06379884094383,12.836848071181578],[101.06377732376455,12.837209177761395],[101.06375909630532,12.837479883589822],[101.06375037198217,12.837751077750113],[101.06375763310837,12.838111958600052],[101.06372778281099,12.838474824253808],[101.06367113811257,12.838834512602716],[101.06354489757899,12.839165939756356],[101.06338205283953,12.839385250229157],[101.06320881463517,12.839600687321933],[101.06299650808245,12.839896075043896],[101.06272708558657,12.840140510775996],[101.06236886043462,12.840437925569859],[101.06210778814398,12.840681978190787],[101.06208086244192,12.840944842830254],[101.06219936430927,12.841287905412571],[101.06232131237874,12.841629809668007],[101.06244640717603,12.84196943144417],[101.06254173891017,12.842223992643198],[101.06263793399353,12.842478548446309],[101.06276704606239,12.842816441725461],[101.0628652484325,12.843069852691599],[101.06296574677185,12.843322679098435],[101.06310433859443,12.843658238636863],[101.06324493320716,12.843992088564107],[101.06338265808324,12.844327091422201],[101.06351464618405,12.844664397444035],[101.06364463329328,12.845003412177789],[101.0637769100764,12.845340716400983],[101.06391664673589,12.845675135599095],[101.06406900538036,12.846004373802884],[101.06422308802513,12.846333032843233],[101.06437057324342,12.846664567915525],[101.06447910702525,12.846913941824994],[101.06458420629616,12.847165601811128],[101.06471274909416,12.847503498687558],[101.06482466342754,12.847849433704425],[101.06490697837444,12.848201250287502],[101.06492949829777,12.848562009728994],[101.06486937142444,12.8489177716379],[101.0647394382745,12.849255440985871],[101.06459682378443,12.84959095196092],[101.06449151227355,12.849842006703284],[101.06438532842026,12.850091939991103],[101.06428029569912,12.850341863386348],[101.0641764276001,12.850593472111086],[101.06403928008876,12.850928939918674],[101.06393945174437,12.851181645816325],[101.06385435159712,12.85144045001681],[101.06372817221745,12.851779784909183],[101.0635595259514,12.852100249327066],[101.06342098539022,12.852335750294685],[101.06327376367329,12.852565670969],[101.06306983340613,12.852865513033066],[101.06285983541312,12.853162577990645],[101.0626995906137,12.853384127775314],[101.06253731334641,12.853603434650836],[101.06232007760957,12.853895473297484],[101.06215635063512,12.854113661416363],[101.06198858030882,12.854330186688799],[101.06176033956808,12.854614403032315],[101.06158996210712,12.854828688992825],[101.06142507410794,12.855045756556478],[101.06122867296494,12.855351751781996],[101.061144584555,12.85569979301107],[101.06115658330975,12.855970825293412],[101.06119189608921,12.856241675013337],[101.06124892479812,12.856598775113412],[101.06130319078966,12.856864390779037],[101.0613663762573,12.857129373321982],[101.0614393292617,12.857392019426186],[101.06154183218985,12.85764257144757],[101.06168964476137,12.857872430068653],[101.06187035543263,12.858077179618192],[101.06205849360464,12.858275091622204],[101.06225465013205,12.858467856806215],[101.06252434871976,12.85871313969966],[101.06280717201344,12.858944196217749],[101.06302386366042,12.859113641981025],[101.06323912178811,12.859283662411144],[101.06344924478685,12.859459370153843],[101.06365338909268,12.859643033299392],[101.06392081509358,12.859891721026145],[101.06411867403762,12.860081082276167],[101.06431538634604,12.860271016394336],[101.0645785333727,12.860524255589951],[101.06483768740941,12.860782045355165],[101.06508025974625,12.861053520103894],[101.06525154012655,12.861266248438653],[101.06541710801321,12.86148410380838],[101.06562908271604,12.861780107565949],[101.06583103357542,12.862082404779187],[101.06602324207904,12.862389861403017],[101.06616246792362,12.862624868642797],[101.06629567460578,12.862862749216561],[101.06642429294681,12.863102924860129],[101.06654545680743,12.863346549403786],[101.06669754205797,12.863675218336709],[101.06684102889045,12.864008475610717],[101.06697993007975,12.864344027954587],[101.06711595343859,12.864679603680827],[101.06724767174273,12.865016907004701],[101.06737595643528,12.86535649730456],[101.06743357060287,12.865713306923624],[101.06758695357513,12.865954133676382],[101.06766332490258,12.866211100561884],[101.06774259744299,12.866470868835563],[101.06782129441729,12.866730640706578],[101.06789769362371,12.866990997136838],[101.067992377846,12.867339889124651],[101.06805642396483,12.867603165653634],[101.06811501929275,12.867868745346357],[101.0681887340229,12.868222885777584],[101.0682610107371,12.868577037900025],[101.06831759158365,12.86884263288124],[101.06836958229047,12.869109959057425],[101.06843727605951,12.869466971923259],[101.06852247783013,12.869817631978208],[101.06860748174995,12.870073964841652],[101.06870169742547,12.870330225759346],[101.06880222724106,12.870584176318744],[101.06891251470086,12.87083466268956],[101.06907522993799,12.871159858440762],[101.06926170796152,12.871469048957465],[101.06947969013567,12.87175878713839],[101.0696598693076,12.871966921736089],[101.06984890770099,12.872167078447944],[101.07010608502787,12.872427133605356],[101.07030823373805,12.87261137141769],[101.07052124356062,12.872785918135662],[101.07080468019188,12.87301865368795],[101.07107011329515,12.873267345911358],[101.07131669840697,12.873534262895987],[101.07149543596563,12.873741840813352],[101.07166788456527,12.873954553859619],[101.07189018528391,12.874243690394053],[101.07210360429798,12.874537980043783],[101.07230787900545,12.874840249378053],[101.07249897684636,12.87515053167175],[101.07267086516833,12.875470002338773],[101.07278802614655,12.875715347285507],[101.07289830731111,12.875964134836977],[101.07303579566548,12.876300823024621],[101.07316179697943,12.876640990689225],[101.07327631844743,12.876985202605056],[101.07338021712337,12.877332888601984],[101.07347237065346,12.877687445419326],[101.0735392172611,12.878045025757388],[101.07356633182081,12.87840179130967],[101.07353472244955,12.878758457037236],[101.07344841181481,12.879114426689512],[101.07333063570036,12.879459912045377],[101.07318481422783,12.879790369729847],[101.07300953905906,12.880109763055145],[101.07282443519961,12.880424150753981],[101.07263092717562,12.880731826812394],[101.07247762873965,12.880958411901247],[101.07233675983366,12.881191112380009],[101.07217275137145,12.88151550143931],[101.07202812060132,12.88185103130013],[101.07192184771515,12.882195296275938],[101.07186258239233,12.88254992144175],[101.07183890144421,12.882820670437638],[101.0718267498047,12.883093584101687],[101.0718138903988,12.883455185308605],[101.0718064943743,12.883816177674532],[101.07180629922141,12.884177679056677],[101.07181187142078,12.884540264121938],[101.07182146358974,12.884901687263095],[101.07183566298551,12.885263074431407],[101.07185733934477,12.885623836570858],[101.07188908811099,12.885983954795734],[101.0719200904399,12.886253138971256],[101.07195885841463,12.886521698117917],[101.07201677385507,12.886878219953928],[101.07206330567709,12.887145586599615],[101.07211128540757,12.887414072001889],[101.07217697009116,12.887769967909719],[101.07223068389902,12.888035582676025],[101.07229273712016,12.88830000314266],[101.07236397421809,12.888560960320092],[101.07244786387787,12.888820124249378],[101.07254036094895,12.889075830285378],[101.07264147082725,12.889328644101681],[101.07278526792584,12.889661325809584],[101.07290129665756,12.889907808398675],[101.07302678715655,12.890149696351443],[101.07320642943324,12.890465149746888],[101.0733511087667,12.890695023656463],[101.073503533961,12.89092144686731],[101.07371325766076,12.891219152142185],[101.07392670455386,12.891514566843853],[101.07408629104953,12.891736414304148],[101.07424903326631,12.891957107934218],[101.07447764272911,12.89224054006894],[101.07473082616673,12.892501749056521],[101.07501058097358,12.892738458712927],[101.07530486432807,12.892956413008108],[101.07560796643457,12.893161306449201],[101.07591675765229,12.893358243588125],[101.07614999142902,12.893503817747046],[101.07638237444706,12.893651091624633],[101.07668890297055,12.893852566742623],[101.07699059943667,12.894061421697302],[101.07728545565931,12.894278804023656],[101.07756633461872,12.894511547669822],[101.07776507759633,12.894698626440515],[101.07802350677946,12.894965931032914],[101.07827088059673,12.895221039919079],[101.07856627011734,12.895537262234939],[101.07873074262972,12.895757373104345],[101.07889435898755,12.895978619817527],[101.07910038467509,12.896280301894478],[101.07927770760017,12.89659237743632],[101.07938531867757,12.896933814943679],[101.07942154426894,12.897206910270768],[101.0794473889859,12.897477827439843],[101.07946103529861,12.897840345955274],[101.07943954330034,12.898200884163543],[101.07938578722434,12.898558855706654],[101.07931300239318,12.898913588791117],[101.07922868465613,12.899266155408782],[101.07911897006448,12.899611013037884],[101.07896564105152,12.899938709803678],[101.0787776323819,12.900250300610935],[101.07857399799167,12.900552414362494],[101.07836225441457,12.900848379449201],[101.07820576158667,12.901072169445115],[101.07805852907791,12.901301534338415],[101.07791881670011,12.901535358969682],[101.07778287607891,12.901772541669516],[101.07761047874067,12.902092481782631],[101.07748956219359,12.902336323962231],[101.07737962726804,12.902585161875777],[101.07724192307637,12.902922899572218],[101.07712040128553,12.903267854328078],[101.07703174431958,12.90361819422435],[101.07699090970277,12.903972672800649],[101.07699677687981,12.904334688595043],[101.07703548100272,12.904698703582369],[101.07709457725298,12.905056907150595],[101.07719764855273,12.90540628926891],[101.07737530062968,12.90572231823046],[101.07761936044517,12.905992067180193],[101.07790286362632,12.906227045641685],[101.07812699536458,12.906384549307575],[101.07836252690913,12.90652784098711],[101.07868300661551,12.906708299848219],[101.07892534512865,12.906839110736428],[101.07921995223904,12.906954253635945],[101.07956161637554,12.907129937096954],[101.08002743371912,12.907294075960863],[101.0803770343727,12.907409910439071],[101.0807232472801,12.907533678736343],[101.08098001631475,12.907633870406869],[101.08123708842095,12.907735752802807],[101.08157767876691,12.907875945418596],[101.08191260158537,12.908026914610446],[101.08223815526674,12.908193772124946],[101.08255208071404,12.908381621614581],[101.08278106429475,12.908533432571915],[101.08300550809776,12.908693188140148],[101.08330210720652,12.908909416636334],[101.0835972709973,12.909126220698568],[101.08388958573585,12.909346435889347],[101.08417933830589,12.909570061309353],[101.08446566805617,12.909797666229338],[101.08474857228885,12.910028687673844],[101.08495819436524,12.91020606815556],[101.08516296459919,12.910388571175645],[101.08542504772782,12.910642917436746],[101.08567083873828,12.910911512556311],[101.085902344018,12.911193212596743],[101.08612526886611,12.911481759175899],[101.08628745080529,12.911701316062931],[101.08644562716404,12.911923728297495],[101.0866522338136,12.912223135988995],[101.08680553944413,12.912448410765592],[101.08695742144789,12.912675391556149],[101.08715887498215,12.912978230161229],[101.08735947056317,12.913281638936553],[101.08756006164759,12.913584482937608],[101.08771164687505,12.913810336877589],[101.08786782943685,12.914035022598284],[101.08802859944035,12.914257414148381],[101.08818706987745,12.914480386660557],[101.08838365268349,12.914785522134196],[101.08855272522817,12.915106126846354],[101.08868656143574,12.915447912391301],[101.08876463158254,12.915800310835721],[101.08876038768182,12.916155626680847],[101.08869860785455,12.916516485047794],[101.08863335394619,12.916875112196692],[101.08858115279804,12.917141568728482],[101.08852607022203,12.917407481170358],[101.08846251962962,12.917763270958233],[101.08842087202567,12.918121710148853],[101.0883988251457,12.91848281672867],[101.08839376735853,12.918844352285078],[101.0883976497318,12.919207510218484],[101.08840768886381,12.919480245816715],[101.08843353987601,12.919750030739351],[101.08849925783454,12.920105351081133],[101.08857057677073,12.920372513580674],[101.08866773143075,12.920630431049631],[101.0888450642484,12.920939672827672],[101.08911824501104,12.921176413061062],[101.08941977600193,12.921394850292131],[101.08958971009713,12.921610388108945],[101.08964199668088,12.921873747375571],[101.08960033738572,12.922230492243443],[101.08953653858043,12.922590802923253],[101.08949992268333,12.922861651743858],[101.08944770894465,12.923126413053581],[101.08933568039737,12.923469034068717],[101.08919855357044,12.923805644015317],[101.08906489093204,12.924143357430069],[101.08893439570585,12.924481042066475],[101.08880563976851,12.924820408435153],[101.08868235890378,12.925160296410581],[101.08856024356044,12.925501868816241],[101.08844043587749,12.925843988909037],[101.08835505244377,12.926101671654862],[101.08827688337152,12.926361556840448],[101.08819083533882,12.92671244262516],[101.08813046025261,12.927069337679825],[101.08809354038465,12.927338494875698],[101.08806065307675,12.927607619695948],[101.0880265049193,12.927967692954724],[101.08799581735315,12.928328304008062],[101.08796081034319,12.928688949235664],[101.08793368409232,12.928958592964761],[101.08791059759608,12.929229332967395],[101.08789344212869,12.929589836102082],[101.08789759429862,12.92995073224057],[101.08791643059885,12.930311512366472],[101.08793566619812,12.930581915123355],[101.08795577144178,12.930852874560571],[101.08797299615691,12.931123858279477],[101.08805645863873,12.931396569596075],[101.08815787158858,12.931646546051297],[101.088394768304,12.931915770696321],[101.08866632938765,12.932163819904417],[101.08880530342208,12.9323948539394],[101.08887804958238,12.932659744751447],[101.08889284792667,12.933019425905854],[101.08893470417331,12.933378326448633],[101.0889919073507,12.933643905242093],[101.08907239937179,12.93390534355683],[101.08914787137724,12.934255502689325],[101.08911844376121,12.934525164404874],[101.08906739644323,12.934791611044091],[101.08912105988907,12.935047051780089],[101.08925609129562,12.935288284127068],[101.08945874542485,12.935593931314941],[101.08964445183005,12.935904231595089],[101.089740626229,12.93625083570754],[101.0897344191082,12.936611814583614],[101.08964981988333,12.936963820024346],[101.08964216665271,12.937324245817365],[101.08970428642374,12.937592044137602],[101.08973122921293,12.937853912328251],[101.08965277775354,12.938114364086687],[101.08950496877935,12.938344306344732],[101.08930846061702,12.938535101114098],[101.08929105603744,12.93879619408915],[101.08942714144951,12.939025556284435],[101.08960428720815,12.939241033846656],[101.08983813612116,12.939523271681708],[101.09004847405788,12.939817560432118],[101.09016310434384,12.940063472851023],[101.09027057063037,12.940313398944227],[101.09040614792542,12.940550671576261],[101.09052478289249,12.940793163873479],[101.09062070188395,12.941143158430066],[101.09077716413486,12.94146781189005],[101.09098410713091,12.941768904011781],[101.09124665341039,12.942039048663219],[101.0914603188387,12.942317493157816],[101.09145230677859,12.942668882562941],[101.09131465744554,12.943012276995034],[101.09108928824014,12.943298761428764],[101.09079537720493,12.943514625699493],[101.09058705464889,12.943808316400748],[101.09046291313297,12.944148776345003],[101.09029050410356,12.944467595902893],[101.09009090317272,12.944771382393412],[101.08988754937099,12.945074069013117],[101.0897426263212,12.945305119235911],[101.08961331640148,12.945543951292393],[101.08947183595654,12.945877207667024],[101.08937287815587,12.946130481936223],[101.0892554293946,12.94637599685484],[101.08916686505881,12.946632577031835],[101.08913483840212,12.946901129883258],[101.08913392559026,12.947171692719508],[101.08913360183431,12.947443945381849],[101.08912751072609,12.947715115260394],[101.08911248934999,12.947985791411213],[101.08907834568919,12.948345864669989],[101.08903767564829,12.948613921994934],[101.08906580014661,12.948879168938561],[101.08927955190984,12.94916721639396],[101.08954455513719,12.949420396234359],[101.08980838205127,12.949670761196728],[101.08996402771777,12.949896575566584],[101.09007579006573,12.950143077940766],[101.09011227556113,12.950409386983665],[101.09012662784164,12.950680392286301],[101.09025811502005,12.951013154933207],[101.09041346660825,12.951341771705472],[101.09055532296986,12.951675014590307],[101.09065132200095,12.951930113583899],[101.0906869648316,12.952198688918429],[101.0906057911244,12.95254727783464],[101.09043771592792,12.952868323214602],[101.09024704616434,12.953173168207172],[101.09034878287008,12.953494872790202],[101.09056263895468,12.95379477780682],[101.09073312163633,12.954107457693055],[101.09076786334629,12.954371520229529],[101.09077591677521,12.954646530213267],[101.09084685619752,12.955004065585229],[101.0909688924005,12.955342552416937],[101.09116579176793,12.955645980077975],[101.09138305898102,12.955940208573793],[101.09158915211776,12.956241304292803],[101.09178434906852,12.95654757111356],[101.09196063057868,12.956864722429032],[101.09208360567391,12.957108307402507],[101.09219509642662,12.957355938425849],[101.09232117508225,12.957695519732511],[101.09243548790749,12.95803971456121],[101.09256790318625,12.958379244606476],[101.0927635965628,12.958675903070514],[101.09307960394062,12.958862583441544],[101.0933947551639,12.959050398756972],[101.09370620657626,12.959243327617514],[101.09392158161575,12.959413869654384],[101.09410726283994,12.959614586643909],[101.09432594378734,12.959904846431584],[101.09447758297415,12.960132383003099],[101.09463263958469,12.960355375300367],[101.09482602620022,12.960547556824338],[101.09507040077841,12.960673241576899],[101.0954175345916,12.960794147332081],[101.09573891541868,12.960968917981234],[101.0960418367614,12.961174338425053],[101.096288521698,12.961438386572354],[101.09641923456007,12.961676824725714],[101.0965493808493,12.96191639422625],[101.09675518080701,12.962215227250965],[101.09704991831916,12.962406025617611],[101.09732449303101,12.962424148755531],[101.09754944225301,12.962568062765911],[101.09772457083233,12.96288352155733],[101.09783205240734,12.963132875681708],[101.09797447444248,12.963359356449189],[101.0982858296274,12.963539851283144],[101.09858646129624,12.963746415664616],[101.09872681399133,12.964069497109676],[101.09882051255664,12.96432348094396],[101.09900383755712,12.964516867559439],[101.09932405466145,12.964689383608231],[101.09946357908098,12.964913626862426],[101.09954839324382,12.965172199037795],[101.09961711044133,12.965434292059001],[101.09971709256985,12.965682010316584],[101.09999519532209,12.965914172101407],[101.10017165669666,12.966216061022465],[101.10031152555649,12.966549876775446],[101.10038253872324,12.966810819563705],[101.10039546737698,12.967081834758915],[101.10040148474081,12.967352904812742],[101.1005055066239,12.96760115456965],[101.10070399959,12.967783121593811],[101.10096563125893,12.967870818983158],[101.10131777069864,12.967969080708542],[101.10163691041515,12.968149508992667],[101.10189301035422,12.968401613243884],[101.1019727316563,12.968739302376946],[101.10176696227558,12.96902846229375],[101.10152442860954,12.969294761444132],[101.10149996075467,12.969638940085076],[101.10167839614115,12.969832366270737],[101.1019259264404,12.969955193877126],[101.10225671687402,12.970116886585117],[101.10249233835077,12.970261839312457],[101.1026688338996,12.97046431627524],[101.10272889871976,12.970724217648581],[101.1027559539242,12.970996811153952],[101.10278087144013,12.971357536421237],[101.10286066288933,12.971703130595074],[101.10313160883675,12.971939298859581],[101.10344196487483,12.97213617484465],[101.10367989221334,12.972383904793446],[101.10358594723374,12.972718478674892],[101.10337244098542,12.973012222436182],[101.10310847377713,12.973264009226682],[101.1028180611047,12.97348720567004],[101.10258577341477,12.973636503921568],[101.10233943022058,12.973758237952381],[101.10199109581248,12.973874017571916],[101.10163245427441,12.973962770765297],[101.10136226465687,12.974022565788857],[101.10109025211352,12.974071078817303],[101.10081640675185,12.974107180302155],[101.10054132572168,12.974133124843888],[101.10017504444278,12.974169407092518],[101.09980818130259,12.974205129063478],[101.09953252740428,12.974231641077438],[101.09925714779916,12.974256456969954],[101.09888937364576,12.974286536594434],[101.09861398414813,12.974310222039151],[101.09833923226984,12.974341244153152],[101.09797539894555,12.974395013718947],[101.09761197661152,12.974463464717189],[101.09734239493565,12.974527205066522],[101.09707987383717,12.974608962433706],[101.09673423020064,12.974737141905621],[101.096394514895,12.97488560558628],[101.09614907372082,12.975012411793443],[101.09591906041635,12.975158862791318],[101.09563674703833,12.975387634132062],[101.09537686634934,12.97564729088981],[101.09513120484127,12.975919824140647],[101.094904654826,12.976205194314332],[101.09470475891754,12.976509554572317],[101.09452424339918,12.97682448905897],[101.09435588041958,12.977146106407758],[101.09419445930689,12.977471617820981],[101.09403506256814,12.977798245292831],[101.0938794240962,12.978126535611182],[101.09376630826858,12.978374277251135],[101.09365924757628,12.978623101674827],[101.09355566186434,12.978874156417248],[101.09345238282128,12.979127466659293],[101.09332130483443,12.979465726861861],[101.09320408090366,12.979807828968205],[101.09310822306611,12.980156536594961],[101.09304209591608,12.980513478414366],[101.09301009264175,12.980784290362749],[101.09299564593238,12.981053831569113],[101.09299849588393,12.981325493376858],[101.09302841363046,12.981596936649339],[101.09310854232541,12.981949311711389],[101.09319592585138,12.982205041129816],[101.09330142262263,12.982457237111873],[101.09344819827578,12.98278987115566],[101.09359725910628,12.983120227216773],[101.09375264127146,12.983448836794423],[101.09390457363725,12.98377803992463],[101.0940565293854,12.984110066026801],[101.09417237015879,12.984359353601349],[101.09427642082022,12.984610429927443],[101.09438123680468,12.98495300327852],[101.0944237954219,12.985220390608561],[101.09442840714536,12.985495991446896],[101.09438764717225,12.985855552092119],[101.09431841736114,12.986117062352605],[101.09421168582071,12.986370967046525],[101.09403348425798,12.986687578768795],[101.09380865374641,12.986972934553364],[101.09361998137712,12.987174406074018],[101.09342984221348,12.987372498841808],[101.09317253538427,12.987631570140877],[101.09297338681239,12.987820132792933],[101.09276696542315,12.987999716613672],[101.09255356259689,12.988171450252253],[101.09233435015022,12.988337016340267],[101.0921151377035,12.988502582428282],[101.0918997060067,12.988672637032607],[101.09161537005332,12.988902553210323],[101.09133248740443,12.989134152019574],[101.09104698682904,12.989362947641951],[101.09083010542508,12.98953188259037],[101.09061641841305,12.989704181003219],[101.09034399398018,12.989946991660361],[101.09007829737556,12.990202174290971],[101.08982478028946,12.99046742483182],[101.08959991830164,12.990749954946523],[101.0894344115689,12.991070417565766],[101.0893539636146,12.991334275956092],[101.089305221259,12.991601267584485],[101.08927194544401,12.991961335447343],[101.08926749469919,12.992324558131884],[101.08928174895362,12.992685936306941],[101.08931068464045,12.993046631896618],[101.08934001782762,12.993316951915858],[101.08937567055079,12.993585524552373],[101.08944056203239,12.993940847592114],[101.08952529435692,12.99429262190705],[101.08959766370128,12.994646754244343],[101.0896519242969,12.995004986590914],[101.08968528914482,12.995275272435947],[101.0897062622343,12.995544528557218],[101.08971687603304,12.995814998763251],[101.08971598660355,12.996087255922191],[101.08970587192852,12.99635845637772],[101.08968221166481,12.996628637002061],[101.08963047816411,12.996985461909617],[101.08957856389964,12.997251916642711],[101.08951771307204,12.997517311974434],[101.08943109037256,12.99786933540156],[101.08935898902621,12.998132561568525],[101.08926896958735,12.998388589561785],[101.0891135910195,12.998715184658067],[101.08892814721628,12.999028462593515],[101.08865940730584,12.999427616791138],[101.08842880044887,12.999722705938154],[101.08820317223865,12.999974734646344],[101.08788604430555,13.000289080077039],[101.08761797439007,13.000537503403109],[101.08733565561607,13.000769659792013],[101.08704839866471,13.000996772782912],[101.08676346016563,13.001225560311411],[101.08648870828733,13.001467257607885],[101.08621891077416,13.001757301558257],[101.08607127986573,13.001967964150253],[101.08524935077696,13.005388688437279],[101.08491370670225,13.005306094700586],[101.08455166033093,13.005235009588091],[101.08418994670876,13.005169004745824],[101.08393055794897,13.005078454706961],[101.08366774726881,13.004991885966831],[101.08333554220155,13.004838092903697],[101.08307980289067,13.004736215903677],[101.08281925400541,13.004644544410269],[101.08247656374249,13.00451116865554],[101.08213867495994,13.004366457845776],[101.0818868845721,13.004254380735119],[101.08163905120131,13.004133233961625],[101.08130003826619,13.003991919891234],[101.08096668386543,13.003838132224075],[101.08064580126279,13.003660522415203],[101.08040903584839,13.003519515912956],[101.08017426333163,13.003375670251046],[101.07986332633152,13.003181599251434],[101.0796331043843,13.003030937627727],[101.07940802116332,13.002874585993425],[101.07919262543936,13.002705731084689],[101.07898348539959,13.002527223752452],[101.07869589659839,13.002300768165981],[101.07839801685503,13.002083431705046],[101.07808850258237,13.001887087219359],[101.07775677955181,13.001755901313857],[101.07738091959385,13.001719910445559],[101.07705039715819,13.001755770912155],[101.0766556271555,13.001847151924551],[101.07630371344567,13.001954461729099],[101.07603202825555,13.002012553436657],[101.07575829800709,13.002032252186723],[101.07548580702445,13.001993197328261],[101.07521075117529,13.001957551799649],[101.07493317542577,13.001964853395293],[101.0746670363547,13.002031937424022],[101.07440088739111,13.002270729910322],[101.07430267063182,13.002616630752982],[101.07418314443663,13.00285877141522],[101.0739743614277,13.003034974684397],[101.07364976642361,13.003207017689761],[101.07330434222166,13.003333476758598],[101.07304508386358,13.003431569411475],[101.07279576841006,13.003547656599096],[101.07250059922336,13.003760698797237],[101.07222961460508,13.004007436793813],[101.07196733632355,13.004262013281334],[101.07171289293569,13.004523869780826],[101.07146860379311,13.004794681729209],[101.07123736741062,13.005076688438464],[101.07102466965284,13.005371535667905],[101.0708759325783,13.005599787200481],[101.07073386307735,13.005833070439905],[101.07055155790812,13.006146314201089],[101.07037880803563,13.006465696734551],[101.07020924536045,13.0067873122847],[101.0700379380005,13.007107247901217],[101.06985969237098,13.007423848831593],[101.06962929775392,13.007703588349955],[101.06941208000353,13.007870817284413],[101.06915481364382,13.007966631954559],[101.06878928689611,13.007962203692784],[101.06842423499052,13.007910888376841],[101.06806137833001,13.007846564367526],[101.06769908104781,13.007779976764539],[101.06742475185087,13.007728502268606],[101.06705182997803,13.00770100639636],[101.06670934565983,13.007800851827881],[101.06692902215673,13.007965165160272],[101.06725470983707,13.008132022674772],[101.06759176764604,13.008280713883892],[101.06792682896003,13.008431680377782],[101.06825424064073,13.008597958728842],[101.06858371536623,13.008769867735282],[101.06890437044041,13.008954837595752],[101.06919704670639,13.009169402346117],[101.06945633114481,13.009420946319665],[101.06970252325289,13.009691234862657],[101.06987939202037,13.009902767998369],[101.07004767765824,13.010121148572182],[101.07020852230551,13.010345235344403],[101.07035846177365,13.010573928444103],[101.07054335788973,13.010884807887635],[101.07070759657836,13.011205454867877],[101.07081966559514,13.011451959940075],[101.07092400134167,13.011703610033635],[101.07105671159803,13.012042581599928],[101.0711862643347,13.01238271059367],[101.07128515738418,13.012637793399506],[101.07138777092894,13.01289002085781],[101.07149555017958,13.013139948749711],[101.07160361721321,13.013389873044275],[101.07174693857041,13.013723113231151],[101.07185500740275,13.013973038425036],[101.07196451065369,13.014222386254175],[101.07211300041467,13.014553324176632],[101.07226607761743,13.014881967029226],[101.07242518027789,13.015207737447156],[101.07254816886297,13.015450763042338],[101.07267430867245,13.015691505258815],[101.07280331821863,13.015931095443761],[101.07293405176512,13.016170105565948],[101.07306707858288,13.016407969951899],[101.07320211898269,13.016645250677811],[101.07333830242078,13.016881394660686],[101.07347563159516,13.017116963077456],[101.07366083527938,13.017428966673549],[101.07385091508775,13.017738673401084],[101.07404500857035,13.018046085958133],[101.07424311842522,13.018351207042599],[101.07439334387777,13.018578764298582],[101.0745447186639,13.018805746887779],[101.07474912557177,13.019106299416251],[101.07490422175249,13.019330427557236],[101.07506075235187,13.019553981031436],[101.07527117842221,13.019850530677502],[101.07548217825996,13.020147074927593],[101.07569375456319,13.020443614681142],[101.0759047570989,13.020740158931233],[101.0760618659624,13.020963705210875],[101.07621524983398,13.02118954206378],[101.07641967203028,13.021491221442773],[101.07663039217891,13.021788331366452],[101.07685512196639,13.02207290294217],[101.07709702430827,13.022344345315332],[101.07735094878734,13.022606654173785],[101.07754496492822,13.022799967944195],[101.07773984531769,13.022993273620727],[101.07799749568795,13.023253292805293],[101.07825656428906,13.023510474628722],[101.07851763568038,13.023765946841024],[101.07877728074698,13.024023124167911],[101.07903291843451,13.024283156842273],[101.0792799765897,13.024550601728947],[101.07951189375893,13.024832853053795],[101.07968133142839,13.0250489547455],[101.0798530461812,13.025261649805316],[101.08003220282399,13.025468635968821],[101.08022476925777,13.025660264409737],[101.08049896085839,13.025899812326543],[101.08071239156368,13.026072067571931],[101.08093181894833,13.026238061737217],[101.08115524202088,13.026399504433641],[101.08138122816121,13.026557537800159],[101.08168395614973,13.026764659761284],[101.08199236605492,13.026962698569719],[101.08222857209097,13.027102573724846],[101.08246792215692,13.027239599827737],[101.08278629295313,13.027422871768181],[101.08309954570751,13.02761409191686],[101.08341165542362,13.027806449707953],[101.08364531727761,13.027951993289889],[101.08387840806216,13.02809810524343],[101.08411035580832,13.028245355738648],[101.08434003366568,13.028396579438663],[101.08464304044401,13.028601998983106],[101.08493891829653,13.028816514270773],[101.08522797209332,13.029041251252806],[101.08544226794635,13.02921293093209],[101.08565599902522,13.029385743757132],[101.08594020367752,13.029616167152426],[101.08615164867967,13.029791257060936],[101.08635795315706,13.029971472205716],[101.08662246175726,13.030222951428129],[101.08691592043346,13.030474481012561],[101.08721560691481,13.030335094189297],[101.08739447127789,13.030128054066495],[101.08760745681872,13.02983375542351],[101.08780565840448,13.029528279106842],[101.08801603591138,13.0292323059262],[101.08824321365347,13.028947495130865],[101.08842178843486,13.028740456806702],[101.08860121307561,13.028531717864553],[101.08884984414505,13.028263677626683],[101.08912435410571,13.028024800604101],[101.08934590928635,13.027859778605944],[101.08957967366308,13.027708213163578],[101.08990460231558,13.027539532723324],[101.09025190160406,13.027428282988922],[101.09062190877415,13.027380112602145],[101.09099028367473,13.027377705117033],[101.09135637969325,13.027412595215139],[101.09172263579109,13.027466686738251],[101.09209030832113,13.027517942698921],[101.09240310242131,13.027353983699413],[101.09273681655088,13.02719415798407],[101.09298935697331,13.027083670874788],[101.09334462065777,13.026994947358958],[101.09371177877563,13.026950749277717],[101.09407964555925,13.026922358580009],[101.09444569930963,13.02688381723442],[101.09480923495829,13.026819877235596],[101.09508125379688,13.026765148992467],[101.09535031476526,13.026701407743815],[101.09570287059108,13.026599146733304],[101.09596217031799,13.026504982319125],[101.09621466217698,13.026388844769428],[101.0965319618806,13.026204402811004],[101.0968279917185,13.02599132733792],[101.09711263793793,13.025760269021248],[101.09731964568516,13.025578977387966],[101.09752026644719,13.025391525398618],[101.0977156630475,13.025199596584173],[101.09790263120152,13.024998699730247],[101.09814079865902,13.024721134772619],[101.09836274774267,13.024432970405314],[101.09855921723414,13.024129197404591],[101.09868795158775,13.023888101754551],[101.09881206342607,13.023645349553306],[101.09898072677919,13.02332316203433],[101.0991462074316,13.022999305373673],[101.09931139940164,13.022675449612336],[101.09948035773238,13.022354388943938],[101.09965829399511,13.02203890317287],[101.09981451522776,13.021812836093545],[101.10001833128103,13.021629311443633],[101.1002599494372,13.021488405665423],[101.10052687541503,13.021445574553695],[101.10080082329944,13.021484024168444],[101.10107734144623,13.021519627428916],[101.10145184432719,13.021493997649941],[101.10178980325685,13.021369820161112],[101.10204948429634,13.021116931701101],[101.10230065684988,13.020845472240808],[101.10261921020845,13.02067456957576],[101.10298168735505,13.020589164558373],[101.10325909942793,13.020560369165764],[101.10353179815399,13.020587526892882],[101.10386775069622,13.020737869257289],[101.10418590655439,13.020929589429045],[101.10443203570992,13.021186845896295],[101.1046055221272,13.021505128558886],[101.10476872479688,13.021833662593508],[101.1049559888279,13.022146186897032],[101.10514728362028,13.02245867702635],[101.10529326157484,13.022691329841052],[101.10544553388434,13.022918848426173],[101.1056611301571,13.023209676585338],[101.10590220332409,13.023481658551759],[101.10611206372084,13.02367312421535],[101.10634782818977,13.023828231187963],[101.10668236340041,13.023946385017723],[101.10704106519307,13.023959283993804],[101.10732107630668,13.023931024597175],[101.10760448685767,13.023895961829226],[101.10797758589695,13.023874289067237],[101.10825720760408,13.023868061262078],[101.10853324641226,13.023881066358172],[101.108797206426,13.023964206882681],[101.10903427940855,13.024103484887974],[101.10933163214918,13.0239463031794],[101.10962713408503,13.023740561677641],[101.10992262073245,13.023533124953815],[101.11021867934863,13.023325118959121],[101.11051414531164,13.023115423138336],[101.11080960677799,13.022905161643962],[101.11103119343488,13.02274633507534],[101.11125277379654,13.022586946430465],[101.11154821457848,13.022374424040493],[101.11184364007198,13.022160208227092],[101.11213877418515,13.021945431236702],[101.11236005057594,13.02178434736976],[101.11258160575659,13.021622131256379],[101.11280316093718,13.021459916941637],[101.11302442293885,13.021297137852685],[101.11324567504795,13.021133231013835],[101.1134672239333,13.020970449226922],[101.11376203159256,13.020751718816825],[101.11405712433685,13.020532420035181],[101.11427836925139,13.02036794842212],[101.11449961506526,13.020203474111099],[101.11472085997974,13.020039000699398],[101.11494180721871,13.01987340043712],[101.11523659869016,13.019652973006373],[101.11545754502976,13.019487371844775],[101.1156787791524,13.019321767985275],[101.11597327744488,13.019100777578899],[101.11626776944206,13.018879223297574],[101.11648899637015,13.018713054663806],[101.11670965402737,13.018547454401528],[101.11693030988596,13.018381855038626],[101.11715153771337,13.018215686404858],[101.11744573922954,13.017994132123533],[101.11773994524236,13.017773142616477],[101.11796059930225,13.017607543253575],[101.11818125516083,13.017441942091978],[101.11847546387162,13.017221517359189],[101.11876938390003,13.017001094425041],[101.1190633093243,13.016781237164423],[101.11935752343101,13.016561376306527],[101.11965116826684,13.016342648594389],[101.11994481220336,13.016123922680947],[101.12016663538196,13.015960570723792],[101.12038698906832,13.015793840913091],[101.1206021113984,13.015621505628019],[101.12080417827025,13.015437981877426],[101.1210496095519,13.015172201635835],[101.12126398544461,13.014878436290871],[101.12141236818633,13.014647904976869],[101.12155583073707,13.014414590261197],[101.12174212080231,13.01410354534238],[101.12191798142976,13.013785241096059],[101.12209210816434,13.013466387363962],[101.12227172975656,13.013150313436256],[101.12245249888377,13.012833663043182],[101.12263703617032,13.01251980684367],[101.122835773752,13.012216566241591],[101.12306092172423,13.011902942966515],[101.12331428142903,13.011587958117843],[101.12357955085565,13.011420295710138],[101.12385801063874,13.011550183893917],[101.12407280111893,13.011779436371967],[101.12427252705555,13.011998082245725],[101.12450726809601,13.012303985740402],[101.12477773830204,13.012510190393016],[101.12512669683963,13.012531053765144],[101.12550686275159,13.012462421103919],[101.1258697895592,13.01236512165309],[101.12612112129278,13.012251792686129],[101.1263741896172,13.012139578878532],[101.12663897970521,13.012050991160379],[101.12690934738851,13.011974784408835],[101.12726900156321,13.011932861612308],[101.12762284341954,13.012019766698927],[101.12797748297453,13.012132646004886],[101.12834104470352,13.012143783209069],[101.12870907966038,13.012105180709568],[101.12907639426027,13.012049638579981],[101.12934812441648,13.011998268405421],[101.12961769440113,13.01192997209057],[101.12997825329381,13.0118592341164],[101.13034584218695,13.011835882320156],[101.13062427409102,13.011827381928185],[101.13090394526091,13.011829039378711],[101.13127363676898,13.011849724685078],[101.1316358243339,13.011902101201031],[101.13199194956889,13.011986722009681],[101.1323459793835,13.012095646097237],[101.13269386323128,13.012226649440379],[101.13303183025482,13.012376935147472],[101.13335585239071,13.012546540090796],[101.13366567243287,13.012739418589319],[101.13388968366201,13.012900809125085],[101.134105157627,13.013074129167762],[101.13438085469272,13.013318122433475],[101.13464167877049,13.013574095568117],[101.13487935429885,13.013851161402044],[101.13509990673538,13.014146439406716],[101.13531701656711,13.014443441411743],[101.13554522942883,13.014725099184034],[101.1358838763399,13.015016950771724],[101.136341312002,13.015096970648699],[101.13669543444678,13.015014414683549],[101.13696278400533,13.014922405944333],[101.13722013040473,13.01480562807734],[101.13753738244429,13.014621708624986],[101.13782000428984,13.014396275567719],[101.13801825803625,13.014206558186174],[101.13821269865718,13.014008965441462],[101.13847865156856,13.013754299021741],[101.13869085829651,13.013579716330867],[101.13891675540401,13.013423094000643],[101.13914906467767,13.013275455897599],[101.13938456024931,13.013130050811242],[101.13969537224369,13.012934320562465],[101.13999280322537,13.012723451126419],[101.14027246360337,13.012489004164252],[101.14047302231216,13.012299830872564],[101.14066109033712,13.012098334170844],[101.14089050469312,13.011815163738845],[101.14109212909852,13.011515276708678],[101.1412714359281,13.011199195586471],[101.14143655325438,13.010874193189522],[101.14155597872548,13.01062807842311],[101.1416736855922,13.010383105795768],[101.14181858166228,13.01005093040618],[101.14195075592272,13.009713207998175],[101.14207888143528,13.009373261566793],[101.14219833388609,13.009029998435722],[101.1423264665932,13.0086911806535],[101.14248261588006,13.008361733807021],[101.14266878183889,13.008039947385726],[101.1429113460818,13.007779259105575],[101.1432283499085,13.007601548572666],[101.14349624985209,13.007507835618185],[101.14376730281884,13.007445726639048],[101.1441324788309,13.007411080257214],[101.14450431072544,13.007413655915514],[101.14487362361888,13.007424723871964],[101.14524159832115,13.007447663778692],[101.14560957392274,13.007470603685476],[101.14597793983012,13.007472075875626],[101.14634608270563,13.007447567551253],[101.14671205911429,13.007405570111018],[101.14707887009382,13.007360174132771],[101.14744240574248,13.007302379201462],[101.1477766297877,13.007151632142154],[101.14807895667855,13.0069424075661],[101.1483113064217,13.006667116094604],[101.1484590524434,13.006433189839868],[101.14861292374752,13.006208251409703],[101.14881161366509,13.005903865071389],[101.14894896262456,13.005666637405454],[101.14908834674986,13.005431649950708],[101.14931110971997,13.005146834658717],[101.14956663589157,13.004887729185384],[101.14983897578816,13.004641474124753],[101.15011947163634,13.00440588322499],[101.15040463406666,13.00417703184462],[101.15062293819813,13.004010298436583],[101.15084618770146,13.00384917140218],[101.15115057224119,13.00364557568281],[101.15138404613685,13.00350130823881],[101.15162363901976,13.003365462046474],[101.15194759010927,13.003193333605509],[101.15227503506486,13.003025693680854],[101.15260190355508,13.002858058252855],[101.15292673238287,13.002687615141383],[101.15325213587744,13.002517168432632],[101.15357959342356,13.002351221032086],[101.15391085779993,13.002192585119758],[101.15424736792176,13.002041247205852],[101.15459036035691,13.001906800358597],[101.15494598377018,13.001801052676512],[101.15531331455787,13.001783882820007],[101.15562978058995,13.001946180771654],[101.15584590476476,13.002127949944963],[101.1560377031775,13.002327428568037],[101.1562151726921,13.002534935438973],[101.15638035566894,13.002753839418176],[101.15658570506628,13.003054871285315],[101.1567709986827,13.003367930685499],[101.1568880418497,13.003614910599708],[101.15698039862656,13.003871131047902],[101.15707420960717,13.004229004564934],[101.1570593626995,13.00457705208936],[101.15692836655091,13.004815360740338],[101.15675747557708,13.005035927566041],[101.15658420139982,13.005247476889622],[101.15640396736927,13.005453435128004],[101.1561693540325,13.005732141325325],[101.15593563731989,13.006014793747795],[101.15570801171543,13.006302478776433],[101.15551364034229,13.006605701392061],[101.15536991878679,13.006937874983009],[101.15527765643873,13.007292776240661],[101.15523782996195,13.00765006789635],[101.15524498856541,13.008012051315177],[101.1552855587816,13.008374323416319],[101.15534824872276,13.008730197740476],[101.15543106908865,13.00908251614527],[101.15552826331873,13.009431891068971],[101.15563206756593,13.009779516811307],[101.15574131990604,13.010124272816995],[101.15582965131739,13.010381092213663],[101.15592114744305,13.010637320755791],[101.15605102663363,13.011002803436668],[101.15610200560315,13.011269535160977],[101.15615585340998,13.011535113055061],[101.15620884776018,13.011801827692238],[101.15625953804732,13.012068561215187],[101.15630332244046,13.012335917068981],[101.15634386567694,13.012694799625365],[101.15635220329159,13.013059597022846],[101.15635507033028,13.013424440285746],[101.15638953684771,13.01377998455871],[101.15653460468832,13.014102979668849],[101.15673112094453,13.014413686442538],[101.15683836240055,13.014758456837342],[101.15691200518495,13.015114804204927],[101.15697616102108,13.01547292503551],[101.15718543236187,13.015759801573608],[101.15739326838468,13.015947285039204],[101.15762297322169,13.016099001567738],[101.15796008768797,13.016248696420234],[101.15832024997962,13.016332678710228],[101.15868543858221,13.016365223376397],[101.15905587113161,13.016371175989036],[101.1593340341384,13.016364905915736],[101.15961037601812,13.01634792042023],[101.15997530471662,13.016283882395328],[101.16033890241846,13.016232280195652],[101.16072107291922,13.016263549623147],[101.16101409272625,13.016442976961855],[101.16119331142227,13.016750998359953],[101.1613414684341,13.017097120435835],[101.16145831015297,13.017352569265711],[101.16156160898112,13.017640325340778],[101.16173361601363,13.017946711771401],[101.16203974613745,13.018010241679349],[101.16233708538823,13.017923606389388],[101.16257247034326,13.01776688603303],[101.16273774415163,13.01746277039058],[101.16280645595322,13.01718318285765],[101.16287901955116,13.016915988881806],[101.16296899941983,13.016564491558086],[101.1630355501506,13.016301302263344],[101.1631165439934,13.016043073629021],[101.16325621230442,13.015709238090892],[101.16341494624282,13.015382019764445],[101.16356703059404,13.015052033324707],[101.16371622632283,13.014720941618236],[101.1638495319304,13.014384334369595],[101.16395655305251,13.014038908369002],[101.16402454809446,13.013776271257939],[101.16408849618722,13.013511972199808],[101.16416837666929,13.013158865988942],[101.16424018034013,13.012804132904478],[101.164297211747,13.012539326628655],[101.16435249936842,13.012272841318634],[101.16442920344502,13.011918633438256],[101.16452467997004,13.011570478894555],[101.16462298935954,13.011316624562596],[101.16475425260671,13.011076617092272],[101.1650205832334,13.010836045746942],[101.16535652858101,13.010685826589679],[101.16570822285627,13.010591394177538],[101.16603886400242,13.010725880594975],[101.16622551829312,13.010928218162803],[101.16637154391168,13.011161394382896],[101.16649464041541,13.011407186292672],[101.16658096723791,13.011664017380554],[101.16664654580148,13.012018731579246],[101.16667107930692,13.012290200032737],[101.16667919838636,13.012561803384585],[101.16666965298214,13.012921665302656],[101.16665184820431,13.013192922415499],[101.16663029685077,13.013463644431681],[101.16661047129628,13.013734352058748],[101.16658747922884,13.014005085766144],[101.16656102027491,13.014274718703348],[101.16652851068227,13.014543839026999],[101.16648965367466,13.014811881063508],[101.16645368798737,13.015081029266128],[101.16641505940754,13.015441698775419],[101.16641473924886,13.015802612900302],[101.16646200581698,13.016071630701219],[101.16657241828256,13.01631583440826],[101.16677161631708,13.016502815152819],[101.16702064938352,13.016624426875865],[101.16738449709692,13.016668265228304],[101.16770682940671,13.01650855642481],[101.16797678160327,13.016253832448456],[101.16817461716494,13.015952829359662],[101.16829806260557,13.015708366647857],[101.16841195095083,13.015457770559692],[101.16855044384795,13.015122246994167],[101.16867362578728,13.014781204289193],[101.16882080343737,13.014450691746049],[101.16894049330915,13.014205130062749],[101.1690729238764,13.01396736999817],[101.16921578028411,13.013736299090965],[101.169367598436,13.013509106959759],[101.16957524739979,13.01321084680319],[101.16978491624093,13.012913136132397],[101.16993992518746,13.012688740892713],[101.17009115698136,13.012460424608946],[101.17029097914542,13.012156582360433],[101.17049746888313,13.01185776642285],[101.17071292935827,13.011563959709008],[101.17087923199102,13.011346813005048],[101.17105424365849,13.011137500295433],[101.17125014657705,13.010946085893181],[101.1714765967676,13.010789999558881],[101.1717135510396,13.010649637870529],[101.17195839956054,13.010522766912231],[101.17221203355854,13.010412766336174],[101.17247983997271,13.010342747819607],[101.17276243843583,13.010317788934856],[101.17302989681235,13.01037315929392],[101.17332545180824,13.010579095948572],[101.17351533556433,13.01078817843171],[101.17365818657612,13.011019680114202],[101.17381912205491,13.011343659082627],[101.17395857272999,13.011680807723167],[101.17408022941913,13.012024883841377],[101.17418519559038,13.012370793677235],[101.17426143022089,13.012724286596608],[101.17430065055464,13.012994498697196],[101.1743274863245,13.013264815119157],[101.17434045904503,13.013629570248497],[101.17428913203787,13.013985825885186],[101.17413417255409,13.014314711554732],[101.17389082769961,13.014581079053585],[101.17357160884274,13.014766751284583],[101.17325701609849,13.014954643042415],[101.17300186944078,13.015056750268855],[101.17273673940906,13.015136914936704],[101.17238309990017,13.015239847740816],[101.17203018074832,13.015359153602105],[101.17167067136444,13.0154824668424],[101.17135328172861,13.015647222641235],[101.17115277068388,13.015938082276705],[101.17111331562705,13.01630214672673],[101.17122287463604,13.016646325367674],[101.17136637405895,13.016985135955338],[101.17151241406674,13.017318278116079],[101.17161823189593,13.017662486434631],[101.17167520394759,13.018020095551037],[101.17171499894812,13.018290304054347],[101.17177116610651,13.018555291093833],[101.17188302378258,13.018799480411758],[101.17205654077679,13.019013216886492],[101.17224947233535,13.019207587360313],[101.17246866409761,13.019374628336493],[101.17277996172589,13.019568006858094],[101.17296914491016,13.019761843134575],[101.17312119778512,13.019991009277703],[101.17330152444583,13.020324991405289],[101.17338686471209,13.020663457552587],[101.1732161419115,13.020970712728285],[101.17290696308595,13.021185671381659],[101.17210425790523,13.021761181733211],[101.17124188630407,13.022084571645735],[101.1698944275858,13.022785262230116],[101.16897815511783,13.023270355642467],[101.16779239090619,13.02391714625935],[101.16709170841568,13.024617843139026],[101.1664988132697,13.025911446855844],[101.16595981269523,13.02747455580618],[101.16574421642252,13.0277979547119],[101.16574420832859,13.028283059815408],[101.16493572230581,13.029630561701083],[101.16396553368247,13.031409266024866],[101.16353433394244,13.032702873338962],[101.16353431775462,13.03388868341608],[101.16358819523907,13.03539789959342],[101.16342648724265,13.03642200527139],[101.16299529199921,13.037284410147436],[101.16272579485963,13.037823408923259],[101.16272577597385,13.039224821568325],[101.16234847979854,13.039979425610056],[101.16213288082787,13.040518427083782],[101.16191728365578,13.040895728655016],[101.16191727915918,13.041326931992387],[101.16137828667866,13.042189332371834],[101.16100099140272,13.042997834582422],[101.16013860811034,13.044075833932652],[101.15883067999192,13.046114165336519],[101.15866529196973,13.04644030987248],[101.15856407237408,13.046692493264004],[101.15846198942933,13.046944683850143],[101.15833023425296,13.047229881353985],[101.15860521455909,13.0472179869206],[101.1588727916461,13.047149671720035],[101.15913853681405,13.047069510649465],[101.15949672419453,13.046986883637828],[101.15986214662081,13.046941474169728],[101.16023022474513,13.046903383384461],[101.1606001051108,13.04687374982376],[101.16096954031212,13.046859368764899],[101.16133769757676,13.046863636947364],[101.1617028933739,13.046891650829082],[101.16206625455408,13.046940576646364],[101.16233828778184,13.046987443016121],[101.16260979940279,13.047040524600561],[101.1629713799253,13.047116575769394],[101.1633329757363,13.047194320361655],[101.16369511293919,13.047268106138233],[101.1640583293285,13.047333410408612],[101.1644226626758,13.04739475136671],[101.16469673736458,13.047444420923341],[101.16497080665744,13.047493525705704],[101.16524485706458,13.047540369592411],[101.16551971686152,13.047580995566534],[101.16588532544745,13.047623120710512],[101.16625047627849,13.047646044429484],[101.16661568466617,13.047642422859553],[101.1669829812796,13.047613931437809],[101.16735095508255,13.047563969601583],[101.16771645035396,13.047494261351119],[101.16807720080226,13.047408778092688],[101.16843120723451,13.047309795111005],[101.16878134118599,13.0471961585759],[101.16912784727242,13.047062786418508],[101.16946582238984,13.046909148938141],[101.16979007655084,13.046734729923912],[101.17009569675906,13.046537309849043],[101.17038469659656,13.046316871626345],[101.17059429798854,13.046141154890449],[101.17079718504209,13.04595532707674],[101.17106110818366,13.045700080594315],[101.17125525742426,13.045503030140765],[101.17144651444517,13.045304874420481],[101.17169825986684,13.045040692274199],[101.17193927457794,13.044768129345755],[101.17216780579963,13.044484374354454],[101.17239168842576,13.044196140739359],[101.17261992466985,13.043911822772429],[101.17285627459745,13.043633085098861],[101.17303271798562,13.043420932330207],[101.17320856512322,13.043206524961192],[101.17344835495766,13.042926064186588],[101.17370010577531,13.042663010689466],[101.17397081969762,13.042427473748944],[101.17427384356307,13.042230637334114],[101.17461119724902,13.042073047333304],[101.17487739207803,13.041979877569361],[101.17514724175186,13.041909269996836],[101.17550697956352,13.041841294739982],[101.17587183631628,13.041798691156714],[101.17624147476431,13.041775816900497],[101.17661326259207,13.041768172663069],[101.17698427970083,13.041771265431578],[101.17735219774579,13.041782291119887],[101.1777188189684,13.041809706952449],[101.17808554900893,13.041849546019762],[101.17845203623256,13.041894470753277],[101.17881851716089,13.041938829813205],[101.17918578859332,13.041974709165572],[101.17955473366408,13.042004361612044],[101.17983318805125,13.04202856236833],[101.18011160826416,13.042048810604172],[101.18048215772546,13.04206432840607],[101.18084815032194,13.042052773017133],[101.18120890436751,13.042002289574043],[101.1815693940124,13.041921874894683],[101.18183860426825,13.041844487333265],[101.18210249233618,13.041751331059118],[101.18244458544933,13.041609505274494],[101.18276832519808,13.041444113654961],[101.18306694058691,13.041238267831829],[101.18334303515303,13.040993641443436],[101.18360515515383,13.040732186940943],[101.18385659390674,13.040467997600047],[101.18403276659893,13.040259231678249],[101.18420226002632,13.040044307199082],[101.18443018600436,13.039759419961285],[101.18467377727308,13.039487390330862],[101.18492867481854,13.039223737885266],[101.1851963643208,13.038973532102887],[101.18548446033964,13.03875139326226],[101.18571763026449,13.038604837043636],[101.18596654641902,13.038480173920959],[101.18631044357215,13.038347931312046],[101.18677507471,13.038213292909177],[101.18713769664743,13.038154561783642],[101.18740544010905,13.038173198434436],[101.1877490440832,13.038269699287241],[101.18809012905626,13.038407452941669],[101.18842487470829,13.038577451788001],[101.18866808286577,13.038721113988288],[101.18890101716829,13.038875593234081],[101.18919269608614,13.039093963016057],[101.18946439386673,13.039332834642664],[101.18972100282207,13.039591601071606],[101.18990625866695,13.039793926048901],[101.19008782459349,13.040002495019166],[101.19026709814813,13.040212213323059],[101.19044636630684,13.040421365953307],[101.19068612826226,13.040696652928261],[101.19085850941275,13.04090868698637],[101.19102575183706,13.041125848079503],[101.19119299426131,13.041343009172579],[101.19136594827995,13.041554473959877],[101.19161254957953,13.041821229965819],[101.19180723391679,13.042014435817634],[101.19200509196151,13.042208180363275],[101.19220694119741,13.042397373440053],[101.19241450742362,13.042581432287307],[101.19270024542004,13.042811143419556],[101.19299931586579,13.043017584593883],[101.19331540418261,13.043193947043051],[101.19365082342682,13.043341339631183],[101.1939120387097,13.043435706392813],[101.19417891522482,13.043518729106097],[101.1945378130697,13.043617349661019],[101.19489575583452,13.04370581057475],[101.19525722394178,13.043769391744092],[101.19562423906746,13.043808638158168],[101.19590068257048,13.043833403688666],[101.19617659637288,13.043863255784686],[101.19654143244122,13.043916640440671],[101.1968154576673,13.043961191955475],[101.19708865012115,13.04400913931039],[101.19744936999251,13.044085712985293],[101.19780166411556,13.04418664479789],[101.19814924129452,13.044307947154095],[101.19849292710694,13.044445097363393],[101.19882926365966,13.044598124204128],[101.19907462839143,13.044723683051586],[101.19931059790582,13.044861746972117],[101.19960940664885,13.045070440048846],[101.19989173711406,13.045304689160105],[101.20009587422527,13.045491029587367],[101.20029570628191,13.04567910210892],[101.20055842433186,13.045942885855538],[101.20073941918889,13.046248030322374],[101.20075534258507,13.046517865607086],[101.20068395440103,13.046783360763527],[101.20056283730514,13.047027817180094],[101.20044432194794,13.047273380662034],[101.20035702295831,13.047531103877418],[101.20028504841633,13.047795474881298],[101.20022712937856,13.048151222401032],[101.20025568285354,13.048513577239873],[101.20031398680112,13.048787570989646],[101.20033304433457,13.049053426774265],[101.20024617612017,13.049392476581602],[101.20012335480902,13.049639771258512],[101.19996699238283,13.04987266689011],[101.19973530094342,13.050153644774923],[101.19946700170084,13.050399352148418],[101.19925077230533,13.050572323254187],[101.19903598812044,13.050745845644315],[101.19875811919189,13.05098429099229],[101.19847995078914,13.051221608590424],[101.19820440121219,13.051461730274696],[101.19800210321455,13.051647006803989],[101.19781142715567,13.051843480792058],[101.1976242368691,13.052043313747959],[101.19742920539358,13.052235871188543],[101.19713677284386,13.052456366068498],[101.19683560877638,13.05266676875641],[101.19657958527972,13.052933266656964],[101.19642142510872,13.053256542355598],[101.19641015300624,13.053610764625148],[101.19647300572467,13.053976219427057],[101.19658465116078,13.054321488945618],[101.19669140968085,13.054570221638471],[101.19681541539916,13.054814854322103],[101.19699939420673,13.055131270891479],[101.19719968491756,13.055435687806778],[101.19735948095536,13.055655729428395],[101.19752844288337,13.05587004506657],[101.19776050304483,13.056151036441236],[101.1979366316703,13.056361335707152],[101.19811189784588,13.056571644865585],[101.19833823741976,13.056857201198909],[101.19855828084007,13.057147327886923],[101.19877689523759,13.057438597613213],[101.19899264979102,13.057732149818889],[101.19920468025185,13.058027992597829],[101.1994101222794,13.058327844554412],[101.19960811522242,13.058632278556843],[101.19975102109282,13.058863758655605],[101.19988906522826,13.059099231744199],[101.20002424142564,13.059335859562339],[101.20015741033626,13.059573634016033],[101.20033420176208,13.059890672916254],[101.2005124321031,13.060207700125318],[101.20069124070824,13.060524721039087],[101.20086803303337,13.060841759039988],[101.20100062817653,13.061079537990338],[101.20113293463726,13.061317317840007],[101.20130972786171,13.061634355840908],[101.20148767491634,13.061951383949236],[101.20166704559773,13.062266705144395],[101.20184585330355,13.062583160384577],[101.20202408364463,13.062899620121414],[101.20215898015289,13.063136813613085],[101.20229559076898,13.063372296594252],[101.20243449465625,13.063606632040489],[101.20257712443481,13.063838676913463],[101.20277312537951,13.064144816929797],[101.20292349742152,13.064372841833233],[101.20307817541755,13.064599134642378],[101.20323800562954,13.064821994739305],[101.20340555112534,13.065037446221197],[101.20364189655635,13.065312743987988],[101.2039008680307,13.065573163370857],[101.20411103959287,13.065755493721099],[101.20433570193114,13.065915108095794],[101.20465410240496,13.066088041430021],[101.20499856073508,13.066211051598827],[101.20526796164717,13.066283304930607],[101.20553932757798,13.066349893432857],[101.20589732340284,13.066440027984925],[101.20625695959109,13.066520546985714],[101.20652709974593,13.066578673766855],[101.20679556176583,13.066642461780248],[101.20715242984085,13.06673542829742],[101.20742039543495,13.066808256296042],[101.20768412342363,13.066890157554781],[101.20802492870757,13.06702335974029],[101.20834426177834,13.067203623448506],[101.20864742863597,13.067412262565938],[101.20894548014985,13.067628852589507],[101.20922354602988,13.067865383280889],[101.20941227685518,13.068065398799149],[101.209587655446,13.068286426977068],[101.20975208119364,13.068603562104784],[101.20977366042615,13.068956936313612],[101.2096869990558,13.069318012316444],[101.20952133044511,13.069637971315387],[101.20930882244426,13.069938561615402],[101.20908326168325,13.070229098394236],[101.20885798330931,13.070519067700843],[101.2086763643228,13.070827301338909],[101.20856100378734,13.071168290983906],[101.20849853597872,13.071529161042008],[101.20847323355292,13.07189084318793],[101.20847564103804,13.072161356561423],[101.20850110534178,13.072433367306132],[101.20856218909381,13.072790921563808],[101.20865401706931,13.073139743404511],[101.20877028322207,13.073483270036945],[101.20886646301693,13.073738296185468],[101.20896551344777,13.073992170302461],[101.20910073191328,13.074328757766011],[101.20925059673772,13.074660137255592],[101.20942483408891,13.074978882169717],[101.2095675079342,13.075214307594251],[101.20972507005598,13.075439441177309],[101.20996856959385,13.075707325832468],[101.21017554136819,13.075884592999614],[101.21039823958716,13.076048734561482],[101.21070997608462,13.076247696074347],[101.21103215820762,13.076422846237392],[101.2113693113447,13.07656454521765],[101.21172006313049,13.076680712444954],[101.21207082121151,13.076797444446527],[101.21241647563988,13.076923253305551],[101.21276212916899,13.077049063963159],[101.2130213794332,13.077144550380751],[101.21341564761411,13.077294792920384],[101.21375170537698,13.077442710712603],[101.21408805721813,13.077591189681698],[101.21442356009931,13.077741371067475],[101.21475708537128,13.077896085935663],[101.21500531534309,13.078015386401034],[101.21525327371967,13.078136382088417],[101.21550122040503,13.078256249126639],[101.2157517157691,13.078371009814305],[101.21600389826136,13.078481237918822],[101.21626148837703,13.078584077193455],[101.21661328697365,13.078687802300294],[101.21688816565637,13.078726671898437],[101.21716583043877,13.078722592573627],[101.21744035209065,13.078689171967767],[101.21771320100351,13.078629785236444],[101.21805807302172,13.078506523257488],[101.2183715524053,13.078319710686173],[101.21859653580157,13.078158507209366],[101.21882590878874,13.078005172800545],[101.21913555166446,13.077808225769047],[101.21944723060528,13.077613519848114],[101.21976507260007,13.077431750674805],[101.22010080570766,13.077285407595525],[101.22044650330355,13.077158183203665],[101.22087834336094,13.077028709607305],[101.22114753742898,13.076854511826298],[101.22140005356965,13.07674446538482],[101.22173751157698,13.076598107017048],[101.22207584822189,13.076453434878147],[101.22241419026273,13.076309326614194],[101.22274901415574,13.076158471636234],[101.22307884501276,13.075996927316396],[101.22332634023849,13.075873368561133],[101.22357296581976,13.075749252226274],[101.22389925334795,13.075578136421882],[101.22414002524204,13.075443903613291],[101.2243749776232,13.075302942077144],[101.22460409610221,13.075154124962921],[101.22482299738346,13.074990146178379],[101.22503315455651,13.074814946552578],[101.22523601463041,13.074629079168744],[101.2254359635989,13.074439848320367],[101.22563417417786,13.074249502312739],[101.22583355657343,13.074061406408816],[101.22603061422154,13.073871069394386],[101.22622534712212,13.07367849396735],[101.22641629927284,13.073481996596911],[101.22666423696501,13.073215540964497],[101.22690142506076,13.072939012025813],[101.22707466416449,13.072726853861241],[101.22724616937529,13.072514146210949],[101.2274801621798,13.072234818582047],[101.22772343239058,13.071962190902411],[101.22797135659289,13.071694603922879],[101.22816113872562,13.071496423021529],[101.22835470610488,13.071302726139947],[101.22861862295116,13.071051944791463],[101.22888979193038,13.070806749132203],[101.2291650366372,13.070566599568963],[101.22937371802271,13.070388022988936],[101.22958298396759,13.070210569662095],[101.22986200942427,13.069974341142995],[101.23007243459523,13.069798006572796],[101.23028549118254,13.069625603838574],[101.23050086981937,13.069455438617638],[101.23071829171585,13.069288081080117],[101.23093687373779,13.06912184139992],[101.23115662397907,13.068957286149896],[101.2314505044373,13.06873956657779],[101.23174466458465,13.068521280432776],[101.23203970426897,13.068304677818674],[101.23226178735166,13.068143491429055],[101.23248357275872,13.067981177289539],[101.23277977796442,13.067766259105611],[101.23300185025522,13.067603943167512],[101.23322422022164,13.067442752281238],[101.23344600293075,13.067280438141779],[101.23366634132867,13.067117570019889],[101.23395787995224,13.066896479788738],[101.23424533025786,13.066669211215185],[101.23453045671528,13.066439704229026],[101.23474465724019,13.066267288005008],[101.23496062313433,13.066098809012885],[101.23525361955893,13.065879964388898],[101.23555360641387,13.065669530224682],[101.2357829659112,13.065517313673126],[101.23601641462591,13.065371274564711],[101.23633333931224,13.065186673426297],[101.23657556900736,13.065056371554363],[101.23682041303169,13.064928307195657],[101.23715105597654,13.064763918320239],[101.23748817763737,13.064615285567015],[101.23783155138506,13.064489190723634],[101.23818440668509,13.064392382302628],[101.23854672734967,13.064323165082044],[101.23882174722593,13.064283507677771],[101.23909768710865,13.064250054696345],[101.2394657238641,13.064207895378104],[101.23983635786169,13.064166278351138],[101.24020774099449,13.064143858252521],[101.24057056258147,13.064162173845318],[101.24092768156731,13.064251136580765],[101.24118566918332,13.064366938683349],[101.24141373365694,13.064518580568063],[101.24161787796277,13.064700928005493],[101.24179324396312,13.064917976683319],[101.24197151837092,13.065233835673041],[101.24207945140563,13.065575155369174],[101.2421345816457,13.065842945595534],[101.24218886292573,13.066112440037102],[101.24227759543476,13.066464655919162],[101.24237005743225,13.066815146002227],[101.24246883536853,13.067163321230339],[101.24258082704358,13.067507429724174],[101.24270545599205,13.067847474181633],[101.24283928320642,13.068185180401827],[101.24298257938261,13.068518848665974],[101.24313619527925,13.068846781054162],[101.24326137821009,13.069088549397065],[101.24340435422761,13.069322820092111],[101.24362730785401,13.069609485289561],[101.24381347741013,13.069810058387532],[101.24401023198669,13.070002632915248],[101.24428579685213,13.070245918414457],[101.24457585788957,13.070467613889321],[101.24488183962524,13.070666016923212],[101.24520091998653,13.070847360717153],[101.24552710858927,13.071018477420864],[101.245854146152,13.071187891707893],[101.24617890033602,13.071359583977653],[101.24642458612578,13.071483958418014],[101.24667140955796,13.071606625945094],[101.24894213027517,13.072873991941208],[101.24915924820078,13.073066302967561],[101.24938588365166,13.073271118167611],[101.24965401472105,13.073519543292321],[101.24991672467718,13.073773663823602],[101.25017057181452,13.074035201063737],[101.25041243008963,13.074308704683006],[101.25063597726859,13.074595922064191],[101.25083663040624,13.074899716648645],[101.25102554109588,13.075210955820978],[101.25116967364158,13.075444645554001],[101.25130262131898,13.075683515381968],[101.25140514942814,13.075935076442647],[101.25145977604791,13.076262169763368],[101.25179124816765,13.076136157657572],[101.25212850292814,13.075938370659344],[101.25237658631045,13.075818169073273],[101.25262672644232,13.075702466795462],[101.25296269697094,13.075553824149722],[101.25329983481959,13.075406865934156],[101.25363960588317,13.075264400731555],[101.25398471532242,13.07513883379022],[101.25433808863193,13.075035219299991],[101.25469647206461,13.074943985776372],[101.25496757809134,13.074885141336267],[101.25524024803906,13.074839837988179],[101.25560516144913,13.074801634787661],[101.25597265501409,13.074793906913328],[101.2562492639924,13.074801656371392],[101.25652679657446,13.074816175026513],[101.25680433185448,13.074830692782314],[101.25708068812332,13.074842396559404],[101.25735707406977,13.074857488981991],[101.25763348789519,13.074875404376485],[101.25790989902271,13.074893320670242],[101.25818626608338,13.074906152197229],[101.25855387835884,13.074911409633899],[101.25892423176793,13.074901392984941],[101.25920321585579,13.074885397643015],[101.25947916113444,13.074851922178539],[101.259835930284,13.074773685657135],[101.26018336896738,13.074651477683574],[101.26043810193693,13.074534599991864],[101.26067822002392,13.074394694259809],[101.26096862280377,13.074177538562594],[101.26122553842794,13.073921141847279],[101.26140249532898,13.07370949719558],[101.26156870533157,13.073488345810574],[101.26177741459605,13.073189448933988],[101.2619629654186,13.072877763697875],[101.26213488971342,13.072556597808784],[101.2623105875636,13.072238787290246],[101.2624955493302,13.071925978800948],[101.26268051019747,13.071613169412274],[101.2628579410412,13.071295908379511],[101.26298276424325,13.071053657100663],[101.26310150892755,13.070808071135616],[101.26324363868304,13.07047361056874],[101.26335659622998,13.070130370819982],[101.26344586743289,13.069779994950864],[101.2635166476752,13.069423569342291],[101.2635686959386,13.069066177861885],[101.26358354644356,13.06870459464136],[101.26358282338867,13.068340889020874],[101.26362191422004,13.067984175629249],[101.26370250786448,13.067629922782771],[101.26380385966047,13.067277747370213],[101.26389714183966,13.067019959403638],[101.26401099331275,13.06677497958168],[101.26419860268345,13.066468925900267],[101.26442963941639,13.066186774400194],[101.26468733115547,13.065921897977262],[101.26495319143669,13.065668245093491],[101.26522199160166,13.065421343420326],[101.26542715483936,13.06523994836499],[101.26563667619172,13.0650624680585],[101.26592001030031,13.064830121912621],[101.26613564524388,13.064659930611356],[101.26635303296615,13.064492546094186],[101.26664745661486,13.064275917399698],[101.26687271790166,13.06411919434538],[101.26710146675936,13.063965827560935],[101.26740958528421,13.063766584560256],[101.26772004294571,13.063571276093569],[101.26803108156923,13.063376525206536],[101.2682662632775,13.063233834274058],[101.26850261860102,13.06309339074744],[101.26874013405001,13.062954066876728],[101.26897765579423,13.062815308679603],[101.26929513176498,13.062631794821527],[101.26961259694383,13.062447151414972],[101.26993006841798,13.062263073681947],[101.27024783486974,13.062080121000861],[101.27056647636186,13.061898290673639],[101.27080603686915,13.061762335663332],[101.2710456135643,13.061628075875035],[101.27128517856818,13.061492685638996],[101.27152416261009,13.061356735125287],[101.27176372311737,13.061220780114979],[101.27200299943894,13.061085391677523],[101.27224343858387,13.060951122896029],[101.27248417000851,13.060817416190844],[101.27280690791252,13.060642889257963],[101.27431045386442,13.060041458646424],[101.27608972026445,13.059580172087294],[101.2779019333276,13.059382489410382],[101.28014248628676,13.05911891160855],[101.28202059357557,13.059250741428627],[101.28317381761764,13.059316656338694],[101.28597450791727,13.059053085731364],[101.28729247876493,13.059053103717815],[101.28920354171015,13.058624768318452],[101.29076044264036,13.057587195292854],[101.29104579302896,13.057358762097238],[101.29133025488744,13.057122967950647],[101.29162035729371,13.056976974707652],[101.29181303614274,13.057162767447835],[101.29196873307063,13.057398587674754],[101.29215740543998,13.05771205266916],[101.29231595231943,13.058038207996958],[101.29243057541078,13.058380003434479],[101.29251333732071,13.05873393792092],[101.29256993255638,13.059092624425148],[101.29260262381212,13.059451521370647],[101.29261402721562,13.059813432843725],[101.29260902158916,13.060176053881833],[101.29259276544383,13.060537080421966],[101.29256324609702,13.060896529551258],[101.29252134218626,13.06125608929716],[101.29247626906465,13.061615677821351],[101.2924349362234,13.06197466559837],[101.29239102142856,13.062334809004255],[101.29234738812153,13.06269438403865],[101.29232453904632,13.062965107853472],[101.29231982480013,13.063234540241865],[101.2923249338487,13.063507274041513],[101.29234045344924,13.063784434304239],[101.2923924594445,13.064144855600659],[101.29250215694907,13.064483303761506],[101.29266442882039,13.064806601943189],[101.292863462279,13.065118278186048],[101.29303200692164,13.06534099259278],[101.29321679781702,13.065544925557901],[101.29348318420165,13.065788797415109],[101.2937746679666,13.066005336177398],[101.294006758705,13.066153502182431],[101.29424770057096,13.066293119232114],[101.29449262193702,13.066427051667176],[101.29473864407322,13.06655532556789],[101.29506511686174,13.066724113926739],[101.29531448177795,13.066839934015775],[101.29556838197533,13.066947806795895],[101.29591125210266,13.067083125985505],[101.29625495680085,13.067215049335118],[101.29660347916729,13.067338457903531],[101.29687181798005,13.06741909291685],[101.29714072336577,13.067498592086395],[101.29749119905966,13.067615205377479],[101.29782094268239,13.067763627689317],[101.29811947533358,13.067963155775089],[101.29838850842299,13.068212080922819],[101.29863277238462,13.068492287189372],[101.29885668558762,13.06878340493023],[101.29905050477703,13.069090603448615],[101.2992177049332,13.0694161085666],[101.29938576484125,13.069741044413718],[101.29958154904932,13.070042577203196],[101.29984136858434,13.070291580592027],[101.30006896900778,13.070451641030445],[101.30029313941691,13.070614554118436],[101.30051677562875,13.070781989896943],[101.30073898191853,13.070950566915201],[101.30098049125672,13.071212722888902],[101.30113554606868,13.071532689082403],[101.30125054058004,13.071881249220326],[101.3013767307516,13.072225756113824],[101.30148942209922,13.072481151883721],[101.30161507897276,13.072736997314621],[101.30183735181242,13.073005535776929],[101.30216601534937,13.073129676393478],[101.30245494773771,13.07316267971396],[101.30273598317916,13.073182765172533],[101.30301512105103,13.073184794043073],[101.30329447565958,13.073178915174822],[101.30365718393193,13.073215776586892],[101.30400503090749,13.073327320399585],[101.3043412055822,13.073484711650167],[101.30465948824485,13.073669371244534],[101.30494020082966,13.073902934173134],[101.3052095405879,13.074152412403976],[101.30551701519818,13.074351849658171],[101.30576651141541,13.074480646065012],[101.3060254909837,13.07457603535579],[101.30638703013739,13.074641707448905],[101.30676602603131,13.074633239432501],[101.30710751659865,13.074525709294107],[101.30739906961145,13.074313580807143],[101.30760613581458,13.074123101699854],[101.30781847474287,13.073942176989931],[101.30810812838746,13.073711992814253],[101.30832600624024,13.073538359807515],[101.30854976116262,13.073377098774131],[101.30886526402077,13.073200899102233],[101.3092141164384,13.073079746932819],[101.30958619474717,13.07300921400406],[101.30995249311314,13.072998596607988],[101.31030410644939,13.073081294666054],[101.31055819010845,13.073207785211196],[101.31078922864003,13.073364978610925],[101.31106768392652,13.073603073223296],[101.31131336432037,13.073878733416848],[101.31151148406781,13.074181927254187],[101.31166631494852,13.074506968321998],[101.31179909265404,13.074845761822473],[101.31189509977906,13.075102430133086],[101.31199769983402,13.075355650442987],[101.31214824814322,13.07568468360131],[101.31230568256126,13.07601083083523],[101.31242606221304,13.076255420351401],[101.31254701473301,13.076499439697443],[101.31266796455498,13.076743459043428],[101.31278364884639,13.076978490564954],[101.3130010383673,13.077261473038618],[101.31327916540124,13.077634247422623],[101.31350649692735,13.077918541107863],[101.31375153340662,13.07818629626064],[101.31401542417257,13.078436940912127],[101.3142916095702,13.078677873784898],[101.3145774905588,13.078907988712785],[101.31479652943636,13.079074886696731],[101.31501868806208,13.079236672934144],[101.31531991328342,13.079444058396632],[101.31562853632795,13.079641777945767],[101.31594284218846,13.079830973720505],[101.3161812047988,13.079969459423069],[101.31642098564004,13.080105671639501],[101.31674067664096,13.080285216789378],[101.31698100876662,13.080418600637984],[101.31722333558855,13.080549707403122],[101.31754813743663,13.080721299848165],[101.31787435301902,13.080890054932127],[101.31820226112552,13.081054840408626],[101.31853188244048,13.081217918072525],[101.31886573236773,13.08137135500408],[101.31920297183973,13.081517419293505],[101.31945576317298,13.081627533184133],[101.31970685208961,13.08174048533516],[101.32003985125817,13.08189505811049],[101.32028897335749,13.082013110316836],[101.32053667542726,13.082133434210675],[101.32086431283784,13.082299913110546],[101.32118741766527,13.082474340218653],[101.32151221861403,13.082645361594189],[101.32184746518845,13.082793697571162],[101.32219345236598,13.082919913822991],[101.32253748621605,13.083052923553623],[101.32287472928539,13.083198982447129],[101.32311338597407,13.08333745555916],[101.32331045081673,13.083525438148513],[101.32346922522464,13.083746519386409],[101.32360626391801,13.083984175129615],[101.32372206242331,13.08422992656989],[101.32382495655656,13.084482009237377],[101.32396433978249,13.084816214396824],[101.32404684898296,13.085075255118966],[101.32413422801227,13.085331429701796],[101.32431884713714,13.085697417801612],[101.32465670444344,13.085707259982087],[101.32482553237247,13.085419515598232],[101.32486329580451,13.085145838409744],[101.32489300310965,13.084873360017582],[101.32492647767486,13.084603109246132],[101.32501396822011,13.084256694890598],[101.32512919835386,13.084011685391033],[101.32528374504886,13.083781569563826],[101.325522548327,13.083505514567889],[101.32579965283179,13.08325904726729],[101.32611302429672,13.083070986436951],[101.32645814272917,13.082950971909895],[101.32682384214667,13.082875386589876],[101.32719106411639,13.08283932197719],[101.32755654319999,13.08286313332701],[101.32783233109728,13.082906391616746],[101.32810855156845,13.082934395605946],[101.3283857981661,13.082948837818662],[101.32866351960581,13.082952543924819],[101.32902878914734,13.082923269193543],[101.32938570758438,13.082833077984219],[101.32973543234436,13.082713017591743],[101.33008189256537,13.082582823638461],[101.33040932313179,13.082420045448771],[101.33063427055521,13.082264401580915],[101.33084052107324,13.082080690771306],[101.33109092290783,13.081813563345349],[101.3312658041736,13.081602462783508],[101.33142673785375,13.081378500117751],[101.33160351668903,13.081062903730071],[101.33174037821595,13.080729597892685],[101.33185668843549,13.080385745705655],[101.33195883703075,13.080036939153445],[101.33205174778999,13.079685957141237],[101.33212936917511,13.079332855426969],[101.33216947624038,13.079064237824355],[101.33220122140932,13.078794567115608],[101.33222745643201,13.078429504418125],[101.3322326158426,13.078058984634481],[101.3323155513217,13.077719388039384],[101.33249613428922,13.077410534768433],[101.33272208625533,13.077117085085433],[101.33297385865671,13.076843166878689],[101.33324496828072,13.076604089307352],[101.3335840693494,13.076458144627736],[101.33392961226184,13.076323435178438],[101.3342705083773,13.076184814577573],[101.33452823429064,13.076084783885733],[101.33478895584568,13.075997150348257],[101.33514319070576,13.075898506410965],[101.33541249359178,13.075835077227055],[101.33568419137237,13.075781229420272],[101.33604772522239,13.075722029747908],[101.33641426100939,13.075675792903553],[101.33678239129438,13.075645920123179],[101.33715044064036,13.075638070840341],[101.33751602044805,13.075673728959487],[101.33788177922082,13.075728585805621],[101.33825090415598,13.075773811812041],[101.33862263262847,13.075820143984515],[101.33898820164427,13.07582417384657],[101.33934564258738,13.075760509040322],[101.33961311355444,13.075686364434205],[101.33987692787798,13.075590789883108],[101.34021684822903,13.075440875595973],[101.34053548162723,13.075263483423043],[101.34083218415805,13.075051273997133],[101.34110986962486,13.074808175556882],[101.34130707566106,13.074613811378356],[101.34149356357716,13.074413330910545],[101.34172887298917,13.07413616794986],[101.34194936607042,13.073845585305548],[101.34215708787934,13.07354495273745],[101.34235439463964,13.073239331629907],[101.34254184842763,13.072927587937897],[101.34267206576328,13.072685826789552],[101.34278609530213,13.072437999713941],[101.34290704422477,13.072099186428375],[101.34297254274873,13.071745063084222],[101.34300396506097,13.071473137775115],[101.34304434821814,13.071204519273181],[101.34310145786606,13.070846518951726],[101.34316809223373,13.070490691392365],[101.34326591868728,13.070143616934445],[101.34335247303824,13.069884179611222],[101.34345203158603,13.069629142670863],[101.34360880320378,13.069301864089823],[101.34379888930738,13.068994614310043],[101.34395665557525,13.068772934123672],[101.34412542774635,13.068557364830554],[101.34430000144397,13.068346261570753],[101.3444789152698,13.068137377837786],[101.34471825904046,13.067861306654038],[101.34496778043876,13.067595306977864],[101.3451661699828,13.067405448402781],[101.34537097259238,13.067223436412519],[101.34564928128935,13.066986542395057],[101.34593137613217,13.066754130598724],[101.34614461438252,13.066581078554009],[101.34635873306911,13.066409712738107],[101.34664432357675,13.066181786760126],[101.34693398621454,13.065957777329629],[101.34722481437376,13.065735451429987],[101.34743921904476,13.065564082016806],[101.34764663058758,13.065384304841871],[101.34785462039446,13.065204521371641],[101.348062879998,13.065023041780023],[101.34833330523793,13.064775487199029],[101.34859008686306,13.064516761239588],[101.34876962032178,13.064312952380874],[101.34893289583653,13.064095738227763],[101.34913105515415,13.063790671102652],[101.34931065426332,13.063472219367497],[101.34943565643044,13.063228244088236],[101.34955345772596,13.062984335358863],[101.34968883087492,13.062649344191925],[101.3498051114168,13.062305489306937],[101.34988820157929,13.062046082560698],[101.34997389437979,13.061787781980627],[101.35008151265174,13.061441748038305],[101.35019143858409,13.061096256387145],[101.35031929070277,13.060757944023919],[101.35042435400078,13.06050737311682],[101.35053490496193,13.060258447969034],[101.35069108212781,13.059930608211062],[101.35085854488602,13.059608312773491],[101.35099833190753,13.059374933306572],[101.3511511447096,13.059148212420098],[101.35136437036948,13.0588531736351],[101.3515316829409,13.058637051258984],[101.35171089084497,13.058429855553413],[101.35196562471384,13.058168887584145],[101.35216719785797,13.057981818706025],[101.35238014922459,13.05780989531047],[101.3526852568192,13.057606636836852],[101.35292853692249,13.057474533622894],[101.35318302257849,13.057369999126195],[101.35353419524699,13.05725611257958],[101.35389372531523,13.057173213073384],[101.35425856318221,13.057133749023365],[101.35453649056666,13.057132346980268],[101.35481307975988,13.057141687339026],[101.35518029813232,13.057171097867922],[101.35554781058306,13.05720106957375],[101.35591653172264,13.057206746094494],[101.35628372131674,13.057172340730972],[101.35656073409069,13.057135366903708],[101.35682177940168,13.057054489073437],[101.35714151626803,13.056875940372379],[101.35744773362609,13.056668713190618],[101.35772659990272,13.056432369558252],[101.35798047222107,13.056172535634062],[101.35822212005485,13.055899256845294],[101.35845417841767,13.055617030701455],[101.3586778074349,13.055326975959247],[101.35889595598366,13.055035840231881],[101.35910801702141,13.054740807742121],[101.35931369467136,13.054440749840808],[101.35951386127573,13.054136789781069],[101.35966145171466,13.053907289090148],[101.35980672190277,13.053676115660267],[101.35999848793995,13.053367149974065],[101.36018764144654,13.053055947673897],[101.36032625305421,13.052821446752432],[101.36046023225396,13.052584164227824],[101.36063115380477,13.052264092813687],[101.36079137702052,13.051939600332332],[101.36093741343092,13.051607333211905],[101.36107072893105,13.051270097337181],[101.36116449944217,13.051014545085252],[101.36125105379318,13.050757365060406],[101.36132720658537,13.05049689081892],[101.36139700386872,13.050234215936371],[101.36149276278081,13.049884898569246],[101.36158909725907,13.049535579403539],[101.36168889772449,13.049187353813352],[101.36180835197393,13.048846292222663],[101.36194977216434,13.048513501696789],[101.3621041893569,13.048184544081494],[101.36226959806356,13.047860571408307],[101.36240009958499,13.047621625137936],[101.36253783974956,13.047386566636817],[101.36273336944947,13.04708038794962],[101.3629393249899,13.046780325551651],[101.36309675940799,13.046556947445197],[101.36325477388874,13.046334127817772],[101.36346855712827,13.046039643015149],[101.36363237493424,13.045821287622402],[101.36379850579647,13.045604041093668],[101.36402273016495,13.045317366903021],[101.36424838355612,13.045029547875401],[101.364480143344,13.044747887405151],[101.36472934278498,13.04448300828426],[101.36493005257995,13.044298199402419],[101.36514179255971,13.044122327083755],[101.36536051757389,13.043954295054732],[101.36558568173388,13.043796935280398],[101.3658960305774,13.043602652940137],[101.3662195248113,13.043428017189285],[101.36646778715868,13.043307151903605],[101.36671841112582,13.043192477550861],[101.36705423056833,13.04304201197931],[101.36739473907602,13.042899973055341],[101.36774088993019,13.04277595294792],[101.36809501507292,13.042672755743126],[101.36836704560272,13.042598544587236],[101.36864173992444,13.042531652114121],[101.36900776489648,13.042468440566154],[101.36936703955729,13.042452729410002],[101.36971279560908,13.042529190669654],[101.37004844597908,13.042693843046493],[101.37038584642971,13.042860738332479],[101.37064469829426,13.042975266995029],[101.37090728504324,13.043088631934893],[101.37125800895001,13.043142457258625],[101.37161255767347,13.043083864628727],[101.37197103733359,13.04298457587754],[101.37232433060342,13.042854837880498],[101.37266473658838,13.042702629422877],[101.37298681798734,13.042531385015479],[101.37329454980369,13.042335425439603],[101.37359289989246,13.042122044197015],[101.37388800972394,13.041901350566945],[101.37418399999166,13.041682344064952],[101.37448527107847,13.041473454036748],[101.37479005042053,13.041270177576678],[101.37509629116096,13.041069147623091],[101.37540486204483,13.040870919057738],[101.37571635482595,13.040677181706599],[101.37595170470746,13.040532144442977],[101.37618761396726,13.040385406561313],[101.37650843541604,13.04020344313443],[101.37684141659815,13.040058637895868],[101.37719513974395,13.039974634022201],[101.37756426288047,13.039935101623712],[101.37793553090012,13.039909102223362],[101.37821509055402,13.039900322142216],[101.37849683106396,13.039908464604025],[101.37885849342479,13.039871821727218],[101.37920323414198,13.039752319813772],[101.37945962276342,13.039639275931904],[101.37970631399526,13.039505991008753],[101.38001104657258,13.039298758431016],[101.38027859757926,13.039057982040276],[101.38052082907308,13.038789767333924],[101.38069187293166,13.038576421164976],[101.38085534359931,13.038354108755186],[101.38101417376515,13.038128449968042],[101.38117097056391,13.037901116643241],[101.38137920678503,13.037601588442612],[101.38153053840369,13.037374869354778],[101.38167492006158,13.037144260699108],[101.38181640140584,13.036911420825447],[101.38195700591115,13.036677458597865],[101.38214960202259,13.03636903969948],[101.38235089008157,13.036066187604547],[101.38255768109218,13.035766671994338],[101.38277027003198,13.035471056743916],[101.38299097355463,13.035181014592183],[101.38322300673644,13.034901033156189],[101.38346780039871,13.034630534171868],[101.38372420520795,13.034369528431057],[101.38399021387733,13.034119162569368],[101.38426379573764,13.033877764747103],[101.38447377214692,13.033700765577919],[101.38468782967965,13.033528811605436],[101.38505840522129,13.033246732051111],[101.38535040339843,13.033038738646894],[101.38565374292597,13.032848148922994],[101.38606206121523,13.032622191560961],[101.38642560225981,13.032422316336863],[101.38670082358419,13.032382508745854],[101.38697840293099,13.032348326414194],[101.38725215296455,13.032305143667486],[101.3876025773971,13.032209298420412],[101.38793635088194,13.03205882655368],[101.38825565607374,13.031871218082301],[101.38848366568868,13.031713250366238],[101.38869541915835,13.031541879154474],[101.38894835798038,13.031280902191952],[101.38912662699232,13.031071439295545],[101.38931041604292,13.030867007206666],[101.38957233459564,13.030611592550997],[101.38984152866368,13.030364019084288],[101.3901156770969,13.03012260957081],[101.39039506587966,13.029887364909996],[101.39061057222017,13.029717087273809],[101.39083568242086,13.029557452214704],[101.3911371954253,13.029346849877243],[101.39142591107702,13.029123377342046],[101.39168584842321,13.028871933193216],[101.39191147483473,13.028586357974064],[101.39212025334706,13.028285691231702],[101.39227764369838,13.028061735760559],[101.39243445758422,13.027837785685335],[101.39258547084285,13.027609371375434],[101.39272144294029,13.027374320068873],[101.39287929644246,13.027048708830876],[101.3930203614006,13.026714218586392],[101.39315477857025,13.026377530398747],[101.39328140311432,13.026038655059949],[101.39337195944842,13.025782562315442],[101.39346685141413,13.0255281243235],[101.39360211304717,13.025189169844339],[101.3937411167592,13.024850180291651],[101.39390910562076,13.024530688040898],[101.39413562326047,13.024248491574667],[101.39441927303108,13.024008122576845],[101.39473981838796,13.023831225031074],[101.39501703171072,13.023760330574873],[101.39527998358443,13.023793479585436],[101.39551855303887,13.023926244700476],[101.39576011993364,13.024071404271922],[101.39610864679668,13.024199198834026],[101.39646956811612,13.024268146258009],[101.39683302642311,13.02424163244541],[101.39719413120423,13.0241501947757],[101.39745386710234,13.024058565550433],[101.39770649116167,13.023946108026507],[101.39805022643685,13.023815299836258],[101.39831763804864,13.023743363965139],[101.3985904671764,13.023695662125135],[101.39896159490172,13.023658343857505],[101.39933931375839,13.023647505228212],[101.39968729113565,13.023718262088153],[101.39998199087626,13.023938034812488],[101.40019135304857,13.024237658341292],[101.40030783144135,13.024580496093051],[101.40040683510739,13.024933095985659],[101.40048966986245,13.025191535960687],[101.40056877962553,13.025451705331989],[101.40063754268851,13.025714229128425],[101.40069769024626,13.025979092061505],[101.40079320274418,13.026327769111333],[101.40093464721627,13.026661339349403],[101.40110964089729,13.026979916090283],[101.40135326364225,13.027248159574981],[101.40170003143135,13.027312148137185],[101.40202119192452,13.027139754396217],[101.40226945427196,13.026873727740394],[101.40249997839135,13.026589794683332],[101.40272587190151,13.026303644797395],[101.40292452944357,13.026000241418046],[101.40309680897064,13.025679010777765],[101.40324509998146,13.02534896858009],[101.40335062283305,13.025003509304554],[101.40343307267824,13.024744101658996],[101.40352303725842,13.024487448636876],[101.40364704207741,13.024147465333328],[101.40377855533615,13.023809670979574],[101.40391351659559,13.023471281274681],[101.40407510768011,13.023146761813678],[101.40427548922253,13.022843341347198],[101.40449409192888,13.022548223421836],[101.40473331159313,13.022270984918066],[101.40499728779463,13.022022317875724],[101.40521362690743,13.021850893603926],[101.40544534802444,13.021691749574643],[101.40576928742274,13.021509728591127],[101.40620523468391,13.021351983906982],[101.40656538618367,13.021316545222419],[101.40692698739059,13.021356029057529],[101.40736466314877,13.021511858185761],[101.40768158333844,13.021706567703973],[101.40798428704528,13.02192004337536],[101.40827127419999,13.022146088870954],[101.40854546759931,13.022389193606443],[101.40881252487816,13.022638577408486],[101.40907102420846,13.022896511065198],[101.40932181544946,13.023161291260635],[101.40956205764292,13.023436900192848],[101.40973432008286,13.02365102157745],[101.40990914738933,13.023862295708454],[101.41016077140256,13.024123680063838],[101.4103689437718,13.024299065849277],[101.41059025973277,13.02446360041489],[101.41081954998231,13.024619023049524],[101.41105734871775,13.024760813760622],[101.4113818097228,13.024930598568346],[101.41172007442196,13.025068631911893],[101.412071893703,13.025178865412386],[101.41242991740683,13.025275488573016],[101.41278703819131,13.025368166407816],[101.41305575741734,13.025431735885945],[101.41332587239117,13.025490774579623],[101.41359654134737,13.025547548780423],[101.41386636943747,13.02560659017206],[101.41422372944163,13.025694181441395],[101.41457832582915,13.025793654553581],[101.41493409493262,13.02589537776953],[101.415289604132,13.025999925756025],[101.41555419097318,13.026082730833423],[101.4158156823479,13.026172907653631],[101.41607320861175,13.026269896838301],[101.41632422558263,13.026378805637421],[101.41664978915651,13.026542925615558],[101.41696492958789,13.026730861440171],[101.41719479000761,13.026885142835113],[101.41741698460623,13.02705079076145],[101.41770261288536,13.02728361264866],[101.41797307769542,13.027526739867199],[101.41821728679838,13.027794395195258],[101.41843981594479,13.028083147719144],[101.41865522335991,13.028379871833693],[101.41887633607411,13.028670895145751],[101.41909658903643,13.028962490426636],[101.41931455772072,13.029255800714679],[101.41954251067841,13.029539418109721],[101.41979215168652,13.02980250308309],[101.42006718415331,13.03004106714161],[101.42035790619246,13.030264238403902],[101.42065263291272,13.030484547124217],[101.42086968428856,13.030653626863455],[101.42107675139101,13.030832400395013],[101.4213401178522,13.031085189929627],[101.42159409718988,13.031349925158963],[101.42183236087482,13.031627232011203],[101.42204915504453,13.031917727421217],[101.42219736691499,13.032144485179913],[101.42233300176667,13.03238096191194],[101.42250172897167,13.03270353074339],[101.42262161489566,13.032949188654186],[101.42273690978061,13.033196584954453],[101.4228835478375,13.033527830445053],[101.42301355563114,13.033866571784927],[101.42310359575441,13.034122674421951],[101.42319134800238,13.034380492066077],[101.42327219975226,13.034639504009931],[101.42334445218478,13.034902549413175],[101.42341842142309,13.035164449080128],[101.42350558731306,13.035421142571749],[101.42365021808314,13.035752969923692],[101.42377440906176,13.035996893941558],[101.42391464574439,13.036232195259629],[101.42412316165462,13.036529541705022],[101.42436253060634,13.036801187325011],[101.42462648882145,13.037054530841999],[101.42483017896967,13.03724067341841],[101.42503185463642,13.037426833081952],[101.42530407762115,13.037671063768641],[101.42557829889944,13.037913580347492],[101.42583966796639,13.03816694634753],[101.42608910302977,13.038436801417276],[101.42632139341765,13.03872036755098],[101.42650869342151,13.039026946436479],[101.42662432195493,13.039366950424494],[101.42668683383039,13.039634601255898],[101.42676253606226,13.039896482936399],[101.42687246828984,13.040242750702419],[101.42698814988324,13.040587834960661],[101.42708680191441,13.040840465315284],[101.4272086762395,13.041082149121905],[101.42741605900397,13.041380631411073],[101.42764549044711,13.041665917947796],[101.42781577168057,13.041880605005986],[101.42799519002608,13.042087301587742],[101.4282605538815,13.04233610802504],[101.42855726270756,13.042550739325236],[101.42885569013805,13.04276422398982],[101.42913190881058,13.043003892415754],[101.42932504181726,13.043199163110955],[101.42949873597792,13.043409299599546],[101.42968521490081,13.04371927072782],[101.42980827093504,13.043963764016553],[101.42994077524662,13.04420252232859],[101.43012955283666,13.044511905300226],[101.43029266557414,13.044729481880154],[101.4304675198602,13.044940170552479],[101.43064179858021,13.045150866419419],[101.43081694244802,13.045361550595146],[101.4310486572698,13.045643988978952],[101.43125173677828,13.045943072015234],[101.43140384990778,13.046272562928493],[101.43150999688891,13.046525120437991],[101.43165306014066,13.04675361298888],[101.43185218982677,13.04694317838505],[101.43208089371831,13.047094065738577],[101.43240768936346,13.047262665239884],[101.43274303576254,13.047422148313558],[101.43304447412322,13.04761865737521],[101.43323898938792,13.047925159818305],[101.43332161999683,13.048187537025285],[101.4334145118703,13.04843908819339],[101.43365187713249,13.048709609660818],[101.43392587537892,13.048956635440447],[101.43413671064076,13.049135357710611],[101.43432466804904,13.049330673371912],[101.43446634094892,13.049563694009294],[101.43455438997319,13.0498203731118],[101.43463014256707,13.050174296806404],[101.4346753937545,13.050442671592066],[101.43470569281351,13.050713447567603],[101.43476446171059,13.051068096115785],[101.43491570969229,13.051396462876482],[101.4351368520841,13.051686335955708],[101.43547960080298,13.051777414795879],[101.43580231532468,13.051616822858136],[101.43603599066847,13.051333961792977],[101.43633639840613,13.051130661051218],[101.43668965300515,13.051030204080689],[101.43705028834017,13.051095136031734],[101.43733501999526,13.051320030395118],[101.43760643269076,13.051567074161198],[101.4379467883137,13.051781278283443],[101.43833472706604,13.051737528064507],[101.43857504570184,13.051603684662382],[101.43883965322749,13.051538507196426],[101.43911322159795,13.051564728729318],[101.43946685211358,13.05164948803349],[101.43979526204174,13.051511990685867],[101.44001653933191,13.051228113386799],[101.44020438342562,13.051029824566797],[101.44040530815852,13.050843833975819],[101.44070504590121,13.050631500443444],[101.44102880723375,13.050460727280779],[101.44138145928696,13.050358010313971],[101.44174483755427,13.050291897553052],[101.44211039487885,13.050242141661556],[101.4424776896937,13.050222862894884],[101.44275399110387,13.050234370619762],[101.44303035456727,13.050252090861363],[101.44339828520276,13.050239015618104],[101.44366337656362,13.050164793670319],[101.44388299460456,13.05000573058004],[101.44398654794088,13.049758541123822],[101.44396804528913,13.049487657229633],[101.44398753359786,13.049214155409004],[101.44406912279186,13.048959266856741],[101.44429037580028,13.048673695234925],[101.44451417658803,13.048383581137386],[101.44473482435274,13.048095190140941],[101.44501565834599,13.047864960099901],[101.4453200572749,13.047658789621494],[101.4455460290261,13.047501923574941],[101.44577112663626,13.047343937872483],[101.44606562582806,13.047127131112234],[101.44634904986884,13.046896875890184],[101.44662546819086,13.046657086055745],[101.44690217879258,13.046417858297559],[101.4471818013991,13.0461819913059],[101.44745473394886,13.045939409975858],[101.44771166666015,13.045680603976734],[101.44795435590885,13.045408380092738],[101.44830903593333,13.045015378157245],[101.44857090142602,13.044760477913769],[101.44883045116444,13.044504469705544],[101.44908272898482,13.044241189579282],[101.4493344204472,13.043976785300458],[101.4496029831912,13.043729726245942],[101.44988317057192,13.043493287285457],[101.45014766478295,13.043242314381359],[101.45038570723466,13.042966743220688],[101.45055813155261,13.042753912363196],[101.45072302314907,13.042536634358214],[101.45078671673366,13.042278526233076],[101.45079296432391,13.042006280765293],[101.45078885442217,13.041735261972804],[101.45077724687252,13.041463184678264],[101.45091660491744,13.041138854974236],[101.4510733207772,13.040910360624707],[101.45124488534327,13.040698101736041],[101.4515528860569,13.040508268341966],[101.45190310274603,13.040394269380101],[101.45224623007954,13.040262266890181],[101.45259260216693,13.040138139763371],[101.45293399021153,13.040005023013464],[101.45319827667919,13.039763085597997],[101.45329510668387,13.039419392590958],[101.45328322663966,13.039149012317125],[101.45324141356042,13.038880610551757],[101.45318030642608,13.038524298257812],[101.45321997642083,13.038166465210224],[101.45329881368934,13.037808826416267],[101.45342249565169,13.037472221865585],[101.45362112261677,13.037172176554748],[101.45380075500088,13.036960969872894],[101.45397316762762,13.03674757244255],[101.45420103874699,13.036463626795012],[101.45442890357111,13.036179114574509],[101.45465299843721,13.035891816254377],[101.45488697055731,13.035613458993964],[101.45514010273359,13.035350731950757],[101.45540427768532,13.035098063824648],[101.45567252836457,13.034849875221596],[101.45587396571102,13.034659920419017],[101.45607766215443,13.034465424939469],[101.45626394232715,13.034169448161549],[101.4563102484193,13.033813247383534],[101.45633744211932,13.033446497557861],[101.45647440796762,13.033114284396731],[101.45670485384596,13.032829183120327],[101.45690402490089,13.032643200623284],[101.45711887833363,13.032470623420579],[101.45733723102848,13.032302529338324],[101.45755501804967,13.032135571099786],[101.4578509363717,13.031919305731435],[101.45807777237138,13.031764682594087],[101.4583116239823,13.03162072541619],[101.4586344374294,13.031445426864991],[101.45887794056455,13.031316623263592],[101.45911966304209,13.03118218900687],[101.45937907158697,13.031089373575753],[101.45965327397948,13.031094675978579],[101.45990089241229,13.031207523808234],[101.46011715058609,13.031381655938731],[101.46036799758508,13.031646376778895],[101.46062056678579,13.031910515757772],[101.4609076888388,13.032144961820563],[101.4612311785761,13.032300569715574],[101.46150875882222,13.032297931104665],[101.46177432772311,13.032216349105283],[101.46211832290231,13.032086586826551],[101.46245694643102,13.03193767528353],[101.46278445703712,13.031771928431795],[101.46309850659088,13.03158428488689],[101.46340169862953,13.031376417387776],[101.46369614116406,13.031157337141451],[101.46391359633549,13.030986423684567],[101.4640455376715,13.030758724335726],[101.46395371958857,13.030414001604925],[101.46379995800174,13.030095280972489],[101.46382775424752,13.029819442713176],[101.46396019290864,13.029583833826905],[101.46422062488199,13.029332888801832],[101.46452195262606,13.029111483807981],[101.4648406148026,13.028924925744775],[101.46511347091001,13.02885287206243],[101.46537239741826,13.028915348864302],[101.46561253529035,13.029058190882836],[101.46584185701613,13.029213558658853],[101.46606375843578,13.029375773872914],[101.46628877690557,13.029532876441124],[101.46659944590778,13.02973151599673],[101.46692534492877,13.029897822226758],[101.46727677210544,13.029995556050096],[101.46755164898946,13.03004037286496],[101.46782619042642,13.030080109409596],[101.46819152112187,13.030128016294952],[101.46855872690378,13.030161787636416],[101.46892717195146,13.030175217212559],[101.46929532292086,13.030188084712393],[101.46966271126519,13.030211122645255],[101.4700309125966,13.030229070415317],[101.47039909774026,13.03024532476195],[101.47076735033301,13.030268352802295],[101.471134285419,13.030303816667868],[101.47149634528017,13.030370385385027],[101.47187590774701,13.030488455577824],[101.47202998499586,13.03089610657014],[101.47200274632974,13.031256078205502],[101.47204540387236,13.031521077835521],[101.47217131525406,13.031759871221141],[101.47229590733031,13.032098063974502],[101.47215422543724,13.032387975724532],[101.4719257643626,13.032667985938872],[101.47175420159516,13.032877997421679],[101.47158177188135,13.033087450425569],[101.47135186469689,13.033366909355436],[101.47112109416321,13.033646377278558],[101.47094722103748,13.033855843772244],[101.47077363659412,13.034065307567914],[101.47059890011923,13.034274783054855],[101.47042445232665,13.034484255843779],[101.47024942716939,13.034693734028679],[101.47007440201213,13.034903211314202],[101.46984016639061,13.035182146838679],[101.4696056429861,13.035461084161739],[101.46937083179853,13.035740025082134],[101.46913573102921,13.036018967801169],[101.46890005469385,13.036297915916123],[101.46866437655979,13.036576864031076],[101.46848703474893,13.036785234251226],[101.46830999061365,13.036994730422521],[101.46807373601416,13.037273683933392],[101.46789610642026,13.037482055952182],[101.46771877180396,13.037691554821436],[101.46748222942142,13.037970511030323],[101.46730459623018,13.038178883049056],[101.46712697383083,13.038388383717006],[101.46694934243828,13.038596755735739],[101.46677171913956,13.038806257303008],[101.46659408594837,13.039014628422422],[101.46641703911513,13.039224123694396],[101.46618048773939,13.039502514229696],[101.46594393366564,13.039780904764996],[101.46570796325199,13.040059854678589],[101.46553119161126,13.040268216804805],[101.46535443076243,13.04047770937882],[101.46517765822239,13.040686072404355],[101.46500118515661,13.040895562280411],[101.46482470129899,13.041103921708668],[101.46463746694559,13.041302784296136],[101.46446941513148,13.041519534399015],[101.46433440440927,13.041757427563255],[101.46426871522908,13.042016121147128],[101.46429646830745,13.042288604935209],[101.46435640542381,13.042554006562227],[101.46444104062158,13.042812397973819],[101.4645705214125,13.043149983684827],[101.46470947835979,13.043484655592408],[101.46481506236529,13.043735506188682],[101.46491805992059,13.043986944941594],[101.46505386744207,13.044323339950211],[101.46515686499737,13.044574779602442],[101.46526187433608,13.044825633795995],[101.4654068576404,13.045157989049983],[101.46551875039006,13.045405953721854],[101.46563178887601,13.045653344626203],[101.4657448291606,13.045900733731912],[101.4658558585611,13.046148707396981],[101.46596517205512,13.046397826798341],[101.46607276334743,13.046647527161724],[101.46621516289952,13.046980470572294],[101.46635642301055,13.047314554323293],[101.46649624870298,13.0476492163383],[101.46663492326314,13.0479838891452],[101.46674136342324,13.048233599401158],[101.46684695732131,13.048485011174364],[101.46699023641037,13.048819075140273],[101.46714955041148,13.049143950732798],[101.46733379541837,13.04945616477022],[101.46753723735367,13.049758595982496],[101.46775354319152,13.050051304624048],[101.4679944203063,13.050324014142006],[101.46824016455201,13.05059385302394],[101.46847218694194,13.050873986445367],[101.46876408889165,13.051093690821233],[101.46910798874273,13.051155349240048],[101.46939091006249,13.050934675395013],[101.46971534408794,13.050776286796236],[101.47006823715947,13.050844632573785],[101.47040736610711,13.050976921947438],[101.470740447114,13.050848377350803],[101.47102004813678,13.050612488775414],[101.47120319417212,13.050408014418394],[101.47136777010655,13.050189597871679],[101.47163751006309,13.049947026434154],[101.47193458940984,13.049731296162463],[101.47224686460117,13.049538010271021],[101.47257471515104,13.049376197953222],[101.47291486303055,13.04923459609978],[101.47317071026015,13.049129941093952],[101.47342420666189,13.049020790377199],[101.47376231577829,13.048876948312568],[101.47401670430753,13.048770611574525],[101.47427051097537,13.048663716357453],[101.47460890068027,13.048519306820594],[101.47494907913676,13.048381090015368],[101.47521052284742,13.048289367260566],[101.47547852261579,13.048219605050804],[101.47584625540043,13.048187851787986],[101.47620042640864,13.048269165789407],[101.47643456490329,13.048414310072417],[101.47664941024215,13.048588437706258],[101.47690543104085,13.048848569306074],[101.47708947459961,13.04905291955663],[101.47728689197652,13.049240765449042],[101.47760547231474,13.049420675723638],[101.47795976473139,13.049456245709223],[101.47818461143072,13.049304449141061],[101.47835614182253,13.04909104541548],[101.47849924824175,13.048857585908934],[101.47867111318141,13.048619897790104],[101.47904624199055,13.048405672983449],[101.4794038421137,13.048599888773879],[101.47961295787178,13.048776892439662],[101.47981924616136,13.048959004254698],[101.48010916600526,13.04918153699839],[101.48033449384189,13.049338055007297],[101.48056210955377,13.049492857109726],[101.48078744368564,13.049649938993525],[101.48101079571171,13.049810428408591],[101.48131039585815,13.050021573037213],[101.48161962234775,13.050216248381219],[101.48194219837382,13.050392161169327],[101.48227663825634,13.050544805798211],[101.48262431975661,13.050667959858515],[101.48298360341062,13.050741874238156],[101.4832596467154,13.050756729239708],[101.48353707227812,13.050765924807649],[101.48390452807155,13.05079289007989],[101.48427197307313,13.050818724904275],[101.48464067712558,13.050826477959617],[101.48500954485468,13.050821804182988],[101.48537776866914,13.050810361209244],[101.48565382726235,13.050798108845697],[101.48592985258068,13.050782468735974],[101.48620590038206,13.050769086823948],[101.48648225215425,13.050757394738014],[101.48675861741634,13.050746832200616],[101.48703467511024,13.050734578937693],[101.48731070042857,13.050718937029387],[101.48758674103533,13.050704989443773],[101.48795533177321,13.050701444316246],[101.48823961556587,13.050705485869514],[101.48849344022017,13.050773630198933],[101.48866984493748,13.051076865405037],[101.48845012077652,13.051308242081745],[101.48814194199707,13.051506587559004],[101.4878361104482,13.051709431445147],[101.4875361119021,13.0519195571419],[101.48731747142421,13.052086548655325],[101.48710727468102,13.052263058593326],[101.48685443928099,13.052524117394171],[101.48667362069108,13.052729708709137],[101.48649717370569,13.052940340724206],[101.48627021899546,13.053226560757196],[101.48605918678209,13.053521098619854],[101.48594270209406,13.053766728651681],[101.48589122490017,13.054033190579332],[101.4858778546793,13.05439528641341],[101.48589467559884,13.054666175703517],[101.48593278257192,13.054934600851198],[101.48599885216538,13.055291978841808],[101.4860689318358,13.055647059963917],[101.48608924842011,13.056008264569812],[101.48600835889869,13.056357456931153],[101.48584483427175,13.056679772153814],[101.4857046326627,13.05691546557631],[101.48556558938049,13.057151712981238],[101.48537833704069,13.057462963844728],[101.48523550401535,13.057694729927903],[101.4850918094395,13.057926504104955],[101.48500619038344,13.058206284092762],[101.48537304812771,13.058172263639108],[101.48573522939739,13.058102713669371],[101.48609623615243,13.058030915394454],[101.4864621882794,13.05799294961497],[101.48673819830924,13.057975047710329],[101.48701455277944,13.057962790850183],[101.48738307516885,13.057951338883242],[101.48775172526194,13.057952874925263],[101.48812040593202,13.057957232140609],[101.488488672914,13.057949170617803],[101.48876466585671,13.057929572591775],[101.4890400535557,13.057907157889076],[101.48940821441761,13.057888366554948],[101.48977688159789,13.057891592423118],[101.49005344471078,13.057900223216791],[101.49032992328739,13.057900383296101],[101.49060632182437,13.057892638334636],[101.49088239840404,13.05788150922433],[101.49115846419181,13.057869248766849],[101.49143481686338,13.057856987410105],[101.49180303258396,13.057843838422457],[101.49217131575369,13.057837464927104],[101.4925398921024,13.05783165440738],[101.49281686620549,13.057823899553398],[101.49309293199326,13.057811638196597],[101.49346108925795,13.057792842365814],[101.49382931037445,13.057780254555155],[101.4941976142286,13.057776138358122],[101.49456625263053,13.057776534059826],[101.49493493060265,13.057780882281918],[101.49530394222319,13.057789743302067],[101.49567192501939,13.057811038348802],[101.495946917916,13.057835489116599],[101.49622168688143,13.057866152401061],[101.49660392483133,13.057910213785362],[101.49686296825143,13.057938560416289],[101.49713764098942,13.057965160563754],[101.50067737256273,13.058450457222875],[101.50555273676946,13.058298221785549],[101.50716909188014,13.058254317782598],[101.50952069042756,13.058519238272254],[101.51184597840921,13.058777646771034],[101.5129655606122,13.058892493793621],[101.51391289926096,13.059036050773159],[101.51476919504239,13.05939004191697],[101.51513130796354,13.060851292753],[101.51512997606761,13.062312691077864],[101.51497700858215,13.063531624984535],[101.51484738839633,13.064439758588037],[101.51485920818595,13.06503820165176],[101.51501056318699,13.065878098295627],[101.51520924231272,13.066499569399639],[101.51558392955474,13.066982672612312],[101.51628603297411,13.067489690596801],[101.51684803281051,13.067812860175422],[101.51733802393073,13.068064828628962],[101.51807532231834,13.068883170322124],[101.51879299929755,13.069342518842234],[101.51936713638429,13.070002825370125],[101.51994127257171,13.070720548214751],[101.52019963070848,13.071179888640984],[101.5204579897445,13.071696648981231],[101.52076853643888,13.07237222240019],[101.52071008770042,13.072912621420414],[101.52049898893728,13.073395784887623],[101.52018191856075,13.073994047187568],[101.51991270470762,13.074199956862572],[101.51991251135337,13.074596215243162],[101.519252239899,13.074911999589176],[101.51890774739468,13.075256501986019],[101.51855299992104,13.075475837639829],[101.51886906755351,13.075913201333208],[101.51933765031237,13.076167251717322],[101.51998132118109,13.076305526978558],[101.52084837555213,13.076432584995871],[101.52163269319431,13.076410244037561],[101.52249994361756,13.076216560645832],[101.52308536359874,13.075894623138424],[101.52333839235297,13.075683220404358],[101.52387410320733,13.075687196307115],[101.52453438005767,13.075055615024667],[101.5247640408279,13.074883366074516],[101.52502240795781,13.074739825282734],[101.52556785037604,13.074538870872232],[101.52591233928308,13.074395333677728],[101.52651519262213,13.074337923656287],[101.52714675322017,13.074337932649541],[101.5275604638444,13.074197493619465],[101.528041101116,13.074221022582151],[101.52846236964268,13.074071212616445],[101.52907206142658,13.073588658889548],[101.52947022367192,13.073037028236286],[101.52971656416815,13.072565938167543],[101.53016203435044,13.071795880175785],[101.53043145504768,13.071554949101653],[101.53077149680718,13.071348335257539],[101.53128675438029,13.071152427842321],[101.53189582113532,13.071061757294331],[101.53263369329039,13.071062428188554],[101.53334842229191,13.071166094839441],[101.53386328686128,13.071270589765959],[101.53419106006942,13.071385954798018],[101.53461282861923,13.071455223279997],[101.5351282327818,13.071386921569228],[101.53557321912882,13.071191695840128],[101.53604183066602,13.070997366735128],[101.53699049401615,13.070883022433577],[101.53800971457673,13.071022081903607],[101.53922747217018,13.071368111349329],[101.54030471429121,13.071829581370139],[101.54131142528212,13.072152830988387],[101.54233053612541,13.07228058058439],[101.54320900469185,13.072005407823383],[101.54404067793502,13.071660676998704],[101.5450483925693,13.071351476589427],[101.54548255827348,13.071281696393214],[101.54633652571016,13.071145664041239],[101.54727573268895,13.071600494367374],[101.54815923655957,13.071914656336389],[101.54866970884007,13.071934298429198],[101.54912348875808,13.072125534765689],[101.54947475765402,13.07262123028562],[101.5498027682832,13.072759158408473],[101.5502008091201,13.072817340947552],[101.550762905184,13.072921334052353],[101.55105532424386,13.073070903899122],[101.55125468955237,13.073301576406664],[101.55150047336821,13.073509201988145],[101.55182835359568,13.073578239344329],[101.55230188442448,13.073819253156046],[101.55328356008829,13.073897802641511],[101.5545008302492,13.074467219186886],[101.55526653372362,13.074801013356137],[101.55589480280298,13.075075906427969],[101.55628746929136,13.075272253611672],[101.55678142732108,13.075480715562605],[101.55703873684831,13.075688222433541],[101.55776514264727,13.075861718743397],[101.55906509737639,13.076299435870339],[101.56013040639323,13.077162967596905],[101.56144132295873,13.078326713706929],[101.56277581435239,13.079708174892403],[101.56394667769706,13.080917337665028],[101.56524583742549,13.082333011759147],[101.5660304509446,13.083230920970266],[101.56654548278789,13.084128120616299],[101.56699001227929,13.085336581018453],[101.56723551820465,13.086349390312137],[101.5674693779095,13.087349892383656],[101.56778495091481,13.088063865055403],[101.56826509895524,13.088316568255095],[101.56896779232983,13.088421373447659],[101.56949492005458,13.08826027878888],[101.57036222713515,13.087685853919083],[101.57105313309569,13.08737631356604],[101.57223660133815,13.086906017598665],[101.57329044040154,13.086711432186917],[101.57368850102358,13.086769573357174],[101.57422737029697,13.08724076415001],[101.57448497660044,13.087862700203516],[101.57473019834003,13.088955679561025],[101.57472948427835,13.090439596010583],[101.57467014431177,13.092268534665209],[101.57471691085681,13.093775691395081],[101.57482167018401,13.095098191228601],[101.57500864643197,13.096294517078377],[101.57525409659934,13.097352483130635],[101.57575723310987,13.098262194144979],[101.57627239805277,13.098998998804802],[101.57662351136599,13.100356302401508],[101.57682203940567,13.101276957265839],[101.57714995740469,13.102231328612959],[101.57759427555544,13.10296770699415],[101.57796922000358,13.103347919670796],[101.5783439414198,13.103762013406254],[101.57849594932867,13.104142196405292],[101.57863612126005,13.10460267717184],[101.57854218797166,13.105097122634163],[101.5783429503669,13.105602785340295],[101.57812050665609,13.105982199419032],[101.57781530912928,13.107155209445409],[101.57773315426169,13.108006395278949],[101.57800201917792,13.109041533839786],[101.57815444257352,13.109405902260619],[101.57827142458666,13.109685927763394],[101.57863419041564,13.110112560746131],[101.57903213142777,13.110652900411083],[101.5794069904403,13.111354957964977],[101.57960549869489,13.112437098693192],[101.57966376756889,13.114323576871641],[101.57966303192342,13.115910250757508],[101.57974426228793,13.117567249828767],[101.58004840940663,13.118613321447697],[101.58062257617104,13.119477126568199],[101.58131325460306,13.120133100162491],[101.58202729382464,13.120708654580767],[101.58309319999125,13.121491856164255],[101.58377215935775,13.12218294558653],[101.58410038132757,13.122884331346881],[101.58420552016867,13.123793488378851],[101.58395876328638,13.124712955238749],[101.58356020443995,13.125495042562193],[101.58313854920476,13.126162174045135],[101.58277538767408,13.126748537415097],[101.58251718242207,13.127565352059378],[101.58238794714612,13.128209219879636],[101.58245821027822,13.128703146433111],[101.582575540329,13.129014784005108],[101.58283314033724,13.129462787577609],[101.58321932001564,13.129865455426454],[101.5839685470109,13.130441776067187],[101.5849293602019,13.131087111580996],[101.58574930538617,13.13159382829258],[101.58668608869209,13.132089202754571],[101.58744750599766,13.13261795735292],[101.58826713192263,13.133148381092951],[101.58907537512852,13.133746673969881],[101.58964883772376,13.134426378874309],[101.5903047933316,13.135335626737856],[101.59117119659351,13.136094812825377],[101.59254176429107,13.136418653298279],[101.59412332193381,13.136534826820878],[101.59548200598982,13.136385598716458],[101.59639635300937,13.13594949587258],[101.59743893435939,13.135271557236649],[101.59880991574505,13.134594814698971],[101.59993398106843,13.134434384639178],[101.60076603292612,13.134446297958334],[101.60189033926781,13.134746604072575],[101.6025583134155,13.134988285181294],[101.60397574568418,13.134839549905337],[101.60469029931789,13.134472073427503],[101.60548675780768,13.134277670578058],[101.60606063858768,13.134392687572529],[101.60678726112326,13.134841550896908],[101.60745485575706,13.135210831414781],[101.60855564932382,13.135084479365275],[101.60965687726315,13.134890360701661],[101.61109800307042,13.134695045939679],[101.61219898639416,13.13469628520545],[101.61305647917322,13.134880676801856],[101.61342893519725,13.134961587007695],[101.61436627698214,13.135341655792843],[101.61537340525848,13.135837327031084],[101.61612272668253,13.136252049392624],[101.61674371844794,13.136734702944239],[101.61741140301388,13.137437086052728],[101.6179852514183,13.138254478961073],[101.61839491419397,13.138909798748273],[101.61896893077159,13.139416637767681],[101.61958975886034,13.139773934819289],[101.62016377363932,13.139900208627751],[101.62137012513125,13.139568326417191],[101.62193269243988,13.139430463944791],[101.62261206819244,13.139441600249711],[101.62301044087923,13.139683714831619],[101.62319792614346,13.140086077810281],[101.62327981031507,13.140580989121418],[101.62334990977058,13.141593221949677],[101.62360749898693,13.142628385691523],[101.62392344341225,13.143732966303389],[101.62433936906666,13.144696008014421],[101.62443170425979,13.144934956982752],[101.62483724544256,13.145470602186606],[101.62528231902388,13.145931309582295],[101.62616043235812,13.146587469336282],[101.62673454426385,13.14720833879386],[101.62720318997532,13.147934178019966],[101.62765981175096,13.148612709309134],[101.62847943767599,13.149509988994851],[101.62931130697132,13.15025807744837],[101.63020179587625,13.150937806634545],[101.63117379843209,13.151696873112257],[101.63220457438166,13.152617945262023],[101.63295452712975,13.153354435159088],[101.63359859010291,13.154102171977684],[101.63432455163678,13.155126863114276],[101.63462922306024,13.155978581346517],[101.63501566174347,13.156933351093301],[101.63523824215122,13.157543121118181],[101.63570700297589,13.158382988983817],[101.63603486701555,13.15876243813608],[101.63650324742702,13.159027518705045],[101.63744046600476,13.159384895796336],[101.63831916479768,13.159603974244078],[101.63919765135057,13.15985692655596],[101.64031093470192,13.160191028293355],[101.64133006173302,13.160663859449585],[101.64231390656158,13.161284979817992],[101.64314553214064,13.161895243570712],[101.64413001189058,13.162413587617039],[101.6448558718011,13.162724554294812],[101.64591039614794,13.163058102049831],[101.64689434529788,13.16315071513344],[101.6477848719743,13.162967623956717],[101.64869839161753,13.162565221407874],[101.64947189311346,13.162001649556544],[101.65015156564232,13.16139274557878],[101.65079563670935,13.160795502210703],[101.65156904917234,13.160278224760305],[101.65218986467056,13.160036928561453],[101.65281090410002,13.159870159180571],[101.65339681061437,13.159865231795038],[101.65439207413499,13.160474890303988],[101.65507190224656,13.161165726117417],[101.65548181323516,13.161510418271234],[101.65578616539926,13.161683430745768],[101.65618455697177,13.162028240710811],[101.6565593863067,13.162432014725766],[101.65686407391792,13.162903138069396],[101.65713934290642,13.163317539372997],[101.65741469822979,13.163472780344591],[101.65768985840032,13.163369429355726],[101.65771957290002,13.162972759984939],[101.65760216820559,13.162477677802656],[101.65754357557563,13.161799615060261],[101.65740296927169,13.161316629658756],[101.65723894192371,13.160959231883112],[101.65709859192651,13.16066030892614],[101.65699289730441,13.160315856891316],[101.6568875687064,13.160005279620009],[101.65687602141134,13.159682437394622],[101.65712195001805,13.159246265302954],[101.65757895310628,13.158935511764525],[101.65849260135252,13.158441608593421],[101.65917220733155,13.15809692903008],[101.65974616365457,13.15778608915673],[101.66035546783064,13.157280654878377],[101.6606599818727,13.156774991272869],[101.66076517557246,13.156165244630358],[101.66076552271079,13.15571693618773],[101.66075362378075,13.155094852645391],[101.66095286678143,13.154658033941189],[101.6612106097819,13.15446339277139],[101.66160855259267,13.154393772654544],[101.66205380693771,13.154543861410104],[101.66306156384013,13.154924124448826],[101.66392806602749,13.155188408218521],[101.66456107543337,13.155385099842533],[101.66516987688834,13.155580912828896],[101.66575602532038,13.155546595598935],[101.66618945268118,13.155455145338749],[101.6667047534217,13.155156195402128],[101.66711480830185,13.154661850663899],[101.66721991566664,13.154258753838462],[101.66739598133955,13.153810880667663],[101.66771188169804,13.153454151088226],[101.66839162707197,13.153178332614004],[101.66929371183539,13.153270585968812],[101.67028924964922,13.153639654246717],[101.67146055276237,13.154065609140616],[101.67257388737505,13.154192917169439],[101.67376839209766,13.154101435432949],[101.67556095227621,13.153215521379252],[101.6768023557442,13.152296949344759],[101.67764573456304,13.151652407032998],[101.67839538334033,13.151077722259117],[101.6789870077443,13.15051484738234],[101.67947296540507,13.150089709072859],[101.67981296309785,13.149779014889702],[101.68087899157229,13.149054225172392],[101.68257708606376,13.148388326659983],[101.68436975056358,13.148101975325972],[101.68698210124302,13.147803650418155],[101.68863349034336,13.147401310821863],[101.69007419886526,13.147068919595029],[101.69136285181423,13.146793445561116],[101.69270995889752,13.14643718003191],[101.69386980194986,13.146184499315268],[101.69501735216915,13.145966947916349],[101.69527105811289,13.145901590585993],[101.69557955525232,13.146381113597556],[101.69607208875595,13.147220587560128],[101.69663452566289,13.148393572405496],[101.69684707233461,13.149575197037734],[101.69683233694286,13.150340970659329],[101.69672924855604,13.150812212713504],[101.69686176995481,13.151651620126245],[101.69721517833784,13.152240680563011],[101.69777475000478,13.152697207010533],[101.69834511443554,13.153351994399088],[101.69918870189713,13.153995805562033],[101.70010313165426,13.155215887902955],[101.70080571890884,13.156503688294606],[101.70143878766999,13.157861098011324],[101.70217717603589,13.159207232927486],[101.70276308794621,13.16015071798131],[101.70337213041955,13.160943773436429],[101.70449700243478,13.161542816347946],[101.70570343756367,13.161646405657166],[101.70687483510562,13.161497418571059],[101.70816361485902,13.161072795573091],[101.70880802497044,13.160888712444148],[101.70918259080401,13.16084297742151],[101.70992074534615,13.160958266011221],[101.71090491662864,13.161545213041222],[101.7119126321623,13.162177073113469],[101.71273241367004,13.162798494754782],[101.71389256069318,13.164087049677676],[101.71450219042379,13.165295605407891],[101.71467773718786,13.166272752085888],[101.714690130745,13.16703143365379],[101.71486599676842,13.167619008410554],[101.71529926404986,13.168193693184435],[101.71579157542095,13.168688709716207],[101.71614317256945,13.169171665440047],[101.71623714902529,13.169804142447276],[101.71602627509259,13.170378872187257],[101.7158273081838,13.170988481233451],[101.7156282999062,13.17143774565551],[101.7154879049429,13.172081737582175],[101.71544095403686,13.17283991822768],[101.71565214722887,13.173599881329494],[101.71596871758231,13.174197254199953],[101.71636673503684,13.174761016707578],[101.71688292160962,13.175486129281467],[101.71736306605271,13.17623420514451],[101.71774967470776,13.176912132988605],[101.71818340514011,13.177787167044187],[101.71845361004614,13.178671838234777],[101.71860609999158,13.179592761996446],[101.71861760771651,13.180477918820941],[101.71838303574856,13.181369073224175],[101.71805601167569,13.182007142215866],[101.71759880444131,13.182398171938132],[101.71699006144223,13.182789678301049],[101.71636913892468,13.183226480817495],[101.71568959409956,13.184042179403093],[101.71540887072285,13.184710244382302],[101.71495233078548,13.185997836131264],[101.71504924442712,13.187140464360994],[101.71480081930241,13.188092748381678],[101.7145523896811,13.189459065883227],[101.71338339422834,13.190493938244686],[101.71268046163408,13.191333594769617],[101.71248322861817,13.191740504720542],[101.71268926419822,13.19272993523839],[101.71281346057282,13.193392397441244],[101.71299776673362,13.194657942310243],[101.71310352340896,13.195416764172364],[101.71296301962769,13.196521467092055],[101.71269382825761,13.197452510025357],[101.71221378273992,13.198648888035791],[101.71192105791056,13.199901998878204],[101.71195652537341,13.200661565378994],[101.71216788583934,13.201225047298124],[101.7125544009649,13.202099456324902],[101.71331015344089,13.202625426622205],[101.71372416084142,13.203370699298375],[101.71384835092073,13.204488600668412],[101.71318590310699,13.205854914572683],[101.71230969903343,13.206135498554488],[101.71172370258688,13.206296410650907],[101.71110247609846,13.206606746903901],[101.71001303287522,13.206733467675463],[101.70901700762886,13.206814027145697],[101.70764652896418,13.207009207908641],[101.70606477526923,13.207537468779208],[101.70493981871772,13.208364645412132],[101.70389744870835,13.209365966766029],[101.70313596035635,13.210285275345257],[101.70269091465406,13.211159457742838],[101.7023981385633,13.211941694353754],[101.70196507093135,13.213171446205308],[101.70127386459723,13.214770912947301],[101.70052452698542,13.216115795107896],[101.69945872693876,13.217610814587488],[101.69689307355657,13.219703199742924],[101.6956863407521,13.220438617648142],[101.6943505957035,13.221129093732713],[101.69326061828298,13.222002162769627],[101.6928745366306,13.22263519735651],[101.69267517581875,13.223163504991817],[101.69252276231566,13.223716161771506],[101.69237096844552,13.224325270794679],[101.6918202766845,13.22518813702294],[101.69096479568884,13.225900642900399],[101.6904964926191,13.226394519091855],[101.69037926059445,13.226740160030431],[101.69010993882267,13.227510853842887],[101.68960639222126,13.228522276382023],[101.68889174415875,13.229465910723263],[101.68812995003725,13.230420202030757],[101.68835353858498,13.23124795333041],[101.68855806869999,13.232526444839607],[101.68845576362264,13.234725442824981],[101.68768868058822,13.236617595725534],[101.68753525085123,13.237998359037078],[101.68722840037043,13.23994165818101],[101.68635902844647,13.242856599252718],[101.68589876261785,13.245157872637776],[101.68426233104179,13.248277360911516],[101.68349524530936,13.250322930958532],[101.68219719084772,13.252244676051021],[101.68192291381149,13.252304021413522],[101.68164930766949,13.252345856975751],[101.68137506390815,13.252382052889459],[101.68109951972713,13.252404711308429],[101.68073115831635,13.25242552341922],[101.68036872973317,13.252488050583111],[101.68010387489397,13.252565927375713],[101.67984734867628,13.252667429358439],[101.67960026623933,13.252789157993277],[101.67937108121049,13.252940057937394],[101.67915828003066,13.253113368087497],[101.67896005955919,13.253302335434455],[101.67871342408529,13.2535702911361],[101.67848860796295,13.253857214438938],[101.67826581621449,13.254144680032994],[101.67801947931559,13.254413760786463],[101.67781893319727,13.254601058092419],[101.67760437024555,13.254771564156385],[101.67729878870819,13.254972950241495],[101.67695428541202,13.25509400528415],[101.67659096739931,13.255154845319908],[101.67622978437709,13.255226389985978],[101.6758707534326,13.255310331806413],[101.67552455131704,13.255434227807427],[101.67519518091291,13.255595209151636],[101.67489165792375,13.255800522576124],[101.67461092285589,13.25603439217349],[101.67434302740884,13.256282807405682],[101.67408678627623,13.256542956092574],[101.67383898258305,13.256810356013148],[101.6735984571032,13.257084454983669],[101.6734240983435,13.257295187722775],[101.6732572875938,13.257510923390441],[101.67304611058961,13.257807298568025],[101.67285350458565,13.258115335254558],[101.6726811953809,13.258434451588698],[101.67255965020775,13.258678507806962],[101.6724427284492,13.258923644110951],[101.67228809182205,13.259251607975386],[101.6721743518649,13.259497839653648],[101.67206468313867,13.259747416809887],[101.67192134019774,13.260080344932021],[101.67178002792599,13.260414380119585],[101.67163899624273,13.260747848734297],[101.67149739438929,13.26108188661982],[101.67139379428824,13.261333094246936],[101.67129366377162,13.261585394550366],[101.67119989685779,13.261839885602285],[101.67111453141058,13.26209824194035],[101.67100821985355,13.262444331640665],[101.6709068203935,13.262791498728745],[101.67080744890472,13.263139774680894],[101.67070604225012,13.263486376994763],[101.6706276096765,13.263746354810451],[101.67054715992356,13.264006353310606],[101.67043998231941,13.264352452004118],[101.67033597572475,13.264698517422687],[101.67023804494988,13.265046778086401],[101.67014503076859,13.265396680012827],[101.67007729113413,13.265659369284492],[101.67001128629187,13.265922604444711],[101.66992722935822,13.266274671039298],[101.66984923025785,13.266627238556282],[101.66978163631353,13.266982521126522],[101.66972703487482,13.267339926096781],[101.66967878624706,13.26769839316637],[101.66964253007876,13.267967526979817],[101.66960019719141,13.268234466447495],[101.66955267791383,13.268501458975209],[101.66950602917996,13.268769008183256],[101.66944218091197,13.269124250283994],[101.66937458696765,13.269479532854234],[101.66929659326325,13.269832666044749],[101.66922885812534,13.270095919191363],[101.66914925733244,13.270354779149784],[101.66905925857799,13.270611489728537],[101.66895883578172,13.270863793629246],[101.66881287941089,13.271195619182549],[101.6686541751501,13.27152136711743],[101.66852885102571,13.271763204708179],[101.66839744478631,13.272002281380253],[101.66825964796442,13.272236909106141],[101.66810589627016,13.272462104742374],[101.66788453174581,13.272750680999195],[101.66764747944768,13.273028129044974],[101.66746116779871,13.273227694002912],[101.66726118285737,13.273415545291243],[101.66697165241987,13.273638211134596],[101.66673746266383,13.27378181667757],[101.66649065721811,13.273905227044622],[101.66623616256891,13.274010651870128],[101.66597158562024,13.274090208596306],[101.66560787280514,13.274144267743793],[101.66523922091335,13.274141916915994],[101.66496349686793,13.274124476363568],[101.66468795178758,13.274096871673351],[101.66441675762735,13.274045507793971],[101.66414234659209,13.27401619619053],[101.66377858431429,13.274065735345459],[101.66351400466766,13.274145290272997],[101.66326098040997,13.27425351918464],[101.6630244362288,13.274393194690219],[101.66279172675684,13.274540732968489],[101.66247673201565,13.274728091428301],[101.66215411462076,13.274903670567994],[101.66179955330682,13.27497795456901],[101.66144214294059,13.274896434622804],[101.66111071938423,13.274740113565429],[101.66086411628601,13.274617912786482],[101.66060400716924,13.27452577634358],[101.66033942122738,13.274446108101472],[101.66006510821825,13.274425824792047],[101.65979078261859,13.274457485424648],[101.65952019280269,13.274514515032877],[101.6592532191608,13.27458618740269],[101.65899012879146,13.274670238940416],[101.65864300577016,13.274792433424125],[101.65829914369061,13.274923060850654],[101.658045237198,13.275030165609678],[101.65779635341903,13.275148510095732],[101.65747489525029,13.275325201696774],[101.65717015997495,13.275528819899193],[101.65688413599412,13.275757085820885],[101.65668033702798,13.275939889214555],[101.65648529296197,13.2761327641158],[101.65623541633147,13.27639848140484],[101.65599716883435,13.276673674850258],[101.65577114312384,13.276959470403312],[101.65555731132093,13.277253605369651],[101.6553548118751,13.277556092339864],[101.65520975032979,13.277786838591794],[101.65507368740083,13.278023137258003],[101.65490915823113,13.278345555003398],[101.6547579741013,13.278675736596028],[101.65461083512201,13.279007006368317],[101.65446919459771,13.279340475882293],[101.65434173368413,13.279678880875679],[101.65421138774542,13.280017314647409],[101.65406164343017,13.280347481850868],[101.6538730511005,13.28065716339745],[101.65364003585904,13.28093681837953],[101.65344702785814,13.281131929894684],[101.65324087806414,13.281311367125966],[101.65294168710921,13.2815222653403],[101.65263694643801,13.281726444719709],[101.65235002223579,13.281952457839679],[101.65207215420662,13.282189669317859],[101.65187185360321,13.282376951335266],[101.65169541740966,13.282585439366585],[101.65155035226701,13.282816184719195],[101.65139248257708,13.283035770384572],[101.65129213622316,13.283376715063412],[101.65121237984749,13.28372930056679],[101.65113825682516,13.283990361166275],[101.6510366523197,13.284242109285969],[101.65082365059106,13.284533976162095],[101.65061750259571,13.284713978167588],[101.65038622844173,13.284862622611968],[101.65005030557722,13.285009534962114],[101.64969270635339,13.285097950909744],[101.64932543761893,13.285118713557836],[101.64895647636035,13.285116345642905],[101.64858766259061,13.285127526014548],[101.6483111075716,13.285141132757133],[101.64803581160351,13.285164323574747],[101.64766901321445,13.28520201865831],[101.64739502755856,13.285239877418462],[101.64712442155485,13.285296895335478],[101.64686101192621,13.285379811928806],[101.64661003812284,13.285493087835789],[101.64628590177301,13.285664150580146],[101.64597000860908,13.285850937071132],[101.64575072061933,13.286015827768267],[101.6455646805656,13.28621650788557],[101.64534966435559,13.286509521397363],[101.6451401726809,13.286806994647122],[101.64492516186681,13.287100573832447],[101.64470753942146,13.287392485674729],[101.6445302218923,13.287600415227018],[101.64432786274074,13.287784889561067],[101.64403187337234,13.288000262801916],[101.64372094626469,13.288193770825899],[101.64347850792689,13.288323894632072],[101.64323667843001,13.288456835114914],[101.64291577874025,13.288634635580024],[101.64260310874653,13.288827032941242],[101.6423071112842,13.289041841407879],[101.64209016063245,13.289210091072903],[101.64188108984047,13.289387295287497],[101.64162214984242,13.289644063422827],[101.64144512369359,13.289852552353466],[101.64128146416829,13.29007106512762],[101.64107834778758,13.290372423448616],[101.64093616137478,13.290604265074819],[101.64080442958084,13.290843337250237],[101.64065812517242,13.291174029657782],[101.64054309378884,13.291517948394642],[101.64045363462759,13.291774649980141],[101.64035346544011,13.292026944887652],[101.64022221838076,13.292364256305461],[101.64006723641387,13.292692215673242],[101.63984082669288,13.292972358987242],[101.63951217124975,13.293126524369654],[101.63914908796011,13.293109403076528],[101.63880301984358,13.292986519712144],[101.63847494086588,13.292821102012283],[101.63816158019284,13.292630688555505],[101.63793507874095,13.292476074411354],[101.63771594993119,13.292310090138585],[101.63741280555661,13.292104890028725],[101.63716930242146,13.291976988447288],[101.63682345463877,13.291829971775826],[101.63649115424346,13.291691547227174],[101.63620057159915,13.291714886432885],[101.6358365170417,13.291767780958367],[101.63549578640146,13.291898352626902],[101.63524723717035,13.292024015795732],[101.63501335678103,13.292173241202192],[101.6347281439887,13.292400350595756],[101.63452750074362,13.292584802446697],[101.63427548822324,13.292838714335232],[101.63396005731084,13.293181840769364],[101.63371538955363,13.29345370042796],[101.63353369412476,13.293657716130724],[101.6333572399447,13.293866760842377],[101.63312622839277,13.29414864074721],[101.63289579330626,13.294430515256124],[101.63265983278512,13.294707930027016],[101.63247785766708,13.294913078875538],[101.63229268276115,13.295115437127777],[101.63203956857132,13.29537947808052],[101.63177567240939,13.295632337762243],[101.63149751479853,13.295872922597368],[101.63127778883893,13.296052489330975],[101.63104832232227,13.296210700763254],[101.63072680389894,13.296359700439893],[101.63036386180283,13.296356115742185],[101.63000374807456,13.296240705744026],[101.62976615258594,13.296099749603798],[101.6295254724227,13.295966729980648],[101.62926229481911,13.29588588722396],[101.62898620744755,13.295837363403621],[101.62862000440975,13.295825338568591],[101.62834963312912,13.295879516426567],[101.62808692677032,13.295975958823476],[101.62783123242548,13.296081363863891],[101.627582338754,13.296202507040107],[101.6272696201969,13.29639263091525],[101.62697856900581,13.296614148324352],[101.62676950540839,13.296793600844069],[101.62656975339149,13.296981426052014],[101.62632769276888,13.297255512432002],[101.62608793800797,13.297529573630982],[101.62579984019055,13.297757835056075],[101.62546738241383,13.297908636074737],[101.62510190512887,13.297937819974436],[101.62472945270213,13.297934889983253],[101.62436049594021,13.297935311765286],[101.62399152119178,13.297934039224572],[101.62371476382538,13.297930684753339],[101.62343740571174,13.297925078379706],[101.62306874932341,13.2979266243143],[101.62270091131808,13.297950746829542],[101.62242513061534,13.297984646774069],[101.62215357942421,13.29803657093106],[101.62181807744236,13.298127282847872],[101.62158151527478,13.298235009038478],[101.62134382895459,13.298433950766253],[101.62116387101588,13.298640201284286],[101.62100228262932,13.298866024647396],[101.62081307696201,13.299177392422791],[101.62067398781437,13.29951195641172],[101.62053404071349,13.299847094168115],[101.62040634867412,13.300088941651381],[101.6202740404147,13.300330272024496],[101.62013592972943,13.300568274906027],[101.61998356928638,13.300794567715172],[101.61975218541511,13.301070797179591],[101.61948444555077,13.301316911046683],[101.61918935280647,13.30153902830358],[101.61887789330018,13.301740423381887],[101.61855929137823,13.301920999154845],[101.6182259990307,13.302075753593215],[101.61787859272295,13.302204680401701],[101.61752577159712,13.302312771717084],[101.6171667235655,13.30240455202852],[101.61680019767107,13.302470999337174],[101.61643525638203,13.30249734317789],[101.61607118024085,13.302442934194119],[101.61572921483145,13.302300216281992],[101.61542517743004,13.302092174314453],[101.61517214867575,13.301829403204465],[101.61498205357896,13.301521377309768],[101.6148540476762,13.301277645746779],[101.61464656059036,13.300966876020539],[101.61443139419356,13.300680098407838],[101.61420386841388,13.30008740920664],[101.61299828943959,13.299942717282647],[101.61058712969236,13.299942684907023],[101.60832063578874,13.30032845899126],[101.6070668288711,13.300617794275809],[101.60581302105413,13.300907128661095],[101.60533079018387,13.300858897120463],[101.60460743938188,13.30105179000816],[101.60378763269313,13.301968061576815],[101.602582042927,13.302691427667298],[101.60074956544014,13.302450277158641],[101.59992976774464,13.302691392593715],[101.59968863971903,13.303462995620805],[101.59910994936473,13.304331046440666],[101.59848303736237,13.305102645870477],[101.59862768162225,13.306983440333568],[101.5985312194403,13.308092623675691],[101.59809719492966,13.309250028665929],[101.59784598010793,13.311300012585548],[101.59763756941834,13.311559506566027],[101.59730049542156,13.311740814387122],[101.59694006243399,13.311813386078938],[101.59657063622592,13.311745454888865],[101.59624993258836,13.311569744448207],[101.59604392039068,13.311390037420324],[101.59584581143508,13.311194439371945],[101.59556396570451,13.310959043625019],[101.59532973098237,13.310808986345705],[101.59507960793763,13.310682804268026],[101.59473169800953,13.310577947814068],[101.59436422782693,13.310557988260598],[101.59408256735668,13.310583450765705],[101.59381160971805,13.310639293268821],[101.59345960877397,13.310745651590594],[101.59311573230525,13.310884113011468],[101.59278361896889,13.311044472924152],[101.5924644999368,13.311234061702635],[101.59219091178119,13.311476260820825],[101.59198768478387,13.311774770988961],[101.59183528926724,13.312109462681633],[101.59173692232116,13.312455460651051],[101.59169709134773,13.312721811962092],[101.59167635657866,13.312994743612592],[101.59166023533163,13.313267627598975],[101.59163688443471,13.313538328930804],[101.59161583670158,13.313809005081566],[101.59159017274834,13.314079165021496],[101.59152677863796,13.314433839650007],[101.59146212277881,13.314697056823775],[101.59138621280351,13.314959258662896],[101.59127399090204,13.315303705301801],[101.59115049060273,13.315644878408477],[101.59104824128337,13.315897185007145],[101.59093236723504,13.316142291633525],[101.59080143134105,13.316380775652306],[101.59065195142648,13.316610415738126],[101.59043306993027,13.316901179146157],[101.59017900155976,13.317163505991061],[101.58991881959793,13.317420248046062],[101.58965863943473,13.317676990101063],[101.589388248369,13.317922543690486],[101.58910532255265,13.318155237873953],[101.58881394940431,13.318379548577354],[101.58850996955948,13.318584224382505],[101.58818776315479,13.318755772760767],[101.58793346995373,13.318861694911334],[101.58767184458003,13.318955834144504],[101.58732314864443,13.319076268654896],[101.58706026691783,13.319160821115076],[101.58679501997426,13.319239751013754],[101.58653096103507,13.319322056068074],[101.58627192211156,13.319415602648007],[101.58593001695675,13.319551212318629],[101.58559137094505,13.319695259428727],[101.5852568618148,13.319848860036927],[101.58492851933573,13.320013126604579],[101.58468778341455,13.320147140877907],[101.58445262958526,13.320291259933754],[101.58422098491059,13.320439860311353],[101.58399635944448,13.320597989006046],[101.58371167815147,13.320829002356618],[101.58343256905789,13.321068992739868],[101.58318660897487,13.321335748745867],[101.58300952796742,13.321654880368499],[101.58291402895935,13.322000847760989],[101.58290796303214,13.322271373724959],[101.58293219256672,13.322544412394791],[101.582978379049,13.322903054832182],[101.58302186396793,13.323170252405248],[101.58306651440819,13.323438566936375],[101.58311288255356,13.323705734831833],[101.58316097379998,13.323972320865948],[101.58321021797724,13.324238895208907],[101.5832603273023,13.324505460558612],[101.58332954002628,13.324860479627489],[101.58339961609948,13.325215490602432],[101.58347169856012,13.325569350445221],[101.58354120356375,13.32592493159035],[101.58359228685464,13.326282958891511],[101.58361994910143,13.326553140415172],[101.58363291103007,13.326823471226248],[101.58363145862495,13.327093948626896],[101.5836155945841,13.32736457441564],[101.58359453965636,13.327635250566402],[101.58357204491398,13.327905942904977],[101.58354532066011,13.328267021605825],[101.5835099296396,13.32862649321811],[101.5834514494249,13.328983378380258],[101.58336409197932,13.329336039426721],[101.58324374200515,13.329676613584923],[101.58309706257944,13.330008422950414],[101.58297539779642,13.330252457584891],[101.58284387824244,13.330491511773914],[101.58265690828972,13.330802839079809],[101.5825079832569,13.331031906297483],[101.58235006230558,13.331255418402861],[101.58212592157406,13.331541715777632],[101.58194530533166,13.331745696406813],[101.58175103917915,13.331940216168107],[101.58154976820731,13.332126903733695],[101.58134295561297,13.332307436339192],[101.58106352006547,13.332545170323385],[101.58077561830021,13.332772828303405],[101.58047423659679,13.332980297402855],[101.58023757640308,13.333119347879631],[101.57999186363367,13.33324776297394],[101.57965559093282,13.333400250221416],[101.57931097702004,13.333527412560102],[101.57895385983284,13.333617435596238],[101.57858623406753,13.333668040447776],[101.57821827825097,13.333687591709065],[101.57784880977482,13.333673278998674],[101.57748060934273,13.333642579741309],[101.57711457717608,13.333598869991931],[101.57678725902485,13.33355136600278],[101.57647530758942,13.333507683233051],[101.57616781679138,13.333383762051028],[101.57583208368379,13.333233589658505],[101.57552582675555,13.33303568844633],[101.57523969125879,13.332804830678469],[101.57497324461963,13.332554576332655],[101.5747874698659,13.332353754122494],[101.57461768325953,13.332138090400576],[101.57446163829405,13.331913252694505],[101.5743293938865,13.331676314610263],[101.57418116133158,13.331345242688826],[101.57402746629458,13.331015356973182],[101.57386283370289,13.330687275297578],[101.57373397794078,13.330443526647514],[101.57358714832827,13.330217464964107],[101.57341114111131,13.330013155182996],[101.5731788003614,13.329852330320819],[101.57283363606354,13.32973669189488],[101.57246916961657,13.329704252449346],[101.57199321241688,13.329706164408037],[101.57163082430316,13.329707105998182],[101.57135408672178,13.329709911882958],[101.57098514434898,13.329717604683765],[101.57061623704976,13.329728684331371],[101.57024734863631,13.329741457402406],[101.5698784710147,13.329755359122601],[101.5696012513967,13.32976720229459],[101.56932492120819,13.329781293771759],[101.56904922504174,13.329801026696089],[101.56877419077637,13.329828656567315],[101.56849920237636,13.329860803733141],[101.56822485159569,13.329898588748904],[101.5679511249445,13.329940886562724],[101.56767891544968,13.32999050755592],[101.56731848156272,13.330066996694597],[101.5670507938591,13.33013520487583],[101.56678551364058,13.330212988138953],[101.56643260707921,13.330319889651264],[101.56607822922695,13.330423982580783],[101.56580972224094,13.330496716150606],[101.56554327740037,13.330573379757709],[101.56519803666015,13.330696577884794],[101.56486993879668,13.330859692420916],[101.56455779400704,13.331059346411735],[101.56427072681265,13.331285849662265],[101.56408807540441,13.331489841083339],[101.56398668673626,13.331744958063439],[101.56392239330387,13.332100205560096],[101.56388990439564,13.332464169286027],[101.56389457817232,13.332825497099066],[101.56394674694485,13.333179569181823],[101.56401122383897,13.33344317306404],[101.5640875151268,13.333706092562181],[101.56418635511625,13.334056870428299],[101.56427914176902,13.334407707649632],[101.5643522485575,13.334669529075541],[101.56442593540868,13.334931346004851],[101.56449617156113,13.335194325757584],[101.56455892175688,13.335457945827613],[101.56462665329747,13.335811295754752],[101.56467078842621,13.336168837421951],[101.56469363300482,13.336530544748882],[101.56470005056696,13.336892984123949],[101.5646974344391,13.3371640415873],[101.56468068366667,13.337434678167938],[101.56465239099509,13.337704302111888],[101.56461429031731,13.337973459307761],[101.56455579301547,13.338331474018332],[101.56450035430794,13.33859685496094],[101.56442642284122,13.338858470442119],[101.56431099665525,13.339204073609153],[101.56421307757154,13.339460285064149],[101.56408903677971,13.339699822189118],[101.56390933424842,13.339910559424823],[101.56366250721896,13.340016951920859],[101.56329157284785,13.340001506064709],[101.56292734562055,13.339938560716064],[101.56257198031273,13.339841081400834],[101.56232280065677,13.339724460015873],[101.56208125174845,13.339593079856797],[101.56171955611268,13.339551563553869],[101.56137009935065,13.339658990270209],[101.56114634622696,13.33982104810292],[101.56097354239512,13.340030019969504],[101.56084432420624,13.340271302678502],[101.56074725498189,13.340526375591821],[101.56063960073703,13.34087133484428],[101.5605406357418,13.341220159382885],[101.56046207006852,13.341480127306056],[101.5603745444497,13.341737926963788],[101.56028642797634,13.341994603368278],[101.56019773593681,13.342251286068063],[101.56007851910846,13.342593539260463],[101.55995698922374,13.342935251061022],[101.55986424214115,13.34319027990756],[101.55976889601777,13.343444770959479],[101.55963867508484,13.343782618373211],[101.55950064084197,13.344117721056023],[101.55938763023499,13.344365049907196],[101.55926795924898,13.344609622336236],[101.5591044418166,13.344934255111809],[101.55894265378049,13.345258868102349],[101.55877913005287,13.345582936103654],[101.55861502716181,13.345907008601614],[101.55846164059233,13.346235489576259],[101.55835241163453,13.346486169301329],[101.55825013713417,13.34674016482677],[101.55814477795917,13.347084535922647],[101.55809171256254,13.347439108028482],[101.55807524507657,13.347709741911103],[101.5580720641745,13.34798250089176],[101.55807473426165,13.348345543711901],[101.5580808469536,13.348706858035143],[101.55809503106087,13.349068091419326],[101.55811143469504,13.349338958226383],[101.55813360028549,13.349609201803275],[101.55817256611112,13.349969054728149],[101.55822305315144,13.350327662991276],[101.55827785873623,13.350685662413412],[101.55832862726442,13.351043702305049],[101.55836787098053,13.351402422983483],[101.55838781164823,13.35176246836329],[101.55838642309499,13.352123294354612],[101.55836687992763,13.352484868581882],[101.5583334898987,13.352846017429783],[101.55829027477643,13.35320500610618],[101.55823984619201,13.353563503752753],[101.55818076882747,13.35392209043215],[101.55811012258414,13.354277403579374],[101.55802473285519,13.354628912594308],[101.55791995464227,13.354973844867118],[101.55778771023472,13.355311712065884],[101.5576323109824,13.355641344172739],[101.55746067267199,13.355962105366928],[101.55725710033499,13.356262298166598],[101.55708230540415,13.356475242338604],[101.5569199741775,13.35669427222291],[101.5567520824427,13.357014997444253],[101.55663751241133,13.357361154593661],[101.55657752403357,13.357715796846605],[101.55655653025974,13.35807682068878],[101.55654853528671,13.358439972326892],[101.55653735041847,13.35880146111856],[101.55652702889932,13.359162941816351],[101.55652276341488,13.359524361360229],[101.55652771688068,13.35988512260036],[101.55653863824762,13.360155480391143],[101.55655446271834,13.360425788719226],[101.55658046301801,13.360786337719333],[101.55661107773909,13.361146839954756],[101.5566445675928,13.361506748637566],[101.55667163718635,13.36177694365108],[101.55670735376145,13.362047049631713],[101.5567601502608,13.36240563541179],[101.55680718210584,13.362764276949861],[101.55683633093201,13.36312253537676],[101.55683802255675,13.363392421023434],[101.55681896142596,13.363663080986441],[101.55678952032019,13.363933847069461],[101.55675343142576,13.364202985379507],[101.55670232565188,13.364470016578025],[101.55663879844184,13.364734914584687],[101.55658776731167,13.365091160328859],[101.5565843570825,13.365451441331004],[101.55659614989247,13.365722354003481],[101.55661602401034,13.365993751410542],[101.55665039430033,13.366354779749315],[101.55668408290416,13.366623777765199],[101.55672094341685,13.366892743405458],[101.5567515365542,13.367250987443185],[101.55668187057194,13.367508043361568],[101.55649539434705,13.367707554360209],[101.5562076976272,13.367933499131709],[101.55591416340798,13.368152726866924],[101.55569210640567,13.368314201039595],[101.55546741888634,13.368472315345116],[101.55516745631314,13.368683700992051],[101.55494159697719,13.368840132666037],[101.5547139947551,13.368995451878675],[101.55440845188861,13.369197294819344],[101.55415880908185,13.369313310960592],[101.55388865543716,13.369370810014914],[101.55352215472374,13.369397661073265],[101.55325087512784,13.369348451969529],[101.55300165410313,13.369230697438809],[101.55269817877797,13.369026532448572],[101.5524180183769,13.368791076447053],[101.55216096335784,13.368531670600191],[101.55191018111003,13.368265427207746],[101.55165911017986,13.367999184714677],[101.55140206325467,13.36774034364197],[101.55113014783814,13.367493510317274],[101.55089898070344,13.367310069304324],[101.55065244055777,13.367145418726125],[101.55035700876903,13.367129764227286],[101.55037544936755,13.36751241316739],[101.55041259136806,13.36778137700901],[101.55046037774429,13.368047977432241],[101.55054768392853,13.368398310133955],[101.55065886801242,13.368743320647752],[101.55074012535658,13.36909428017691],[101.55065203856077,13.369437348155145],[101.5504228679211,13.369718032860987],[101.55013691138942,13.369945648572866],[101.54982669474623,13.370142451712809],[101.54951118199551,13.370329144674315],[101.54920212997439,13.370527064772261],[101.54898182575073,13.370691341232487],[101.54888784389891,13.370940171052098],[101.54890133103169,13.371208244564912],[101.54902837376051,13.37144355487618],[101.54932527234348,13.37165287118313],[101.54964239308202,13.371838269120872],[101.5499629627206,13.372022502436607],[101.55027412455127,13.372216991620917],[101.55054798070478,13.372455901918386],[101.55078764643281,13.372734117085884],[101.55099179973183,13.373035276656765],[101.55110771964559,13.373281988572955],[101.55117250860445,13.373547285878601],[101.55121923557931,13.373904804163431],[101.55123995865722,13.374175063928135],[101.55125060842892,13.374447118739567],[101.55125470574012,13.374809019420752],[101.55124774858479,13.375079557975255],[101.55123214264933,13.375350184663318],[101.55121307702194,13.375620846424965],[101.55119256888202,13.375891519877769],[101.5511530940401,13.376250472581319],[101.55106103673751,13.376599792646346],[101.5508491780472,13.376881998105773],[101.55050882692086,13.37701078462004],[101.55023405435816,13.377014122004198],[101.54999646876206,13.376879307334207],[101.54977432632415,13.376595269056452],[101.54955958710531,13.376302120646415],[101.54927773687814,13.376071196328724],[101.54903585162333,13.375938683023833],[101.5487704760767,13.375875859983012],[101.54840588462395,13.375920754139543],[101.5480522738934,13.376022567287691],[101.54772323443979,13.376185116150225],[101.54740360998869,13.376365637963886],[101.54710480664158,13.376579264721329],[101.54681922782515,13.376816474400812],[101.54652419623471,13.377032319785769],[101.54618946766988,13.377175161804303],[101.5458109888861,13.377243343005944],[101.54548020744568,13.377359532716298],[101.5456877385983,13.377561355871933],[101.54589094041461,13.377744516296445],[101.54607531222592,13.377947063406282],[101.54625081941987,13.37815647683999],[101.54648329776603,13.378436461873264],[101.54671979698111,13.378714712114345],[101.54697516577136,13.378977527291113],[101.54718645788876,13.379271841222533],[101.54734791317571,13.379598278038145],[101.54745766463958,13.379943868614703],[101.5475149793329,13.380211500560335],[101.54753885543391,13.380480035425364],[101.5475165702336,13.380746777941511],[101.54745016609235,13.381013398149832],[101.54736641492815,13.381275677330677],[101.54730253518392,13.381535496865752],[101.54734483299768,13.381801022599177],[101.54747968543921,13.382037947193567],[101.54771332301152,13.382317918736987],[101.54785966069483,13.382550209124872],[101.54799597993059,13.382789378427105],[101.54813902699453,13.383119950325522],[101.54820846275044,13.38347046469022],[101.54822229432347,13.383743617573941],[101.54822315767262,13.384017465633576],[101.54821922673597,13.384383965447682],[101.54814589961364,13.3847325318809],[101.54797042029873,13.385047119229228],[101.54771251272234,13.385436447434131],[101.54752059919633,13.385736015204998],[101.54787360288452,13.385766898823363],[101.54814930624553,13.38579630395634],[101.54842488639946,13.385813852427418],[101.54876622857864,13.385942537318272],[101.54901661602406,13.386059718081583],[101.54925935383619,13.386189960598244],[101.54949301928747,13.386334978076832],[101.54971077663112,13.386502741208574],[101.54990114961839,13.386699012849192],[101.55005579613817,13.386925570958397],[101.55021359658025,13.387259946089671],[101.55026714311424,13.387607230988976],[101.55019663356785,13.387867117973144],[101.55008077660659,13.388120122445741],[101.54992070537634,13.38844641357116],[101.54974497335189,13.388764393162262],[101.54956140823248,13.389077934599072],[101.54937001001798,13.389387036982214],[101.54916845396104,13.389690031170062],[101.54900697978837,13.389910746383862],[101.54885392237065,13.390136458230984],[101.548673827735,13.390451092344108],[101.54854978244657,13.390693450642289],[101.54843530414604,13.390940794781898],[101.54832546364929,13.391190350354407],[101.54821967279975,13.391440995005951],[101.54809116957188,13.39178051785666],[101.54798608199218,13.392125452827429],[101.54790818181721,13.392478016747134],[101.54784416987258,13.392834958566539],[101.54778187563312,13.393190754649652],[101.54772593870115,13.393547614630734],[101.54766769860549,13.393905062768454],[101.54759963341638,13.394260351633989],[101.54750603827313,13.394710628692621],[101.54743354841958,13.395057059235967],[101.54725974813891,13.395394780744596],[101.5470874919942,13.395714982560435],[101.54688620663319,13.396016845401164],[101.54666255513285,13.396303685966359],[101.54642816302936,13.396583859857287],[101.54624982836697,13.396792321808277],[101.54607322220153,13.397000765772759],[101.54583503405962,13.397276460140574],[101.54559423698453,13.397551051939558],[101.54535837179151,13.397828416348375],[101.54513210955929,13.398114153445476],[101.54491921395061,13.39840935590712],[101.54472750367142,13.398717331439741],[101.54457292280222,13.399045824105542],[101.54444945757649,13.399289304757644],[101.54431785978147,13.399527221304254],[101.54418336527016,13.399764037979992],[101.54404626362424,13.399999751187636],[101.54385196329753,13.400308316675535],[101.54365042162971,13.400614132036594],[101.5435060687501,13.400845965568919],[101.5433796717345,13.401084958604031],[101.54324793274594,13.401419433560079],[101.54315094625923,13.401767674438702],[101.54307248490733,13.402122501951965],[101.5430153141055,13.402390159078607],[101.54295349380874,13.402654476123246],[101.54289224907808,13.40291878687259],[101.54283477340613,13.403184754173139],[101.54275543431589,13.40353846292976],[101.54268985125572,13.403801687298085],[101.54261239894311,13.404060514880882],[101.54249720298361,13.404404986700797],[101.54240184786704,13.404661735950413],[101.54229257484252,13.404911284328364],[101.54212346812363,13.405230325119476],[101.54191809084728,13.405528273211303],[101.54174642555716,13.405741183209102],[101.54156780401098,13.405950775607835],[101.54133601724345,13.406233178918114],[101.54111497557574,13.406522814576306],[101.54094941938024,13.40674074458974],[101.54078764033738,13.406961460702917],[101.54058460759364,13.407263337932761],[101.54040361543457,13.407576850591227],[101.54024380410834,13.407902572445835],[101.5400958872155,13.408234949283553],[101.53998776892047,13.408485051643879],[101.53987935115117,13.408734026254365],[101.53977673490846,13.408986331054393],[101.53967701088538,13.409239171850345],[101.53953776525572,13.409573720550839],[101.53942442639624,13.409821052099915],[101.53930997597467,13.410072346061952],[101.5391441059158,13.410398128171153],[101.53894159298017,13.410694917936155],[101.53868526641196,13.410948204795886],[101.538392296967,13.4111724984121],[101.53809349541854,13.411390640665559],[101.53786212503712,13.411548813427032],[101.53762320484708,13.411701980561986],[101.5373948723755,13.411957245030862],[101.53735353144037,13.412222483880555],[101.53732733418917,13.412501687402994],[101.53727162658436,13.412772154911067],[101.53718810744527,13.413030477974246],[101.53697580628847,13.413329623063703],[101.5366634195812,13.413490304933703],[101.53639896763832,13.413437064169216],[101.53612460966309,13.413346655323949],[101.53585501899397,13.413270878448316],[101.53558428438726,13.413223346580253],[101.53521376730157,13.413231588866779],[101.53484267824706,13.413295173633401],[101.53451163690261,13.413437406810942],[101.53422150841595,13.413658280305469],[101.53402402898581,13.413858460399695],[101.53384889231256,13.414071400974422],[101.5336382827806,13.414367140331308],[101.5334477362241,13.414678487422293],[101.53327634702583,13.415001498720244],[101.53312520966074,13.415330519288091],[101.53301662281893,13.415674357085948],[101.53295682599679,13.415940347768867],[101.53289153791422,13.416205263761981],[101.53278007324184,13.416549695112394],[101.53268670562704,13.416804727556155],[101.53259015441216,13.417058666424339],[101.53248781156333,13.417310402852877],[101.53237969506694,13.417561632063723],[101.53224912519704,13.417899478578136],[101.53215384922083,13.418247700570987],[101.53210186121197,13.418515872109879],[101.53207182655359,13.418787210161668],[101.53206838125084,13.419146366111931],[101.53210328573812,13.419504574176813],[101.53216270124773,13.419862534928086],[101.53223565425208,13.420218665558991],[101.5323149231952,13.420571910265494],[101.53241030079482,13.420921040573603],[101.53251086298599,13.421269553047466],[101.53258110543374,13.421531977918505],[101.53263982756607,13.421796213124765],[101.53270412639438,13.42215186531638],[101.53275720168358,13.422509889919525],[101.5328007648435,13.422868573725736],[101.53284176223758,13.423230106584185],[101.53288196103375,13.423597860952555],[101.53286666356576,13.423954314440095],[101.53275801736868,13.424292506294194],[101.5325851919531,13.424616663328379],[101.53243072979438,13.42484916056037],[101.53226252329688,13.425063726210055],[101.5320050473951,13.425319281159943],[101.5317931914027,13.425497018672502],[101.53158308099444,13.425676433420733],[101.53132263912858,13.425951779750903],[101.53107681484317,13.426218509676517],[101.53085006877569,13.426049129563751],[101.53066046560804,13.425846064444386],[101.53044501592478,13.425681089210968],[101.53011432621526,13.42552856419195],[101.52984978883677,13.425440874896481],[101.52958162808972,13.425365080034453],[101.52922642376052,13.425267571041616],[101.52887036597468,13.425171200590512],[101.52851403839225,13.425076526260739],[101.52815687623888,13.424984682097431],[101.5277994361951,13.424893970180619],[101.52753079341147,13.424827212605805],[101.52726187903255,13.424762150253059],[101.52690335080905,13.424677658946848],[101.52654370472823,13.42459656617865],[101.52618104771722,13.424530749294718],[101.52581562888821,13.424476816951596],[101.52554177902994,13.424436083058822],[101.52526928804724,13.424387429736157],[101.52490544662913,13.424318798873514],[101.52454046397128,13.424251309250565],[101.52417881779826,13.424171926992869],[101.52382674221042,13.424069862034571],[101.52348474622414,13.423938895563651],[101.52314860842159,13.423788676406332],[101.52289987572874,13.423667503552508],[101.52265479338405,13.423536698060218],[101.52233474535228,13.423352998941823],[101.52202352956232,13.42315904575338],[101.52172570737554,13.422949149383783],[101.52151421291063,13.422775655771943],[101.52131011267164,13.422591924277924],[101.52104185839511,13.42234107368165],[101.52083917009168,13.422154504826608],[101.52063021980888,13.421975902166196],[101.52041670276867,13.421801862665859],[101.52020204538815,13.421628964405215],[101.51991042222824,13.421404885726929],[101.51960916463128,13.421197278131956],[101.51929345313044,13.421014095224336],[101.51904590304605,13.420895167078356],[101.51879011966832,13.420788743106073],[101.51844380423825,13.420657814406638],[101.51809669560606,13.420533668394114],[101.51783336241982,13.42044990463944],[101.51756664958128,13.420374080999068],[101.51721112509341,13.420272604197351],[101.51686236890328,13.420156377614774],[101.51660747495504,13.420052201048293],[101.51635276356922,13.419937859444701],[101.51610199571059,13.419814441883034],[101.51586431838365,13.419673954289635],[101.51557335982278,13.41945776896091],[101.51530602555272,13.419211418572161],[101.51511363358736,13.419015706309835],[101.51492978608081,13.418809743574855],[101.51469609544853,13.418525789833382],[101.51447702689336,13.418233219687409],[101.51427488987434,13.41793257542804],[101.51409394178205,13.417617036596994],[101.51393276798291,13.417289445951212],[101.51378882879146,13.416954905344653],[101.5136598561175,13.416617391579393],[101.51354582208211,13.416274082582902],[101.51344299989461,13.415927273424984],[101.513348499134,13.415576429009036],[101.51325889608125,13.415224970356121],[101.51317074093703,13.414874062088359],[101.51310886758023,13.414609851163732],[101.51305505844425,13.414344429751679],[101.51300412084356,13.414077850012802],[101.51295231899439,13.413811280166499],[101.51287624893979,13.413457428417644],[101.51281723722576,13.41319092781913],[101.51273697812911,13.412825493701632],[101.51262593523876,13.412489260570965],[101.51195479817545,13.411650999793835],[101.51099034722682,13.410726665803054],[101.50882031010929,13.410324757881313],[101.50681101061969,13.410324731800983],[101.50520356509253,13.410766775566287],[101.5039577999126,13.410766760277795],[101.50279240804326,13.410605991173611],[101.50178634636285,13.410210728342463],[101.50147719002035,13.410101048824401],[101.50131294503643,13.410505663705464],[101.50120452187127,13.410869821684969],[101.5011042924292,13.411217523869652],[101.50099105519308,13.411562531685547],[101.50086478857918,13.411902585136261],[101.50077284009456,13.412158728242787],[101.50069389940398,13.412417566617478],[101.50062134659794,13.412680858434896],[101.50055862338183,13.412946310423933],[101.50050028975664,13.413301501263334],[101.50049475982536,13.413658992568514],[101.50053627702761,13.414019969645949],[101.50057664669492,13.414381523188808],[101.50060538902756,13.414650586855146],[101.50063730956424,13.414920182920127],[101.50067497317156,13.415187462331573],[101.50071668732534,13.415455832620637],[101.50074630020163,13.415725451168669],[101.50076381359918,13.415996319774365],[101.50076957735416,13.416358215958951],[101.50075370342074,13.416719198432304],[101.50073689689032,13.416990406981768],[101.50071230043238,13.41726112809863],[101.50066207059814,13.417619062769575],[101.5005872865741,13.417973287737084],[101.5004946114372,13.418326562121194],[101.50037994787635,13.418673277749633],[101.5002371544212,13.419005025961212],[101.50005112515936,13.419311792805047],[101.49987999136857,13.419525240597409],[101.49968883237375,13.419726466603208],[101.49942644167697,13.419984300435146],[101.49922559968172,13.420169809888876],[101.49901603156468,13.420348065410963],[101.49872939784348,13.420576774698418],[101.49843779177075,13.420798757956391],[101.49814475937319,13.42102244812753],[101.49792835191198,13.421181007597454],[101.49687367557971,13.421050290238725],[101.49659784541427,13.421061204411103],[101.49623715342193,13.421136778039909],[101.49589973228689,13.421279593978113],[101.49564978281131,13.421402344242836],[101.49540659533818,13.421537450293158],[101.49517102242481,13.421683773587347],[101.49494884940992,13.421842952690156],[101.49473893955047,13.422016690917587],[101.49454247095832,13.422207236574764],[101.49429230024953,13.422476238187869],[101.49410954901651,13.422682458128975],[101.49392881676152,13.42288865828499],[101.49369402266109,13.423166543401294],[101.49346738541158,13.423452250820787],[101.49324569083603,13.423741863096552],[101.49302631471272,13.424032580639107],[101.49281100442437,13.424326083382084],[101.49265148537779,13.42454788317832],[101.49249225501364,13.424769681175917],[101.49233302464944,13.424991478274137],[101.49217321242389,13.425212716893441],[101.4920116564129,13.425432843950659],[101.49184487264284,13.42564963542236],[101.4916716982903,13.425861969854054],[101.4914979411771,13.426073747605415],[101.49127767832226,13.426362779818476],[101.491082681021,13.426668501650056],[101.49095102027343,13.426906966783122],[101.49083126025454,13.427152654371525],[101.49071961122115,13.427401649666422],[101.49061809035265,13.42765393378204],[101.49049644715336,13.427996764339241],[101.49040690435521,13.428347746351449],[101.49036812289063,13.428614657040839],[101.49035621137011,13.428885817926187],[101.49035930683658,13.429157959971917],[101.49037480485345,13.429429979709823],[101.49039674471408,13.429795107158498],[101.49043200173554,13.430165185375074],[101.4905369930878,13.430500691853467],[101.49075933157798,13.430775748601945],[101.49105623195959,13.431008846581051],[101.49135612438567,13.431224408679554],[101.49158897055463,13.431371743711054],[101.49182835389547,13.43150941462784],[101.49206772464584,13.431645955996146],[101.49230908559588,13.431779653708077],[101.4925515760944,13.431911082430531],[101.49279406659298,13.432042507555707],[101.49303541765045,13.432175076618535],[101.49327393044757,13.432312189955667],[101.49358655367655,13.432503342655195],[101.49388898578815,13.432713229132276],[101.49417430919709,13.432941920433336],[101.4944219339252,13.433207122410806],[101.49463613175215,13.433503146852786],[101.49479477306039,13.433726315417175],[101.49494194261661,13.433955808014161],[101.49511341994844,13.434276536832783],[101.4952665268288,13.434605917129431],[101.49540096378354,13.434942823852282],[101.49551326932198,13.435287289376959],[101.4955791824334,13.435552596575121],[101.49561743060002,13.43582043626418],[101.49563559600603,13.436182211040261],[101.49562407119402,13.436545974217381],[101.49557122792987,13.436902806319495],[101.49547733690963,13.437251009426575],[101.49535453988017,13.437593288699361],[101.49521004131043,13.437929007417836],[101.49504927310551,13.438253593428669],[101.49486443274742,13.438565428851518],[101.49466481383013,13.438870636270906],[101.49446257338911,13.439173610673663],[101.49431291900606,13.439401526759127],[101.49416211259148,13.439629455435067],[101.49395811757313,13.43993018782794],[101.49374918977333,13.440228145812341],[101.49358878759256,13.440448827751254],[101.49342373501742,13.440666167809468],[101.49325577493414,13.440881278448273],[101.49308491813451,13.441095287417625],[101.49285623043073,13.44137932389674],[101.49262841417004,13.441663917056189],[101.49240176073272,13.441949627173585],[101.49223118542091,13.442163067771389],[101.49205887441758,13.442375961581433],[101.49182435640898,13.44265440877399],[101.49157995215313,13.442925048951906],[101.49138494316065,13.443118967966029],[101.4911762150104,13.44329721269628],[101.49095816358846,13.443466514568058],[101.49072995522329,13.443629706445847],[101.49040930104849,13.44380736212014],[101.49004813421408,13.443888861381879],[101.48985394000738,13.443896766422654],[101.48959296844077,13.443889977440563],[101.4893319150359,13.443892559394158],[101.48892923909318,13.443806194800118],[101.48865754940641,13.443753543091589],[101.48829816143109,13.443671831589825],[101.4879398427496,13.443582203356073],[101.48758289733291,13.443485784341533],[101.48731841031645,13.443404262596687],[101.48705985882549,13.443310823036086],[101.48672147901311,13.44316848014131],[101.48638899155878,13.443010268708974],[101.48614309442831,13.442885081281531],[101.48590001037724,13.442753089583448],[101.48558084188238,13.442571592904756],[101.48526962159582,13.442377594750269],[101.48504075132968,13.442225133583122],[101.48481386496798,13.442069264884708],[101.48458754338048,13.441912261241896],[101.48436036204112,13.44175582956791],[101.48405852258281,13.441548184201395],[101.48375838644046,13.44133769877584],[101.48346024409506,13.441124933568858],[101.48316662444023,13.440903090605218],[101.482868761784,13.440689192252478],[101.48255587865094,13.440501418305871],[101.48222173734337,13.440349991359085],[101.48196227843647,13.440252038101107],[101.48170142468109,13.440158615627638],[101.48135141573533,13.440035013704971],[101.48099460341825,13.439922772018349],[101.48065345639196,13.439791176022027],[101.48035848595543,13.439577810967251],[101.48020229080316,13.439255225048669],[101.48020322969535,13.438897774212933],[101.4802554263469,13.438531914716123],[101.48032445560921,13.438176052083179],[101.48040418140789,13.437822342427182],[101.48044405464947,13.437464509379652],[101.48038874184704,13.437106483877187],[101.48025690663098,13.436768411632954],[101.48002072757458,13.436493480789579],[101.47976729502471,13.436392076832931],[101.4794889035901,13.436388041574901],[101.47922220424141,13.436455041966667],[101.47895568295849,13.436539544064772],[101.47859993274074,13.436642430104143],[101.47824043774608,13.436717683574273],[101.47787132809935,13.436727527553387],[101.47750393885576,13.436680322139182],[101.47723289758022,13.436605628047346],[101.47700558314119,13.436463306736243],[101.47680370962354,13.43615810741079],[101.47660483264696,13.435863606420355],[101.47634153543356,13.435812551907816],[101.47606518635934,13.435838985680675],[101.47572375964387,13.435735619403374],[101.4754810110399,13.43546639475835],[101.47526106294777,13.435170406289274],[101.47507872989951,13.434857672443684],[101.47496245025695,13.434516618946873],[101.47489386705837,13.434157591599615],[101.47485240741275,13.433799427601571],[101.47482764637886,13.433438276055654],[101.47479279675025,13.433077788209403],[101.47475564036057,13.432717322846202],[101.47470668306704,13.432359231693226],[101.47463209779312,13.432005345770165],[101.47455988043419,13.431741785055408],[101.47446954623263,13.43148348357596],[101.47431792143499,13.431155199552848],[101.47413013759581,13.430844777864252],[101.47391307992478,13.43054875881819],[101.47367345916285,13.430274417930093],[101.47340472734635,13.430030291564776],[101.47311341535192,13.429806150833258],[101.47282465833138,13.429578030601704],[101.47254418496624,13.429341924390371],[101.4722651478184,13.429105238116279],[101.47199209835674,13.428861716994675],[101.47173076526269,13.428607350948539],[101.47154155330009,13.428410439889944],[101.47135690359829,13.428208400897006],[101.47117453817447,13.428004081223435],[101.47099445882725,13.427797479969797],[101.47075483716606,13.427522571609416],[101.47051378738144,13.427248805388103],[101.47026644414115,13.42698018418821],[101.47007691741584,13.426780450157707],[101.46989140526421,13.426578419258703],[101.46965809774309,13.426300059300331],[101.46945743201496,13.425998227935906],[101.46933379591803,13.425754366870592],[101.46921845876494,13.425504214148191],[101.46904417824629,13.425187441447292],[101.46880602697661,13.424914773298212],[101.46858507344245,13.424744145825741],[101.46834378084088,13.424615502303652],[101.46807103085342,13.424569611698246],[101.46780963930348,13.424647275351504],[101.4675976897816,13.424821578353203],[101.46742537518099,13.425035586423235],[101.46721554985783,13.425332970640113],[101.46701822241312,13.425639831912747],[101.46683480927908,13.425953332880056],[101.46666996714532,13.426277944971218],[101.46653900786896,13.426615778895155],[101.46647824067833,13.426878951102765],[101.46645420539733,13.427151927719365],[101.46640970424454,13.427510937979434],[101.46627927466886,13.427844249212797],[101.46612702933902,13.428075000860645],[101.46594916682068,13.428282850373307],[101.4656852436791,13.428536718195062],[101.46539827541017,13.428765401402188],[101.46508436794926,13.428954818410205],[101.46475992942726,13.429129657407827],[101.46452164325927,13.429267511786293],[101.46427660228341,13.429393575153426],[101.463944201164,13.429551550064048],[101.46369444234472,13.42966749425949],[101.4634461701047,13.429787942259793],[101.46311788068573,13.4299532160681],[101.46287254383287,13.430078715560342],[101.46262956140521,13.430208711662772],[101.46231007904697,13.430389145342815],[101.46199500156814,13.430577440896229],[101.46176228490157,13.430724275904652],[101.46153161958864,13.43087447707552],[101.461227969795,13.431080166416621],[101.46092783095469,13.431290903652325],[101.46062915531132,13.431503884696554],[101.46032960912424,13.431716309060448],[101.46010684615408,13.431877725676543],[101.45989254490507,13.432048660717157],[101.45962537341234,13.432296343901214],[101.45937075285804,13.432558585310517],[101.45911528604165,13.432822530035764],[101.45886335805761,13.433094344728261],[101.45858824914842,13.433327422922275],[101.45819678595296,13.433408324134916],[101.45787156412143,13.433196069742849],[101.45767752369881,13.433005970149452],[101.45743964582306,13.432731595087091],[101.45709183841768,13.432709014009845],[101.45675960637078,13.43285625011589],[101.45651195736099,13.43312350344695],[101.45629806170626,13.433419791390293],[101.45613927560714,13.433746034851652],[101.45598784686172,13.433973387062224],[101.45578987640175,13.434162229403398],[101.45556328142038,13.434316339927193],[101.4553223773259,13.434453085441589],[101.45507793170123,13.434581957391458],[101.45483081958673,13.434704079929418],[101.45459368724892,13.434843046769231],[101.454367110254,13.434998849817134],[101.45407486116596,13.435220797102147],[101.4538579842586,13.43539457579908],[101.4536785883962,13.435595094038433],[101.45358163338574,13.435846761219125],[101.45346120606985,13.436087927016274],[101.45321473697061,13.436358554603657],[101.45293295509185,13.436588869181037],[101.4526158496418,13.436777741199819],[101.45235821186202,13.437028148430329],[101.45226880486149,13.43728482303618],[101.45216518497534,13.437533730197515],[101.4519108342177,13.437795399638048],[101.4515806157529,13.437943175337296],[101.45130979571059,13.438173946770291],[101.45112171509516,13.438485227311446],[101.45102890955661,13.438833415130034],[101.45086699291744,13.439051267801801],[101.45063778990215,13.439204835135058],[101.45037920423692,13.439305608666928],[101.45010614937934,13.43934497019427],[101.44973683198924,13.439335577674797],[101.44946384008421,13.439381150819486],[101.44920786694956,13.439483590795135],[101.44887895789765,13.439647162186816],[101.44855624967124,13.43982479088146],[101.44823617016317,13.440005781241837],[101.44791960880298,13.440192384271143],[101.44761300203845,13.44039357160608],[101.44731663405548,13.440608777573061],[101.44702699120273,13.440832951579523],[101.44674085390733,13.44106160870632],[101.44652713272103,13.441234787555459],[101.44631660592665,13.441410194924629],[101.44610783460894,13.441587841605667],[101.44589907318374,13.441766618734505],[101.44568797082326,13.441942029700954],[101.44547278823865,13.442113528616517],[101.44518696031002,13.442344440343675],[101.44497032442098,13.442514823200554],[101.44474841041085,13.442676786604466],[101.44444118041622,13.442874024116975],[101.44411996776239,13.443057846442514],[101.44378854600467,13.443230470409958],[101.44344879022952,13.443377766770595],[101.4431025872147,13.443486725032358],[101.44274435666676,13.443519000801302],[101.44246602188946,13.443493468149086],[101.44218497026026,13.443456102217397],[101.44181488574844,13.443428636022759],[101.44153807172466,13.443410992223562],[101.44126183596501,13.44339334392771],[101.44089300241018,13.443375462707479],[101.44052399708488,13.44336944174637],[101.4401530330361,13.443369085614847],[101.43978185404939,13.443376073347167],[101.43941343598135,13.44339940805628],[101.43904960085843,13.4434481108417],[101.43868842862815,13.443531797254707],[101.43833599600947,13.443652667936306],[101.43800731538533,13.443811707644215],[101.43771293400476,13.44402519140948],[101.43744551699706,13.4442807634465],[101.43719378326654,13.444546913309466],[101.43695541256233,13.444822533932836],[101.43678274992402,13.445034836888283],[101.43661300018988,13.445249934936612],[101.43644382602179,13.445465027589023],[101.4362775530667,13.445681784886517],[101.43611244473362,13.445899661839974],[101.43594878520832,13.446118089178526],[101.43573192808606,13.446410440789236],[101.43551535874684,13.446702790601364],[101.43530608740605,13.447003540081369],[101.43510001495378,13.447307081056977],[101.43488869315871,13.447605025551525],[101.43466396157265,13.447888982890277],[101.43441505890792,13.448150586680299],[101.43412891082062,13.448380362563739],[101.43381329374859,13.448577107247729],[101.43348378305024,13.448740667847574],[101.43314213240353,13.44887328727242],[101.4327866501838,13.448978935129787],[101.43242459481928,13.449062058567222],[101.43206148544925,13.4491265561457],[101.43169591283618,13.449175830899947],[101.43141954757414,13.449203348355866],[101.43114194394559,13.449222406788692],[101.43077254022063,13.449235012585802],[101.43040442522408,13.449232356887819],[101.43003641095169,13.449211066337682],[101.42966828156602,13.449178481202011],[101.42939222387207,13.449150654379253],[101.42911590087817,13.449125086653453],[101.4287475349708,13.449097585385289],[101.4283789253472,13.44907460321042],[101.42800972396964,13.449049932108721],[101.42773291444252,13.449033404368151],[101.42745613279436,13.44901969780085],[101.42708734330631,13.449007445437303],[101.42671866803215,13.449006484062011],[101.42634952421122,13.449016256994696],[101.42597875081873,13.449036207554968],[101.42560984531815,13.449069694710715],[101.42524399391527,13.449120091818827],[101.42488473184494,13.449194707669676],[101.42453538569953,13.44930875519492],[101.42427795656249,13.449412318423811],[101.42402025762885,13.449517575975392],[101.42367212736684,13.449637823426883],[101.42331438065418,13.449719761557787],[101.42295095382354,13.449781991945429],[101.42258391261754,13.449829009401299],[101.4223075608453,13.449858211287449],[101.42203116860361,13.449883459753892],[101.42166336387322,13.44991184775364],[101.42138684572643,13.449924674783972],[101.42110996155554,13.449929597672849],[101.42083304231113,13.449931133714927],[101.42055554660124,13.449932675152866],[101.42027865073919,13.449936467593943],[101.41992796460397,13.449974853356821],[101.41955790707181,13.450008907984738],[101.41918755366271,13.450042397838445],[101.4188198829313,13.450084333225448],[101.4184569858013,13.45014203462722],[101.41810183633072,13.450224506955465],[101.41775982055935,13.450350898575152],[101.41742942133078,13.450513885407531],[101.4171023253121,13.450689826973985],[101.41677048896696,13.450853390271789],[101.41651755644011,13.450974406643581],[101.41626327133298,13.451104472893178],[101.41592181943651,13.451258527658979],[101.41557686917724,13.451351628175132],[101.41522169362634,13.451345439040836],[101.41494788243887,13.451283127714248],[101.4146783025617,13.451182374866733],[101.4143415019588,13.45102353840565],[101.41404090356491,13.45082143556084],[101.41376239431912,13.450577899150801],[101.41348903099407,13.450329794184711],[101.41322227408875,13.450078800596202],[101.41295951107264,13.449823253740192],[101.41268536443806,13.449583061009491],[101.41245759943871,13.449423175938875],[101.41220578656788,13.449310391061772],[101.41192809210781,13.449263360116049],[101.41167221789857,13.449349954037189],[101.41139149991784,13.449577396179961],[101.41119356722942,13.449775246130741],[101.41099735314538,13.449971949445967],[101.41080988137099,13.450177604612804],[101.41062504640882,13.45038718532038],[101.41035274788106,13.450620194266605],[101.41002272816644,13.450763967982766],[101.40965306543666,13.450838097300391],[101.40928268504791,13.450869314567285],[101.40900514706993,13.45086689179368],[101.40872678261496,13.45083962794655],[101.4083640689467,13.450771947667306],[101.40801728766775,13.450653292015886],[101.40768307621306,13.450493291832004],[101.40735711603816,13.450321917922224],[101.40703599331653,13.45014371995677],[101.40671769896272,13.449959849067852],[101.40639969239197,13.449775973682279],[101.4061623217338,13.449635938447841],[101.40592692958421,13.449491931807245],[101.40561373888301,13.449298973269038],[101.40529631237496,13.449115091588283],[101.40496867136716,13.448948247563635],[101.40471481793458,13.448833215280729],[101.40445332026457,13.448732373400389],[101.40409926976554,13.448636368973325],[101.40382807290729,13.448604513187775],[101.40346372786883,13.448632368788822],[101.40301390406847,13.448768715004235],[101.40269931761947,13.44895637923355],[101.4024762713629,13.449124532671078],[101.40226252409627,13.44929937436666],[101.40199966665136,13.449554307885023],[101.40173855658918,13.449810920437699],[101.40141633219804,13.450013901020782],[101.40104867405711,13.450222022128685],[101.40119313755332,13.450457068039327],[101.40138097175452,13.450663087431565],[101.40161942159909,13.450940340324507],[101.40181035396472,13.451138987973991],[101.40196372524576,13.45136058362408],[101.40207696158257,13.451607407955578],[101.40216924281634,13.451864597872941],[101.40227857789409,13.452211977201046],[101.40234355391192,13.45256599172717],[101.40234542630043,13.452927386090039],[101.40232245581672,13.453198665685932],[101.40227983244836,13.453466178921076],[101.40224125782782,13.453734782134518],[101.4022136729227,13.454006104897871],[101.40221206223697,13.454365273438668],[101.40227474768153,13.45472100477059],[101.40237371807268,13.45507017734684],[101.40249741622284,13.455411206561962],[101.40260663888535,13.455660328661281],[101.40272993593783,13.455903104244896],[101.40286643323935,13.456138975733211],[101.40302271112927,13.45636223512912],[101.40319617326486,13.456572907613634],[101.40337365536993,13.456781846205274],[101.40360696199178,13.457063098383344],[101.40383739527965,13.457345507089542],[101.40400054668794,13.457563617866697],[101.40415168585167,13.457792007894909],[101.40433110689514,13.458108221217458],[101.40447463509639,13.458441154735567],[101.40458483172466,13.458787394622618],[101.40465471264491,13.459140795811152],[101.40468658641691,13.4595013376167],[101.40471096344027,13.459862516142266],[101.40472957760795,13.460224314300717],[101.40476086771992,13.460584296727973],[101.40483018386595,13.460938833760224],[101.40489543507636,13.461204185025167],[101.40497708002829,13.461464297739212],[101.40511198103314,13.461799570393907],[101.40523269793073,13.462043498009052],[101.4053700963529,13.462282182576701],[101.40557535042217,13.462584594003886],[101.40580835487174,13.462863587084939],[101.40607281940515,13.463115172427308],[101.40636130662904,13.463345633594145],[101.40666086360801,13.46355791766382],[101.40697034280714,13.463752600202383],[101.40729035396674,13.463933063560091],[101.40753427978325,13.464063432881176],[101.40777848259097,13.464192669056501],[101.40810673243982,13.464360064365508],[101.40844007694807,13.464517810848349],[101.40868881143956,13.464638532242532],[101.40892957164249,13.464769494216853],[101.40916354376259,13.464914073725595],[101.40939160643757,13.465073393122623],[101.40960940784794,13.465245233780536],[101.40980344827057,13.465435372044851],[101.40997347229796,13.465647198359591],[101.41010861522045,13.465890420006929],[101.41022743544784,13.466232053566443],[101.41028205487299,13.466587292969223],[101.41030127428445,13.466950777356544],[101.41030780066455,13.467314384051633],[101.41030098380344,13.467584376717639],[101.41027859697971,13.467855085244025],[101.41024788782983,13.468216789872997],[101.41022644439494,13.468581792315888],[101.41019805459661,13.468944604909666],[101.41013986306427,13.469298667099849],[101.41002759619664,13.4696402592906],[101.40985228955157,13.469967211417725],[101.40963102575131,13.470256767036233],[101.4093396786833,13.470462290902049],[101.40907589044008,13.470567596117689],[101.4088210909207,13.470677333192441],[101.40856566637245,13.470782558368398],[101.40831023732767,13.470887218770201],[101.40805774816658,13.470997498136057],[101.4078111603568,13.471120708853675],[101.40756927600137,13.471252908295128],[101.40733180371984,13.471393537981442],[101.40709726232888,13.471538655284746],[101.40687267463431,13.471698359591699],[101.40665042787498,13.471861430060983],[101.40641819864101,13.472007089655506],[101.40609213414473,13.472174543420465],[101.40575843890088,13.472329079323629],[101.40550508279341,13.47243936408546],[101.40524996131671,13.472546279087567],[101.4049942390929,13.472650938589993],[101.4047382182942,13.472754472141219],[101.40448159674833,13.472855752890723],[101.40422380968113,13.472955913984265],[101.40387919576835,13.473086271614193],[101.40353339475041,13.473213252289838],[101.40318610535456,13.473335728261304],[101.40292475877067,13.473426322366947],[101.40266250836811,13.4735129729454],[101.40231194903726,13.473625879231008],[101.4019602052993,13.473735972437225],[101.40169558428386,13.473816432982062],[101.40143066289482,13.473895765777002],[101.40107683812562,13.473999666251643],[101.40072211943033,13.474100751848255],[101.40036767772619,13.474200704299108],[101.40001235918311,13.474299536194678],[101.39974564184797,13.474372672660763],[101.39947833905416,13.474444685873607],[101.39921102277054,13.474515570437291],[101.39894340701267,13.474585326351757],[101.39858598765329,13.474676270293685],[101.39822825892708,13.474764956937236],[101.39786995103748,13.474853649876081],[101.39760058609824,13.474921727655669],[101.39733031823965,13.474985861008747],[101.39696902280224,13.475064415890131],[101.39660611667898,13.475126044631281],[101.39624041816086,13.475167935052184],[101.39587141103686,13.475196302367522],[101.39559315539987,13.475211945175204],[101.39531452834285,13.475219121765122],[101.39503583293742,13.475219520164785],[101.39475819063807,13.47520974543346],[101.39439150466427,13.475181617337796],[101.39402723067224,13.475134831907042],[101.39366244766387,13.475066026575917],[101.39339030741684,13.475000290630931],[101.39312235441321,13.474920395759682],[101.39277402989762,13.474794961918008],[101.39244104331954,13.474645097992948],[101.39212307631897,13.474467986408513],[101.39181700195314,13.474268168741048],[101.39151714010399,13.474054741633097],[101.3912195355532,13.473836208174532],[101.3909193706325,13.473621089441792],[101.39061240323986,13.473418455996978],[101.39029496144337,13.47323568767689],[101.38996842210503,13.473066559374274],[101.38972081536338,13.472943549205468],[101.38947350899531,13.472821665887238],[101.38914724664818,13.472651404438807],[101.38882837043303,13.472469210785505],[101.38851176140872,13.472283044826725],[101.38827492764585,13.47214073071018],[101.38804038355693,13.471996700687214],[101.38773087737815,13.471799169995734],[101.38742678331943,13.4715948116513],[101.38713008438594,13.471379653348379],[101.38684650026585,13.471148557260165],[101.38657259375026,13.470904381432092],[101.38630011355946,13.470658496892156],[101.38609177301697,13.470479768326697],[101.38587573877436,13.47031071196983],[101.38557505944152,13.470101235583627],[101.38526805157937,13.469893513774707],[101.38495448765951,13.469693759059794],[101.38463328130098,13.469508758622339],[101.38430394866833,13.469348118121218],[101.38396511739631,13.469218627437783],[101.38361422801427,13.469124260676153],[101.38325180302837,13.469059368295234],[101.3828818057508,13.469016571357713],[101.3826017433758,13.468994945360464],[101.38232144357983,13.468978403230778],[101.38195054967821,13.468961590405115],[101.38158204257724,13.468952660137177],[101.38121309300988,13.468957287149124],[101.38084395998084,13.468972643972393],[101.38056657488755,13.468988261599065],[101.38028976536043,13.469003872930443],[101.37992066560628,13.469022616600512],[101.37955155506029,13.469040230722101],[101.379274756325,13.469056970702695],[101.37899798097209,13.46907596798161],[101.3787211930287,13.469093836611307],[101.3784443781056,13.469108881369834],[101.37807548879283,13.46911971370389],[101.37770732433358,13.469116423084529],[101.37733902767405,13.469099577883242],[101.3770627469483,13.469081298263347],[101.37678670634148,13.46905793297725],[101.376418800887,13.469022448427324],[101.37605141793864,13.468981309839648],[101.37568430029029,13.468937910356317],[101.3753183022979,13.46889111143571],[101.37495338169327,13.468836395783114],[101.37468030794992,13.468792105071657],[101.37440748331875,13.468743860041172],[101.37413522526049,13.468694479166913],[101.37386296090699,13.468644532619123],[101.3735002148631,13.468576240800928],[101.37313773411921,13.468505688087077],[101.37277609693939,13.46843286638375],[101.37241499755413,13.468356086764061],[101.3720553083059,13.468275905009079],[101.37168816277853,13.468200310695806],[101.37140696186185,13.468151010760607],[101.371128002955,13.468094912850006],[101.37077388860416,13.467994911835774],[101.3704582121768,13.467843158435073],[101.37021398238943,13.467593032692378],[101.37006623277051,13.467354985744066],[101.36992015768919,13.467111275764807],[101.36969055807288,13.466823177048013],[101.36950050344552,13.466625058199952],[101.36929987009302,13.466436640338713],[101.36901745329288,13.466204946201344],[101.36861650314916,13.465967662777473],[101.36829740030481,13.465799488655534],[101.36792490381134,13.465560734840096],[101.36765330135881,13.465313686577417],[101.36738711372436,13.465059813359744],[101.36713496270841,13.464795641105979],[101.36691032734979,13.464513138870302],[101.36677875383646,13.464276631561347],[101.36667009774686,13.464023530861311],[101.36650534824327,13.463699239828088],[101.36629926140188,13.463395665577536],[101.36606850435805,13.463106443607558],[101.36580528898298,13.462861011426583],[101.36548018136534,13.462687876644225],[101.36511756032723,13.4626020633346],[101.36475113965344,13.462599299717965],[101.36438065764128,13.462653045901391],[101.36402470327749,13.462746748963355],[101.36376839019908,13.462851374291517],[101.36351798926387,13.46297062619351],[101.36327702941145,13.463111248685209],[101.36303297499188,13.463230440332609],[101.36276438976483,13.463260636868938],[101.36248353328847,13.463245770176229],[101.36220327576063,13.463233157184504],[101.36192122678324,13.463214348763245],[101.36155854908782,13.463240344566316],[101.36121912875984,13.46337285607251],[101.36097822286678,13.463519123608705],[101.36076410507945,13.463690550578519],[101.360534912856,13.463972240726378],[101.36034759306705,13.464287420727942],[101.3601953207575,13.464616953909342],[101.36004564569004,13.464946462809053],[101.35993644011467,13.465195966220904],[101.35983216192477,13.465447681964974],[101.35970189692506,13.465785478117368],[101.35957366709113,13.466124952404698],[101.35944427803105,13.466463869112317],[101.35931111541572,13.4668005635952],[101.35916318503303,13.467131750629846],[101.35898568584076,13.467448533223262],[101.35876492026495,13.467736919723109],[101.35849703381115,13.46798621808955],[101.35828876341577,13.468166060015733],[101.35808805901678,13.468352608186365],[101.35783967616021,13.468619794068275],[101.3576622758934,13.468829276749773],[101.35749503976433,13.469045439595391],[101.35729228491107,13.469346645931012],[101.35716540136224,13.469588407978677],[101.35706487964052,13.469841217298381],[101.35695603918992,13.470187285414966],[101.35687380608135,13.470539877213639],[101.35682306183492,13.47089669402726],[101.35678706826866,13.471257324865689],[101.35676721483514,13.471528012707665],[101.35674360763147,13.471798171748276],[101.35666627762669,13.472150718580849],[101.3565790748645,13.472408485862957],[101.35647450259626,13.472660204305043],[101.35635950089033,13.472907502579233],[101.35622622406106,13.473144806687515],[101.35607726935058,13.473372093247576],[101.35591555955551,13.473593287800043],[101.355746870122,13.473808899361245],[101.35557061469217,13.474017805577319],[101.35531639883283,13.474279397676128],[101.35506073956157,13.474541003264733],[101.35481380101618,13.474809303406687],[101.35463056864586,13.475013192305028],[101.35444995240346,13.475218751244427],[101.35421465558193,13.475497670581092],[101.35400201088413,13.47579162658235],[101.35384363397657,13.476117826876248],[101.3536832317958,13.476443482181026],[101.35356445833315,13.47668912120605],[101.35344886397394,13.476935294428358],[101.35332921816894,13.477180375873672],[101.35319710056581,13.477418798738597],[101.35300190271568,13.477726707721445],[101.35277907859165,13.478012852211407],[101.35250796896764,13.478258788012681],[101.35228890580839,13.47842799905294],[101.35206544856169,13.478590475070405],[101.35180882341854,13.478842486691462],[101.35162899318357,13.479158721597798],[101.35143030686322,13.479464404758517],[101.35118859517758,13.479737171833051],[101.35098729542739,13.479923157028111],[101.35077141856618,13.48009403091487],[101.35046438372439,13.48029568859522],[101.35022246699333,13.480429534695304],[101.34997051562686,13.480540321278852],[101.34971088584876,13.480633107032304],[101.34944536641058,13.48071352440968],[101.34917983168395,13.480792812238519],[101.34891220243628,13.480864213013092],[101.34855654664739,13.480962413584564],[101.34821007743318,13.481085376988631],[101.34787365634423,13.481233093332662],[101.34754286680993,13.481396004621956],[101.34721647136314,13.481565650934101],[101.3468962425676,13.481746534275203],[101.34659680070183,13.481958281449579],[101.34632306595677,13.482202543612573],[101.34608075802061,13.482474182937267],[101.34592772758265,13.482699244574519],[101.34578169207151,13.482931582626463],[101.34555392437414,13.483214944614076],[101.3452959151744,13.483474306394157],[101.34501838169302,13.483714085436759],[101.34472476113888,13.483931423696276],[101.34441828567543,13.484132505810521],[101.34418425959598,13.484277568255209],[101.34394878830602,13.484422077616841],[101.34363763996515,13.484617556055412],[101.34333116270307,13.484818636371017],[101.34302586085488,13.485021965891065],[101.34272114176736,13.485225852990766],[101.34241613219882,13.485429742788426],[101.34211024579128,13.485632512030861],[101.34180172437016,13.485831351235902],[101.34149116058865,13.486027951129074],[101.34118058511598,13.486223420574447],[101.34087235597451,13.486422820956477],[101.34056880330769,13.486628390687713],[101.3403447246294,13.486788039236671],[101.34012268921077,13.486949927996818],[101.33982908034784,13.487169522655392],[101.33953869015846,13.487393603132318],[101.33925238199191,13.487622164031677],[101.33903998640631,13.487796386094374],[101.3388307843133,13.487972836677102],[101.33862218206809,13.488151541860191],[101.33841592165754,13.488333613205725],[101.33821316500564,13.488520167671652],[101.33801768207042,13.488712868104415],[101.33776924525455,13.488978911847369],[101.33753885423482,13.489261164071536],[101.33732590556616,13.489556806301607],[101.3371277804228,13.489863606420329],[101.33694212617826,13.490177066018816],[101.33677557892986,13.490497124842477],[101.33667387010308,13.490749376582528],[101.33657970119231,13.49100551159512],[101.33644275782706,13.49134336530409],[101.33630088707633,13.49167900668084],[101.3361360863114,13.492000742740117],[101.33592807222283,13.492299727750265],[101.33574920965833,13.49251090655315],[101.33554846299126,13.492696879157677],[101.33525165344111,13.49291480377525],[101.33492476516585,13.49309573657905],[101.33457903429507,13.493208513362276],[101.33421645012913,13.493249724795021],[101.3339362960233,13.493251767155357],[101.33365513827408,13.493239700052186],[101.3332850258833,13.49321886006237],[101.3329175961702,13.49317710004317],[101.33264196205698,13.493139566837613],[101.33236665080034,13.493105419579479],[101.3319996842381,13.493081725141565],[101.33172270383977,13.493083736025653],[101.3314444401089,13.493102134356093],[101.33116748309294,13.493136333774828],[101.33089677726451,13.49319024003762],[101.33054462523432,13.493295728714941],[101.33020501784733,13.493445150173613],[101.32988649956235,13.493627128888932],[101.32959255255429,13.493843327707452],[101.32938248981014,13.494021474411568],[101.32917623299682,13.494205233784555],[101.32890477893244,13.494450024748915],[101.32863974243025,13.494702098423147],[101.32837412226797,13.494953610920447],[101.3280994612212,13.495195042017599],[101.32781517293193,13.495425832336366],[101.3275983778629,13.495594440830814],[101.32737984080705,13.495761935964595],[101.32708884537396,13.495985446271391],[101.32680110278875,13.496217397614885],[101.32649660313581,13.496417315107067],[101.32615265472128,13.496536275628671],[101.32587789744707,13.496589650392082],[101.32560397924033,13.496640193190387],[101.32523748931874,13.496696111236588],[101.324880521419,13.496781872385554],[101.32453520783366,13.496909316211998],[101.32419643501754,13.497056462385899],[101.32394743972264,13.497177929318013],[101.32370603920242,13.497308926365918],[101.32346934033785,13.497448913936296],[101.32323795107067,13.497600712303097],[101.32294111184291,13.49781749658024],[101.32266204681605,13.498052187258679],[101.32246944440936,13.498246546041344],[101.32228966723443,13.498454338896693],[101.32211396308901,13.498665482625995],[101.32194028871339,13.498877737018006],[101.32177068556877,13.499093341384651],[101.32161211890423,13.499316186193084],[101.32142612741393,13.49962746313696],[101.32128652115608,13.499931372834624],[101.32020863242252,13.501319302843626],[101.31945533959231,13.50160073578536],[101.31874867031496,13.501929171793904],[101.31766214808971,13.50278406463292],[101.316835064087,13.50343325014444],[101.31578300028531,13.504391729594715],[101.3150957095994,13.505294880054748],[101.31455911830875,13.50632539879814],[101.31402247935398,13.507471121595017],[101.31368825800678,13.508182388206706],[101.31345867098094,13.509031614417495],[101.3131077977867,13.509871793448553],[101.31248520522809,13.510484068085304],[101.31175154639681,13.511249846203498],[101.31137103964181,13.511890381136254],[101.31111946958794,13.512555704082502],[101.31069974699579,13.513678886271634],[101.31044768501272,13.514413110776502],[101.31008782309465,13.51540020395629],[101.30983189402673,13.515793362373813],[101.30956587276688,13.516097386285423],[101.30910427863961,13.516529714674618],[101.30865698193423,13.516768769762962],[101.30800939901462,13.51700628161467],[101.30723321933766,13.517195280437875],[101.30678042058003,13.517342895158549],[101.30644493928258,13.517506371222112],[101.30611308944759,13.5178076099333],[101.30586863393034,13.517954435049205],[101.30553673283401,13.51801057702653],[101.30490360201969,13.517891032844943],[101.30423624031027,13.517632877055689],[101.30373205159299,13.517538121786913],[101.30314416567074,13.517682455780744],[101.30271983495248,13.517909995949594],[101.30229825166305,13.518303542874264],[101.30191473307855,13.518754344237664],[101.3015620369585,13.51922970968343],[101.30127301373864,13.519784682217335],[101.30084035799621,13.521069490564571],[101.300539116587,13.521795127443227],[101.3006736461719,13.522320908882875],[101.30005352315163,13.523295404359487],[101.2996991668831,13.523826947755481],[101.29907905015807,13.524269897138083],[101.29832605320485,13.524624253406614],[101.29766164217114,13.525155791406689],[101.29646571022442,13.525465844373286],[101.29531407438509,13.525643011715658],[101.29446073017863,13.526288663790865],[101.29432712689544,13.526862538275566],[101.29426910623431,13.527111716132822],[101.29436661342851,13.527851604567957],[101.29457346109643,13.528416710662725],[101.29482728575067,13.529005103802547],[101.29502012377975,13.529914829206064],[101.29499031485119,13.530719296158622],[101.29476114511084,13.531499612717028],[101.29434781130249,13.53227597225839],[101.29416982827502,13.532645816651154],[101.29415385271818,13.53299666826166],[101.29419628902758,13.533269050426384],[101.29419801482658,13.533539545813426],[101.29414459060041,13.533897518255912],[101.29409407927841,13.534167928207353],[101.29400066939542,13.534418965862642],[101.29383009858026,13.534628920688192],[101.29362175444049,13.534812112588952],[101.29340462212565,13.534981834444181],[101.29317255027303,13.535128534554303],[101.29284750201066,13.535300374312897],[101.29252451589377,13.535476710681678],[101.29221414276856,13.535674391559951],[101.29191720641398,13.535888891559125],[101.29170646917828,13.536063634329309],[101.29150536278235,13.536249583551466],[101.29124228320484,13.536503869557976],[101.29097832678843,13.536757035009202],[101.29071261669395,13.537007955752586],[101.29044720517442,13.537260004245866],[101.2901832415634,13.537512603124185],[101.28992074204865,13.537767446710347],[101.2897222733643,13.537957888945471],[101.28952379838466,13.538147766406325],[101.28926654011877,13.538407645296616],[101.28902730876337,13.538681477168495],[101.28880206276506,13.538969299793393],[101.28858816441232,13.539266619259138],[101.28839284155646,13.539575063338532],[101.28822387603111,13.539893431436781],[101.28809287628525,13.540228393825373],[101.28799318913445,13.54057831823485],[101.28792819872746,13.540844343092033],[101.28786608255371,13.54110921232035],[101.28781842657918,13.541377337094502],[101.28778001923257,13.541646506880852],[101.28770025925962,13.54199794394998],[101.28757825273425,13.542337906569173],[101.28743252838854,13.542672439981175],[101.28726649015647,13.542995298394374],[101.2870836310048,13.543309840776601],[101.28693691200897,13.543540468317985],[101.2867806161326,13.543765538049172],[101.28656086858928,13.544055569409068],[101.28638274436821,13.544261634666782],[101.28618979482326,13.544456542935166],[101.28592671164847,13.544711954892875],[101.28573026464005,13.544903505992067],[101.28553002878783,13.545091137845759],[101.28526488706495,13.545342615269533],[101.28507484143086,13.545539754755907],[101.28489208120465,13.545744169757654],[101.28466245820596,13.546028076734387],[101.28446129515271,13.54633035955851],[101.2843261693173,13.546566529621714],[101.28419887927492,13.546807145033767],[101.28407449584137,13.547049992563132],[101.28394952964715,13.547292281613579],[101.28377420591494,13.547610707268348],[101.28358350467505,13.547920800704446],[101.28338466816797,13.548225321041798],[101.28323765419447,13.548455951281198],[101.28310193930309,13.548690996292521],[101.28297900737533,13.548934959880569],[101.28286652467045,13.549185040657164],[101.28271324422093,13.54951512422366],[101.28253585924256,13.549829614445173],[101.28230505993065,13.550111836092412],[101.28209496031423,13.550295038785066],[101.28186196395853,13.55043778817344],[101.28152212634512,13.550575302608195],[101.28125449439943,13.5506573756374],[101.28098975557282,13.550740551235492],[101.28072558421837,13.55082259188913],[101.28046050994465,13.550900688116315],[101.28019484571564,13.550977659291618],[101.27993008620456,13.551058574893375],[101.27966591395085,13.551140616446332],[101.2794020366747,13.551223215579],[101.27913934470507,13.551309196162549],[101.27887902514698,13.551401929755286],[101.27853391570773,13.551531582316727],[101.27819235319458,13.551670236192479],[101.27785726400157,13.551821819621352],[101.27761051521315,13.551945490791809],[101.27736818569326,13.552078721755663],[101.27705658589281,13.552272447415589],[101.27675903260331,13.552486375445937],[101.2764693888513,13.55271265476523],[101.27619024558345,13.552950698116263],[101.27592449322083,13.553200479418649],[101.27568029311112,13.553470960416519],[101.27545647883352,13.553760455780434],[101.27524658965842,13.554057731179398],[101.2750465804354,13.554361693037777],[101.27485469658706,13.554670664119897],[101.27466891104149,13.554983532863787],[101.27453261698673,13.555219709222229],[101.27440358315891,13.555460338124135],[101.27424650667103,13.555787626597748],[101.27410883755289,13.556122083567345],[101.27398334435594,13.556462074964827],[101.27386220117972,13.556804286788463],[101.27374365524554,13.557146475229672],[101.27362887567216,13.557490322020783],[101.27352106134794,13.557838060178369],[101.27339496740387,13.55817579787481],[101.27317923173621,13.558465784268606],[101.27292341598292,13.558729591397594],[101.27265478219249,13.558981091304361],[101.27240968096208,13.559248753826978],[101.27222071091711,13.559561086574945],[101.2720975271792,13.559901621162908],[101.27207436244191,13.560258188864395],[101.27208766161635,13.560533665596267],[101.27208794580213,13.5608064371674],[101.27208938921399,13.561170687777064],[101.2720561178956,13.561526782435124],[101.27194218998017,13.56186949158382],[101.27176279501703,13.562187384840001],[101.27159337443476,13.56240070762658],[101.27141670441745,13.562610707418287],[101.27122019355716,13.562919718969908],[101.27106889971003,13.563248651404194],[101.27101626059203,13.563510608627723],[101.27100501007322,13.563784614068709],[101.27092700377824,13.564141117019005],[101.27078265719393,13.56447224289974],[101.2705398357449,13.564737625640987],[101.27031542341814,13.564905138761219],[101.27008156641119,13.56505071202082],[101.2698371558601,13.565179439179815],[101.26958892498897,13.565300858447927],[101.26925530708684,13.565458068934788],[101.26900268662473,13.565573316155678],[101.26875942001129,13.565700902075037],[101.26844554042941,13.565900287168574],[101.26815217977935,13.566132806883559],[101.26795226228711,13.566418127594545],[101.26786898056906,13.56676677226875],[101.26782081377957,13.567135427757819],[101.26776282369542,13.567503042731289],[101.26768479042079,13.56785728478593],[101.26753818204151,13.568072658026779],[101.26727124437247,13.568169961074886],[101.26701150757509,13.568113587072446],[101.26677587800441,13.567951385348181],[101.26656837203279,13.567771984089859],[101.26636999507929,13.567581206407624],[101.26609493563285,13.567339732142955],[101.26587626008137,13.567169468895941],[101.26564958955697,13.56700831218393],[101.26532844075501,13.566837285412419],[101.26497678425125,13.566736562242625],[101.26460683373847,13.56668513900803],[101.26423799029106,13.566659118023949],[101.26386798222165,13.566662475193141],[101.26349771244952,13.56666865713288],[101.26312919995269,13.566647149846119],[101.26276022340562,13.566607010405278],[101.26248419628871,13.566567719924365],[101.26221265499009,13.566514271416565],[101.26186042741688,13.566414113920246],[101.26152817378625,13.566258994357156],[101.26128558436227,13.566123392780412],[101.26103762958297,13.566000263901117],[101.26069091935051,13.56587294687904],[101.26033261056159,13.565770583345795],[101.25997150308245,13.56570777559341],[101.25960779566327,13.565736483751778],[101.259242560296,13.5658171619325],[101.25887909929105,13.565871843410889],[101.25851914474282,13.565809025765986],[101.25815947977622,13.56571570671457],[101.25779241698649,13.565633749697838],[101.25742784531889,13.565601467633655],[101.25708716683931,13.56571523996638],[101.25683962844613,13.565849631955018],[101.25658109224366,13.565950801188592],[101.25630495271145,13.566021632692241],[101.25602333540866,13.566062582422262],[101.25567512780498,13.566021113783449],[101.25537359501544,13.565817703324399],[101.25509094798889,13.56556611708271],[101.2548879781977,13.565377063400831],[101.25468927479028,13.565181194656475],[101.25440685799015,13.564953890109962],[101.2540789184074,13.564796461087838],[101.2537143107669,13.564699227287576],[101.25334655459989,13.564665838157964],[101.25306882866357,13.564690936437614],[101.25279364421135,13.56477135561363],[101.25248394557769,13.564956567391732],[101.25223764914824,13.565223094969895],[101.25207905460474,13.565454382613723],[101.25194306362152,13.565695064575607],[101.25179639498771,13.566027900966901],[101.25171922056563,13.566292339419988],[101.25168016840513,13.566558690731028],[101.25169943907792,13.566918832338274],[101.25178677044318,13.567272711066835],[101.25193883141202,13.567603415165536],[101.25207879470065,13.567937051953436],[101.25214916844942,13.568298425631895],[101.25213781540793,13.56865545468554],[101.25202499185997,13.568904401417058],[101.25181889692459,13.569088112226666],[101.25156772706902,13.569205588866907],[101.25129225033714,13.569255513830967],[101.25092638814237,13.569240176792789],[101.25064974409048,13.569196926596931],[101.25037428084846,13.569156490379783],[101.25000854995466,13.569093711405685],[101.24964324444022,13.569045612964715],[101.24927299894978,13.569055161966219],[101.24891857972875,13.569151541410577],[101.24867851380242,13.569283599658434],[101.24845257712479,13.56944489666472],[101.24816578602224,13.569672819944742],[101.24788105616585,13.569905241633649],[101.24758328973707,13.570132696366898],[101.24686340042564,13.570626589645428],[101.24643213773305,13.570621977921974],[101.24615655488117,13.570599609984072],[101.24588334623951,13.57055349994414],[101.24551664317858,13.570510490766594],[101.24524594814204,13.570455320956341],[101.24497441943396,13.570403547885462],[101.24470011811604,13.570364223230342],[101.24442691576962,13.570318677065359],[101.24406281804465,13.570245709671838],[101.24370802920225,13.570149502897266],[101.24346498202334,13.570026311065476],[101.24325430324353,13.569845788352495],[101.2430602376399,13.569651560870909],[101.24286732226915,13.569456759621801],[101.24266120305214,13.569269982124013],[101.24243119064698,13.569120693765058],[101.24207021177091,13.569041482378566],[101.24171001170771,13.569075780722756],[101.24143454306977,13.569311501124901],[101.24120947693586,13.569473914189814],[101.24100505743752,13.569652520447505],[101.24082294562248,13.569963079732418],[101.2406901760109,13.570302563012945],[101.24042891216465,13.570544933002282],[101.24009247398857,13.570681801723822],[101.23972381040556,13.570676073941684],[101.23935900581353,13.570620049775528],[101.23900139489854,13.570530638278399],[101.23872581024801,13.570508261347243],[101.23845040995849,13.570536146625898],[101.23808520966475,13.57059194506229],[101.23781262335393,13.570642960004648],[101.23754185277437,13.570702994247824],[101.23727168024391,13.570765281292722],[101.23700269931516,13.57083151096549],[101.23664654979848,13.570929019059008],[101.23629572606694,13.571040597945284],[101.23603330119596,13.571128793559012],[101.23577032324187,13.571219818439943],[101.23550912144884,13.57131534442766],[101.23525114102739,13.571415924605276],[101.23491421002285,13.571562391791019],[101.23458988931202,13.571730207083419],[101.23436332041098,13.571886981399132],[101.23415810501257,13.572074061968408],[101.23391471159471,13.572345632944632],[101.23370446179155,13.572642321086278],[101.23350615318645,13.57295076156845],[101.23329329355073,13.573246344443305],[101.23304667516396,13.573512861229631],[101.23284520004603,13.573698777176901],[101.23263208410344,13.573874632408433],[101.23241254340422,13.574042636558488],[101.2321891823849,13.574203333716923],[101.23188105396753,13.574405451850168],[101.23155360091801,13.574578375291821],[101.23120805440823,13.574699502280282],[101.23085092283191,13.574785716687529],[101.2304866794168,13.574852227848112],[101.23011915617417,13.574907472302073],[101.22975184786952,13.574954806319283],[101.22938439027746,13.574986329355681],[101.22901475902398,13.575001493724017],[101.22873774355207,13.575011874598374],[101.22846075865715,13.575025645017547],[101.22818317661239,13.575037161735679],[101.22790622858963,13.57505488377592],[101.22754094465893,13.575102761882988],[101.22717731907807,13.575173781344972],[101.22681763432644,13.575265095807595],[101.22647004185899,13.575383975390196],[101.22621590424063,13.575495244010369],[101.22597034795325,13.575629025359262],[101.22566891768645,13.5758384199072],[101.22543941159961,13.576114942550589],[101.22525010790622,13.576430640561682],[101.22497488568251,13.576664649554004],[101.2246362774423,13.576818463301493],[101.22427796775406,13.576902985184688],[101.22390596678702,13.576943012210279],[101.22353751094744,13.576929919879944],[101.22317751503033,13.576864228001796],[101.22281953809124,13.576767454654373],[101.22255122805677,13.576690213682468],[101.22228186041957,13.576623149438831],[101.22192054519707,13.576539958552303],[101.22155634584874,13.57648785543023],[101.22118869939902,13.576499600576142],[101.22091187458341,13.576530869104374],[101.22063652015936,13.576564948013981],[101.22027098261981,13.576617337120467],[101.21990545677147,13.576670855775433],[101.21953901091666,13.576718733882501],[101.21917226109105,13.576764918566198],[101.21880549058096,13.576808845052199],[101.21843868229939,13.576848818118492],[101.21816294206616,13.576872731991045],[101.21788501468177,13.576878591973468],[101.21751594910182,13.576893169983862],[101.21715067236568,13.576942728024505],[101.21687721641047,13.576994859025547],[101.2166082345824,13.577062762336652],[101.21625829128715,13.577178261367692],[101.21591057920995,13.577316330684141],[101.21557257441486,13.577474080764262],[101.21526340008592,13.577659246676944],[101.21510372725527,13.577872452551674],[101.21508085839497,13.578145439060791],[101.21518542256928,13.578494665596395],[101.21530665297973,13.578835839602391],[101.21537319022059,13.5791933120218],[101.21537999359191,13.579553009363963],[101.21524452241681,13.57988573244063],[101.21499702089585,13.580153370681558],[101.21467299156535,13.580324550337764],[101.21434840195724,13.580497427913997],[101.21400761016315,13.580635434277895],[101.21374752892535,13.580729800140205],[101.21348625698522,13.580820225173284],[101.21313837943273,13.580941348564409],[101.21278963043716,13.581061916174519],[101.21252805272752,13.581150647784227],[101.21226470785007,13.581235440363344],[101.21191149641851,13.581341927288179],[101.21155500515943,13.581437146607072],[101.21119701922714,13.581526731673364],[101.21092830359839,13.581592932567844],[101.21065988564527,13.581660262111484],[101.21039207833184,13.581730974005268],[101.21012545002958,13.58180449807918],[101.20985882172732,13.581878023052354],[101.2095922042169,13.581952676674746],[101.20923690725755,13.582052401597082],[101.20888249792898,13.582154376623237],[101.20852868485099,13.582258605350432],[101.20817576030316,13.582365084181333],[101.20782431424078,13.582475502942145],[101.20747347522075,13.582589304952535],[101.20721101077959,13.582676344038077],[101.20694885210787,13.582765074748465],[101.20659948797606,13.582882251015121],[101.2062501283408,13.582999992056045],[101.20598795168269,13.583087028443629],[101.20572489908488,13.583172941578027],[101.20537346111638,13.58328448629004],[101.20502142779674,13.58339434207528],[101.20466939627568,13.58350419786052],[101.20431854826245,13.583617430599986],[101.20396920301636,13.583736862366379],[101.20362280484864,13.583863045343321],[101.20336388913222,13.583959651416819],[101.20310468113621,13.584055695414065],[101.20284369877771,13.584147234707189],[101.20258061740162,13.584230321272344],[101.20231575087126,13.584307776282913],[101.20204882399412,13.584380731085901],[101.20178129457116,13.584451431288585],[101.20151288740988,13.584520445262399],[101.20115608678401,13.584614524240976],[101.20080020436598,13.584714242868074],[101.20044698034394,13.584820715403737],[101.20009435527032,13.584929440741121],[101.19973993514992,13.585031404076062],[101.19938251938783,13.585121533232211],[101.19911318502551,13.585184340085277],[101.19884268244391,13.585245463407432],[101.19857157911514,13.585304332129283],[101.19829957916232,13.585359819400196],[101.19793617031809,13.585426279299384],[101.19757150691959,13.585482016581864],[101.1972970050528,13.585516629688755],[101.19702181610398,13.585539387932442],[101.19674541127176,13.585555378777769],[101.19646835443109,13.585563467280224],[101.19619068964869,13.585568173432534],[101.19591302036963,13.5855723139112],[101.1955430069043,13.585580091248289],[101.19526593477514,13.585586485427996],[101.19490180377528,13.585591598073847],[101.19442887279428,13.585597809691194],[101.1941517799807,13.585601943874678],[101.19387499203731,13.585607767884255],[101.19359821308711,13.585614722341631],[101.19332116164236,13.585623372920395],[101.19295117335804,13.585633971430696],[101.19258178312288,13.585646820944078],[101.19221270944905,13.585662493429368],[101.19193601683378,13.585679044552307],[101.19166022443989,13.585698978924768],[101.1912924691722,13.585732709796787],[101.19101647982671,13.585762810105678],[101.19074170186809,13.585799112139341],[101.19037676237775,13.585856537449274],[101.19001543096743,13.585929744961788],[101.1896598273392,13.586029445602492],[101.18930957467717,13.586146043605083],[101.18896881256069,13.58629023011008],[101.18862443606895,13.586418069638228],[101.18826302102167,13.586482239863528],[101.18789289064443,13.586509209632368],[101.18752257500688,13.586515848427723],[101.18715408319446,13.586501009613926],[101.18687761540968,13.586479149792979],[101.1866005918439,13.586459553565589],[101.18623123758158,13.586445285821355],[101.18586108112407,13.586437801663237],[101.18549189323636,13.586441603996889],[101.1851274924399,13.586495064195901],[101.18480046297105,13.586657764144547],[101.18458931474515,13.586833565416782],[101.18439187758315,13.5870250616573],[101.18411574884277,13.587260736194082],[101.18386802608859,13.587383204071671],[101.18361526263431,13.587491031885691],[101.18334038215295,13.587516596913474],[101.18306744240863,13.587470416726376],[101.18280398781383,13.587388007350683],[101.1825393676977,13.587304478319084],[101.18218033135724,13.587218951893192],[101.18181934618593,13.587141349393789],[101.18145612440065,13.587071671720309],[101.18109157701474,13.587014996444964],[101.18072541444639,13.586970757894221],[101.1804500474318,13.586943234143007],[101.18017384584635,13.58691910533247],[101.1798055123146,13.586890134572116],[101.17943687930858,13.586860036061864],[101.17906851789786,13.586828241430226],[101.17870125096204,13.586789657816496],[101.17833423673568,13.5867471180851],[101.17796721081817,13.586703449704487],[101.17760073708439,13.586656951157408],[101.17732586559629,13.586620382924366],[101.17705184666545,13.586582112274698],[101.17677780525156,13.58654158342739],[101.17650403813093,13.58649935486136],[101.17613975064904,13.586439280148682],[101.17577573116512,13.586376943641085],[101.17541198417581,13.586312910112781],[101.17513960470905,13.586264456439551],[101.17486663528706,13.586214880412456],[101.17459424502846,13.586165295392107],[101.17432213355966,13.586114579024638],[101.17395922204054,13.586047147857641],[101.17359602903355,13.585980282364176],[101.17323283422797,13.585913415971447],[101.17286964032172,13.585846549578662],[101.17250672610459,13.585778550939438],[101.17223460834055,13.585727267099742],[101.17196248697923,13.585675419385154],[101.17169036471864,13.585623571670567],[101.17139019080474,13.585566325325715],[101.17138826355756,13.585565958402299],[101.17105561692324,13.58550371902146],[101.17069270720276,13.585436281559168],[101.17032951959169,13.585369976343372],[101.16996633198067,13.585303669328937],[101.16969392733296,13.585252387287881],[101.1694206827184,13.585203935413347],[101.16905611284938,13.585144415582363],[101.16868993499259,13.58509846742038],[101.16832187035811,13.585067215979279],[101.16804542325775,13.585047594570881],[101.16776901302961,13.58503192478355],[101.16749204432244,13.585018518589834],[101.16721509719906,13.585007372392397],[101.16693817076003,13.584998484392599],[101.16666038726714,13.584990733135896],[101.16629079558379,13.584982084355772],[101.16592122458491,13.584975695571927],[101.16555197914056,13.584973254811928],[101.16518277236713,13.584975333145167],[101.16481330928684,13.584980801023221],[101.16444357820865,13.584988529796874],[101.16407383993584,13.584995693796259],[101.16370437595623,13.585001159875674],[101.16333517008212,13.585003236410273],[101.16296593812763,13.585002484577046],[101.16259638691378,13.584998348594979],[101.16231921675853,13.584994540865409],[101.16204232539309,13.584989600889401],[101.16176543312832,13.584984660913392],[101.16148824858385,13.584979157062492],[101.16111865959851,13.584971065862021],[101.16084145436969,13.584963302914161],[101.16056452703134,13.584954407719806],[101.16028759969305,13.584945513424771],[101.16002231227992,13.584915051588382],[101.15974743359726,13.584877334921146],[101.15938017655395,13.58483985207755],[101.1590111262625,13.584827234589227],[101.1586406937131,13.584821406083051],[101.15827032141829,13.584822353968491]]],[[[100.97407130944345,12.518848517844845],[100.97397694268182,12.519103409994443],[100.97386816788168,12.519353888271382],[100.97374813986482,12.519598800644189],[100.9736165618549,12.519837017564384],[100.97346622578573,12.52006577181794],[100.97324301585257,12.520351547585904],[100.97305913057448,12.520553996669662],[100.97287322092245,12.520754765819845],[100.97269483679736,12.520962258301608],[100.97252310675606,12.521175350861824],[100.97235368257645,12.521389556782651],[100.97218165665817,12.52160152159297],[100.97194399012312,12.521876669172968],[100.97169765142553,12.522145668088172],[100.9714429148587,12.522406820418496],[100.9712462888852,12.522597498275957],[100.97103951586104,12.522776952594313],[100.97082116586415,12.522946326411898],[100.97058834127898,12.52310224637165],[100.97025809943182,12.523225553316706],[100.96989811970252,12.523142893030126],[100.96956009512235,12.52299849788244],[100.96923255483858,12.522833689922891],[100.96899320836991,12.522698738556016],[100.96875840797424,12.522556411848996],[100.96843483459998,12.522384230347996],[100.968099373987,12.522236425870403],[100.96783571884339,12.522155881688661],[100.96756730988352,12.522092883279981],[100.96720654684469,12.522020393426487],[100.96684799793684,12.521936587403616],[100.96652389216393,12.521769490669499],[100.96627892583183,12.521499570848562],[100.96607160961713,12.520886485922631],[100.96612346902293,12.520521753276341],[100.96636370671973,12.520243765637304],[100.9665918431391,12.519961911812857],[100.96676392211737,12.519642621909497],[100.96688915361159,12.519400497435072],[100.96701640588248,12.519159489019273],[100.96719627209035,12.518843530204776],[100.9673810548918,12.518531488837198],[100.96748481327359,12.518187277820687],[100.96756909144045,12.517927942120878],[100.96770183317312,12.517690847554604],[100.96795367841958,12.51742746130833],[100.96819384956655,12.517292955105859],[100.96846688373978,12.517284177722672],[100.96880085417615,12.517425781374754],[100.96902208290288,12.51771225591591],[100.96920384668022,12.518026131900513],[100.96932773908395,12.518365854400713],[100.96953839717935,12.518660876997899],[100.96985933913726,12.518827994416483],[100.97012673725919,12.518796096362792],[100.97037382958865,12.518664360971513],[100.97061934001061,12.518399890142859],[100.97085119242865,12.518116312318],[100.97109174129088,12.517842273602071],[100.97126029672535,12.517627511000853],[100.97142393916351,12.51740939482778],[100.97164771117298,12.51712192024047],[100.97186541455727,12.516830537199553],[100.97200912442162,12.516599575110376],[100.97212829088795,12.516354669032808],[100.9722611171569,12.516015892619407],[100.97234814814857,12.515665588696038],[100.97235231111034,12.515305160205003],[100.97234103990712,12.515032401224403],[100.97236892788379,12.514767829671655],[100.9725887239905,12.514487163851584],[100.97281948193358,12.514211500960073],[100.97316234756437,12.514124253231728],[100.97347380617128,12.513951938631124],[100.97357299419838,12.513612842958366],[100.97379259964879,12.513223982400916],[100.97413071326184,12.513124643287711],[100.97439104001455,12.513298294280901],[100.97453635606803,12.51358148539731],[100.97452377365329,12.513854982721341],[100.97447350964484,12.514125368391092],[100.97438907769384,12.514476782977226],[100.97432295593973,12.514741070344144],[100.97425480891235,12.515003677777543],[100.97416375525319,12.515354011378577],[100.97408047803168,12.515705982645045],[100.97405520888083,12.515974489631049],[100.97406331536979,12.516246705421167],[100.97410341613983,12.516605679708391],[100.9741598971616,12.516963968712219],[100.97419769656648,12.517322959187254],[100.97420723657478,12.517594600310588],[100.97420210864044,12.517865218904774],[100.9741833011185,12.518227449637152],[100.97413860211486,12.5185870453559],[100.97407130944345,12.518848517844845]]],[[[100.95760397544319,12.507968723877582],[100.95783366768967,12.508122399129491],[100.95802799859331,12.508313612982874],[100.95813519328459,12.508652898412606],[100.95814455432776,12.509017751568024],[100.95809636595459,12.509375114270142],[100.95804347502639,12.509642693155797],[100.95798943566399,12.509910280135387],[100.95792110787289,12.510265530330003],[100.95785163074822,12.510620787719233],[100.95779624959732,12.510977637807798],[100.95776120301718,12.511247911062298],[100.95773248496624,12.511518704124967],[100.95771249123857,12.511879251326434],[100.95773589609479,12.51223835241808],[100.95779138516434,12.512506272146766],[100.9578746848689,12.512764386567255],[100.95801232341006,12.513099496444681],[100.95817461416715,12.513425388271116],[100.95836351856161,12.513735268567814],[100.95857503281155,12.514031427908094],[100.95872852280314,12.514257396961341],[100.95887714656311,12.514486226757981],[100.95908093024082,12.514786395275962],[100.95924585601148,12.515003807279925],[100.95940849390695,12.515222931593087],[100.95960198124652,12.515529952045711],[100.95971740203652,12.515777664008056],[100.95981879879861,12.516033387131188],[100.9599045095855,12.516381865430787],[100.95992331440948,12.51674043502311],[100.95991071220965,12.517013367572929],[100.95988257602011,12.51728472181253],[100.95982806091632,12.5176415656058],[100.95975398286009,12.517996292395026],[100.95966896185314,12.518348839227599],[100.95957472279525,12.518698628738775],[100.95947097520542,12.519045663626514],[100.95936261499276,12.519391036567129],[100.95924561319453,12.519734214262655],[100.95912371188984,12.520075730910321],[100.95902312991359,12.520423307189901],[100.95896274043815,12.520687552288734],[100.95891070476529,12.520953995330672],[100.9588464113329,12.521310345396159],[100.95878786996428,12.521667218867094],[100.95873853765346,12.522025154437358],[100.95869092844367,12.522383078316466],[100.95865443665298,12.522652231915004],[100.9586127629687,12.522920294635924],[100.95855423059334,12.523278297655338],[100.9584967243444,12.523543650718977],[100.95841616937076,12.523802392866173],[100.95829080297824,12.524142241271477],[100.95818806083042,12.524394366207105],[100.95808041467944,12.524644268018619],[100.95796468542193,12.524889709192792],[100.95783511469887,12.525129602449226],[100.95763443727952,12.525432716246883],[100.95743462410866,12.525736387624249],[100.95724607494645,12.526046757152187],[100.95706214470226,12.526359916377089],[100.95693306141169,12.526702615633269],[100.95702757026623,12.52695951776758],[100.95695047588379,12.527219930855154],[100.9568599672138,12.527569691588042],[100.95678472543477,12.527923298721305],[100.95670446274084,12.528183167719078],[100.95659421485118,12.528431393194296],[100.956422982135,12.528751238878613],[100.9562023595513,12.529040375413047],[100.95599758931735,12.529220936796833],[100.95577194042278,12.529377358578301],[100.9554293310988,12.529502433590494],[100.95506486555115,12.529550276624036],[100.95470221033878,12.529609404350595],[100.95433866299896,12.529664582254725],[100.95397138796926,12.529683071416684],[100.95369542830144,12.529687336001814],[100.95341950820381,12.529696686253089],[100.95305150112591,12.529694276070018],[100.95268738541455,12.529635912767219],[100.95242877187036,12.529538371398758],[100.95220786510095,12.529370508442241],[100.95210791085145,12.529039075892683],[100.95213560817183,12.52867000042022],[100.95221675400006,12.528412383324905],[100.95232554498796,12.528160780895348],[100.95246475644342,12.52782591743221],[100.95256001443317,12.52757158825824],[100.95263855492544,12.527311730951681],[100.95276940808179,12.52697410477117],[100.9528796559714,12.526725315421004],[100.9529950992445,12.526479313069899],[100.95315623077551,12.526153893387516],[100.95328061870566,12.525912343579819],[100.95340529082159,12.52567022989723],[100.95356440517321,12.525344258930431],[100.95370966816671,12.525011612296112],[100.95382149976246,12.524667907597916],[100.95392756490526,12.524321987869484],[100.9540710994018,12.52398878725279],[100.95418753732503,12.523646182425409],[100.95423688132706,12.523288809830774],[100.9542499691608,12.522927183442789],[100.95423239640803,12.522655032403861],[100.95414854631844,12.522400310226203],[100.95392731039709,12.522111563098235],[100.95371065022641,12.521819392251189],[100.95345883825485,12.521555157044929],[100.95330021942965,12.521335435581932],[100.95317764273409,12.52109172740137],[100.95304659622349,12.520753742391321],[100.95295512617821,12.520403042766247],[100.95291217365792,12.520043517194608],[100.9529117590705,12.519682553607026],[100.95294210669294,12.519321930862475],[100.95296335587426,12.51905119265848],[100.95297511540929,12.518779958028688],[100.95295084000929,12.518419167110949],[100.95288607083558,12.518063754139007],[100.95276248330202,12.517723456072702],[100.95263190443887,12.517485453191171],[100.95249157962274,12.517251476574415],[100.95231412539664,12.516934729054526],[100.95214468502923,12.516613403985446],[100.95198957715729,12.516286325953217],[100.95189194495737,12.516033397023705],[100.95179573098824,12.515777633431071],[100.95168505232334,12.51543328571762],[100.95163808792745,12.515074917573429],[100.95165608156299,12.514714950434666],[100.95179588657095,12.514382908144739],[100.95204427482349,12.51411673579878],[100.95228243508637,12.513981127027421],[100.95255223709614,12.513924940083939],[100.95282801959746,12.513899213178206],[100.95309759407877,12.513850935772098],[100.95343897942541,12.513718531285235],[100.95379559658954,12.513623864150077],[100.95411544856915,12.513457157721689],[100.95435080744386,12.51317865027454],[100.95453414503481,12.512863803022128],[100.95468257094393,12.51253169688033],[100.95480188759711,12.512190200017756],[100.95488230857177,12.511837121685858],[100.95498087606666,12.511488432045553],[100.95511893009461,12.511153576676293],[100.95531008189482,12.51084601573109],[100.95551999085495,12.510547921949069],[100.95572239677125,12.510245927807375],[100.9558869825982,12.509922742940262],[100.95599564588241,12.509579063423075],[100.95604871667501,12.509220535199574],[100.95606967537526,12.50894979879422],[100.95609725938107,12.508680709047553],[100.95620604857032,12.508430236166532],[100.95639434142578,12.508239627556804],[100.95663713409652,12.508109633253014],[100.95698278942427,12.507966552914127],[100.9573394020918,12.50791698228295],[100.95760397544319,12.507968723877582]]],[[[100.97118137581992,12.547475769591131],[100.97152583325067,12.547793381359497],[100.971855237829,12.54793387884547],[100.97206827463123,12.548197244407334],[100.97203349155245,12.548462432895008],[100.97199587830721,12.548733289809547],[100.97200696784734,12.549094735433755],[100.9720236907408,12.549365193948574],[100.97204013034781,12.549636218136982],[100.97204220238581,12.549908478893258],[100.97201291866133,12.550178144206029],[100.97194968193236,12.550444671784248],[100.97182960805003,12.55068506596308],[100.97158266680668,12.550953506399253],[100.97126278604878,12.55112023890797],[100.970952911148,12.551090881439052],[100.97065161038358,12.550978987790131],[100.9703767083185,12.550747142566649],[100.9702561119301,12.550503432587391],[100.97018656106098,12.550242399866931],[100.97028863501254,12.549903284409083],[100.97049074774986,12.549600149027697],[100.97065677878737,12.549278074823349],[100.97073528240742,12.549015390048282],[100.97076227825659,12.548746869572426],[100.97071456832271,12.54848454812344],[100.97063350073552,12.548221341741566],[100.97058908142105,12.54786239982991],[100.97063287210943,12.547534534890929],[100.970851855229,12.547332299845834],[100.97118137581992,12.547475769591131]]],[[[100.93570344485818,12.573093217977657],[100.93575068804387,12.573450456573369],[100.93575042364319,12.57372217413905],[100.93570785423412,12.573989112707409],[100.93562150312994,12.574246201001415],[100.93555158443814,12.574508818327331],[100.9355263944276,12.574869404199717],[100.93552795025477,12.575230927165592],[100.93547385333574,12.575494560725474],[100.9353335483047,12.575727182063872],[100.93509491679703,12.576000056157739],[100.93484934072455,12.57611368010231],[100.93457696485513,12.576142763277971],[100.93424676167876,12.576014091876914],[100.93408440077451,12.575797214070235],[100.9339638286678,12.575554613854422],[100.93388280874467,12.575294781728815],[100.93381356184648,12.575032603272064],[100.93372467465406,12.574681879365301],[100.933590189136,12.574347300987199],[100.9333869405549,12.574045983135647],[100.93320826415015,12.573838825201676],[100.93301206175732,12.573595075652293],[100.93279315777806,12.573430009587298],[100.93257026980217,12.57327062274112],[100.93234226738178,12.573119179606522],[100.93208483374815,12.573031217816492],[100.9318091285885,12.573037725310826],[100.93153334788576,12.57303406417077],[100.93126663324858,12.572973849163873],[100.93097209358729,12.572768653550554],[100.93085890671324,12.572436179586077],[100.93091002058105,12.572080491421616],[100.9310262120901,12.571737325417303],[100.93114457456255,12.571492436426865],[100.93127967701554,12.571255899440246],[100.93142459736731,12.571024940948291],[100.93159611337001,12.570812996822383],[100.93198481025087,12.570567891095322],[100.93233865300647,12.570520109215693],[100.93264220387465,12.570678300862937],[100.93282523209882,12.571105223427367],[100.93289246811298,12.571367981946878],[100.93295855929011,12.571631312435159],[100.93306035804915,12.571978554167003],[100.9332498263185,12.572283361388088],[100.93357536471137,12.572404160123938],[100.93390178443985,12.572258319765695],[100.93411819369976,12.572090113268189],[100.93432328858898,12.571908430429744],[100.93456567656477,12.571792005996315],[100.93483862800036,12.571801896740169],[100.93507507955132,12.571929551007997],[100.93526689235324,12.57212474975745],[100.93549730225874,12.572405533388689],[100.93563866129523,12.572736106186426],[100.93570344485818,12.573093217977657]]],[[[100.95022918932568,12.586048174183929],[100.94986013094035,12.586069505203568],[100.94949492974729,12.586106622922387],[100.94913964717705,12.586200722585318],[100.94880987477598,12.586360165189546],[100.94858737170989,12.586521085379843],[100.94838807744787,12.58670895015797],[100.94814860957075,12.586984667908155],[100.94791607816455,12.5872648516916],[100.94762235598699,12.587476565591089],[100.94727297117072,12.587590391883111],[100.94691679197643,12.587680541723671],[100.94657267538872,12.587806756176917],[100.9463134197286,12.587899025719537],[100.946074252225,12.588023911874075],[100.94584546739446,12.588305762101299],[100.94556344539677,12.588277309350417],[100.9454798597078,12.588022583575423],[100.94548416476243,12.587754228574852],[100.94559028836119,12.587412827040396],[100.94581154856417,12.587124817356482],[100.94603511822618,12.586837920133974],[100.9461881198859,12.586611979859015],[100.94628743112008,12.586358750555917],[100.9463417834466,12.586092291326224],[100.94636332580689,12.585822115198482],[100.94634135716797,12.585463567189947],[100.94630337520067,12.585193260660503],[100.94626023112482,12.58492468442671],[100.94621766081644,12.584656104595581],[100.94616819540596,12.584388139900796],[100.94607872455356,12.584039122007937],[100.94595654266038,12.583699378823326],[100.94581485087474,12.583365427272724],[100.94566971378634,12.583032065677344],[100.94555198173862,12.582786627201131],[100.94537016040465,12.582584023433981],[100.94506984529716,12.582378324200363],[100.94480757241161,12.582298319611823],[100.94453327828825,12.582264158863893],[100.94425737797565,12.582245827083284],[100.94398159457501,12.582242746005988],[100.94370589391195,12.582250961312866],[100.9434316744323,12.582226401727098],[100.94316459556967,12.582157728596371],[100.94290031359867,12.582078302271896],[100.94257103492538,12.581920825585655],[100.94230893291098,12.581672481399949],[100.94217529905086,12.581338467796115],[100.9421223964315,12.581071656032123],[100.9420942035847,12.580802405306827],[100.94209120344635,12.58044145880632],[100.94211925599893,12.580080288374631],[100.94215508498922,12.579720755608435],[100.94217979026519,12.579449991324111],[100.94221256605715,12.579181428580114],[100.94233848823069,12.578741021580925],[100.94247104380366,12.578412992065978],[100.94251345583137,12.578057848890637],[100.94263191992724,12.577704576305223],[100.94274133144734,12.577455794149614],[100.94280462393431,12.577192658814226],[100.94286560156633,12.576927280569578],[100.94295267392681,12.576575849795688],[100.94306712344905,12.576232692784572],[100.94320492656618,12.575897840113271],[100.94336811304805,12.575573537388891],[100.94350204638238,12.575335873551751],[100.94364523194196,12.575104923153731],[100.94380170228681,12.574881784267006],[100.94396626203343,12.574663669892516],[100.94417449555658,12.574365024826079],[100.94433616218419,12.57414467203904],[100.94451837472326,12.573941681563383],[100.94470232025594,12.573739808945049],[100.94488307769194,12.573534570164327],[100.94513904902794,12.573275120250628],[100.94534616559315,12.573095674026206],[100.94555559971121,12.572918471610251],[100.94582170191006,12.572667985239377],[100.94607332592329,12.572404046809368],[100.94630410185289,12.57212105444313],[100.94647307906939,12.571802919269373],[100.94651505402658,12.571534855649134],[100.94650036180229,12.571263812574955],[100.94645176693558,12.570996406359143],[100.94641753604054,12.57072720059989],[100.94639077131711,12.570456811332804],[100.9463691920846,12.570187512943392],[100.94635507092983,12.569915902397042],[100.94635188373252,12.56964534135949],[100.94635060489657,12.569284383167826],[100.94629931656027,12.56892661307279],[100.94636767223034,12.568419406230646],[100.9465001531596,12.56818062363692],[100.94663639325501,12.567944638834092],[100.94687385114736,12.567671199965957],[100.9471445731636,12.567424068965636],[100.94742894329119,12.56719491541304],[100.9477374242428,12.566998350593451],[100.94805346939216,12.566813592073686],[100.94836864399781,12.566627711199942],[100.94868671711833,12.56644519828734],[100.94899663788459,12.566249185651429],[100.94927753393108,12.566017231609976],[100.94952450934869,12.565748240788707],[100.94975210527548,12.565464139558458],[100.94988916555263,12.565223062794189],[100.94995680266436,12.564964978950684],[100.94994200521944,12.564604119684418],[100.94986456909464,12.564248801141332],[100.94976547729499,12.563995884802296],[100.94963284977626,12.563756768560097],[100.94942702643618,12.563457743080448],[100.94921632157605,12.563159882222863],[100.9490230851473,12.562852290700732],[100.94887882669656,12.562519486685005],[100.94880601398643,12.562166957838883],[100.94881881673507,12.561805333249595],[100.9489205750246,12.561458315448931],[100.94908260587761,12.56113514676963],[100.94923905643736,12.560910877435106],[100.94941777600962,12.560703956022792],[100.9496132904211,12.560512729578875],[100.94981169795153,12.560323743346146],[100.95006416732753,12.560059796822202],[100.95029464827945,12.559777369230233],[100.95049333370042,12.559473141172589],[100.95059207566385,12.559222174563729],[100.95063374665017,12.558952418419437],[100.95064895688392,12.558681724282224],[100.95066330556716,12.558411036440248],[100.95069663803946,12.558141339651172],[100.95074291715196,12.557872678881097],[100.95083718498813,12.5575240189184],[100.95100234817988,12.557197439110553],[100.95114737824895,12.55686987634374],[100.95116750057974,12.556602534879119],[100.95112003076486,12.556331732823253],[100.95101419944581,12.555985092737899],[100.95086105569322,12.555655744816818],[100.95071927757266,12.555422909439756],[100.95056862314351,12.555194658806499],[100.95041510077635,12.554967558406133],[100.95027505025342,12.554734710438595],[100.95018139485552,12.55447780021035],[100.95016269075563,12.554208482035847],[100.95025640910603,12.553863216114564],[100.95038436104949,12.553520524952319],[100.95047125714285,12.553262302613234],[100.95055095506257,12.55300243631342],[100.95060934444575,12.552738207402399],[100.95062915021515,12.552466913417391],[100.95065892766746,12.552106860843026],[100.95070838498401,12.551840436686859],[100.95077741964224,12.551577259083274],[100.95089559955233,12.551235204641046],[100.95100037596666,12.550984195764045],[100.95111639480581,12.550737057569222],[100.95124106422378,12.550493246865926],[100.95139781695576,12.550271798704614],[100.95165171535444,12.550007842288153],[100.95202043829266,12.54971683426453],[100.9523614774003,12.549611773664481],[100.95265403315716,12.549792880037444],[100.95281453426338,12.550137216959058],[100.95290099688356,12.550393613674373],[100.95295401461613,12.550751935053825],[100.95300978787145,12.551018157761803],[100.95308707201082,12.551277445797552],[100.95324593814956,12.551603361905677],[100.95346234201355,12.551895530954027],[100.95371133281179,12.552162606219326],[100.95390942018366,12.552351533096839],[100.9541271703327,12.552517154942791],[100.95444026210845,12.552705808426367],[100.9546819153382,12.552838490803765],[100.9549244139306,12.552968908688229],[100.95524973738554,12.553139960640692],[100.95548000609745,12.553287978257629],[100.95569007243893,12.553463822697324],[100.95595533467105,12.553714961076651],[100.95614714657364,12.55391014543693],[100.95635208408146,12.554092239265458],[100.95662047415561,12.554338268596268],[100.95685003600045,12.554620735758419],[100.95709359579286,12.55489123564206],[100.95726619727725,12.55520744356869],[100.95742366137296,12.555536757315565],[100.9575845743687,12.555866044082734],[100.95778635795409,12.556162833847736],[100.95805275423129,12.556411135765359],[100.95827653883129,12.556575578600132],[100.95850908732456,12.556720188685802],[100.95883524624969,12.556886708954494],[100.95916908088844,12.55704187528238],[100.95950091723358,12.557198750322129],[100.95975078217293,12.557313856349424],[100.95999951756374,12.55743179614052],[100.96024542278809,12.557555404358482],[100.96049613758674,12.55766880886847],[100.96075925403642,12.557749358446188],[100.96102631131527,12.557818582861387],[100.96137067161925,12.557958416647637],[100.96165637903874,12.558174374447844],[100.96181645656429,12.558392380004364],[100.96195313013288,12.558633153697144],[100.9621229212359,12.558956722574749],[100.96225715584313,12.559292979987106],[100.96233918480561,12.559645435088783],[100.96244273544397,12.559992084167391],[100.96262309268167,12.560305972742469],[100.9628278170502,12.560496534587458],[100.96300386113933,12.560696347758267],[100.96307405592302,12.561042674879616],[100.96304722464976,12.561409484959825],[100.96294951870539,12.561757607127902],[100.96278376106176,12.562079677734971],[100.96258423027808,12.562384484056736],[100.96236937414739,12.562678104610882],[100.96222160024672,12.562907401155712],[100.96207875193289,12.563141745595146],[100.96187487202781,12.563442064299863],[100.9616371740164,12.56371890530329],[100.9613662352636,12.563972828882982],[100.96106699664466,12.564172729288089],[100.96080156534003,12.564243022997175],[100.96052196611589,12.564226990783027],[100.96025629739029,12.564152109632175],[100.95998785695411,12.56409080464698],[100.95971176778392,12.564082654990557],[100.9594362532805,12.564112347906587],[100.95907921613298,12.564197996640303],[100.95873371638794,12.564326492673558],[100.95848389101883,12.564445249948392],[100.95825559721811,12.564597744390426],[100.95806151992326,12.564788399764893],[100.95791635855318,12.56502163084366],[100.95777194901632,12.56535427567934],[100.95768419317102,12.565612507011622],[100.95761227888363,12.56587401097687],[100.95753473394086,12.566227634297945],[100.95748730279684,12.566495173613419],[100.95744677844613,12.566763228240461],[100.9574143102223,12.567032353060711],[100.95739019490162,12.567303111949116],[100.9573666443552,12.567572736792442],[100.9573445417173,12.567843481291675],[100.95731765558537,12.568204077955897],[100.95728818210398,12.568564694405154],[100.95726060619211,12.568834347127449],[100.9572252646343,12.569103494430749],[100.95716758301762,12.569460360707126],[100.95709983079263,12.569816171179411],[100.95704519068306,12.570080939683692],[100.95698710886802,12.570346862018141],[100.95690466621744,12.570699390864263],[100.9568155937647,12.571049709176805],[100.95674453922913,12.571311206846758],[100.9566683036993,12.571572179312682],[100.95658861027619,12.571832045612439],[100.95650488159509,12.572090812041381],[100.95638382115646,12.572431760317556],[100.95627760672625,12.572682781784977],[100.95617110091564,12.572933242075521],[100.95608188816868,12.573189224203361],[100.95601227434702,12.573451276755065],[100.95595072744419,12.573715530847096],[100.95589321490002,12.573980883910735],[100.95581710527523,12.574334496439917],[100.95574474042746,12.574689212437249],[100.95567611855807,12.575044464430562],[100.95561181883045,12.57540081359673],[100.95555241141471,12.575757694262222],[100.95549328908407,12.576114572229756],[100.95542840929369,12.57647036291695],[100.9553743501462,12.576736255573792],[100.95531367828369,12.577002196794012],[100.95521105844364,12.577348659712925],[100.95506577386641,12.577680746968952],[100.95487863933778,12.577992237951491],[100.95470047644591,12.578197464141681],[100.95450294125777,12.578388708572106],[100.95429008342069,12.578682876813389],[100.95412056661092,12.579004971702147],[100.95395943238196,12.579332654978089],[100.9538138699142,12.579666436556863],[100.95370863034907,12.58000896494184],[100.95366014160231,12.580365199894118],[100.95364984526418,12.580638682828976],[100.95364960874252,12.580911527245235],[100.95365837623314,12.581272428779641],[100.95368497098468,12.581633199912289],[100.9537118589152,12.581994534020566],[100.95373069881276,12.582356491359064],[100.95374425159599,12.582627540728481],[100.95376383883018,12.582897980357529],[100.95379146690271,12.583167231982202],[100.95383145615682,12.583435828001086],[100.95389395993834,12.583791817438453],[100.95395991082131,12.584147218719238],[100.95402700744052,12.584502045333181],[100.95406682132682,12.584861589790592],[100.95407760419812,12.585222476036506],[100.95400148198286,12.585574959017208],[100.95385618031855,12.585905351051167],[100.95369595440485,12.586125698442288],[100.95350186901612,12.586317483365235],[100.95327470386457,12.586469967914752],[100.95302892724328,12.586594908028644],[100.95267675902528,12.586682212414246],[100.95240470061651,12.586640134934328],[100.9521469018581,12.586544289687254],[100.95182098125332,12.586376068800575],[100.95149081225122,12.586216352802467],[100.95114313524755,12.586099130670391],[100.95087216142116,12.586048006910062],[100.95059682408424,12.586028547379613],[100.95022918932568,12.586048174183929]]],[[[100.9648970149853,12.580684041035738],[100.96523368158921,12.580829004554971],[100.96548696485161,12.580936169568645],[100.96574450730321,12.58103652311712],[100.96604167478353,12.581242784426991],[100.96619452086048,12.581565907240872],[100.96625531593014,12.581921903872797],[100.96628554484209,12.582191133913739],[100.96632870870303,12.582459702952974],[100.96641675143201,12.582806461748874],[100.96658100990572,12.583117637069336],[100.96660904896851,12.5834766985908],[100.96661485858891,12.583748933266691],[100.96665772297558,12.584015808882498],[100.96677018589543,12.584359563942769],[100.9669096113895,12.584694646840546],[100.96701088674308,12.585041873283899],[100.96698111468675,12.585399101087717],[100.96685602708402,12.585738387416711],[100.96671228394479,12.585969353103224],[100.96656277435261,12.586198101061541],[100.96638921598958,12.586516279402815],[100.96627794107417,12.586857158431144],[100.96625567116234,12.587217720021783],[100.9662511205928,12.587488898893639],[100.96617920540609,12.587749274209671],[100.96603573476142,12.587978543774852],[100.96582629884466,12.588154631930763],[100.96551078159735,12.588334324569473],[100.96524412721476,12.588397856276117],[100.96501464361097,12.588546977361148],[100.96477945380883,12.588815330563079],[100.96468663028384,12.589162853782739],[100.96461514497304,12.589518128259044],[100.96456109032209,12.589783457040937],[100.96441843895985,12.59000706987041],[100.96409472079478,12.590167615942789],[100.96373575909809,12.590231258265987],[100.96347884527256,12.590328045103263],[100.96324902442302,12.590470953671627],[100.96307954268678,12.590683465269763],[100.96289206821444,12.590874078376089],[100.96254035685206,12.590908293083316],[100.96224527400028,12.590712745396957],[100.96201909360633,12.590426876998833],[100.96181465881949,12.590126725567984],[100.96167713629086,12.589890480861072],[100.96147283640232,12.589721382236064],[100.96112289490571,12.58960984022201],[100.96087300118813,12.589495304364846],[100.96066122973201,12.589326825372723],[100.96050579090956,12.589003153073122],[100.96040106755527,12.588655384338551],[100.96022787341769,12.588340879727866],[100.96006430562329,12.588120642054037],[100.95988988660906,12.587910085582052],[100.95966429437175,12.587625338638532],[100.95951041677239,12.587317471024505],[100.95951624437924,12.586835014424423],[100.95950487874723,12.586474132675107],[100.95945684955404,12.586207856907095],[100.95939617679221,12.585942803317778],[100.95933894663511,12.585676594099596],[100.95929953114853,12.585408561056283],[100.95929746900305,12.585136863275693],[100.95933511822119,12.584868831131701],[100.95943831272803,12.584522927591081],[100.95953585859309,12.584266320434381],[100.95961440807855,12.584007589079022],[100.95960910837374,12.583650052807741],[100.95956880885353,12.583379201289176],[100.95951158768969,12.583114123418113],[100.95940514842891,12.582766929350385],[100.9594107862788,12.582411008261488],[100.95949841082307,12.582059570292984],[100.95964282935313,12.581727488432875],[100.95985105298377,12.58142939644955],[100.96011630802127,12.581182293328197],[100.9604408175897,12.581013274742872],[100.96077786100955,12.580866759893127],[100.96112960564682,12.580763068061174],[100.96149019961308,12.58068868603408],[100.96175383137427,12.580606540159749],[100.96211508634224,12.58050459391194],[100.96247344729181,12.580478120568841],[100.96283097726786,12.580512123935421],[100.96329376209752,12.580584517561476],[100.96365979336485,12.580582399658056],[100.96401947092193,12.580501242138666],[100.96438225743532,12.580488412410375],[100.96464627410631,12.580570643720307],[100.9648970149853,12.580684041035738]]],[[[100.91759108176308,12.601086707585523],[100.91762933082902,12.601357585184473],[100.91761668995832,12.601629959255263],[100.91756673441733,12.601989029769982],[100.91755878171244,12.602350623782286],[100.9175847631264,12.602711974078375],[100.91765325369477,12.603066240414705],[100.91772164174046,12.60332955831251],[100.91777423589235,12.603595815194751],[100.91780596127614,12.603955994573539],[100.91779858503673,12.604317584089301],[100.91775467204053,12.604677176210771],[100.91766034305044,12.605024702128333],[100.91751161856638,12.60525060013515],[100.91734962728356,12.605471509602523],[100.91711604187191,12.605694061231986],[100.91684772014622,12.605460986635251],[100.9166112883803,12.605184750875594],[100.91638113208364,12.604901691060263],[100.91615899504166,12.604614054595004],[100.91604760231507,12.604368555864198],[100.91596830009701,12.604107011429505],[100.91590105688834,12.603843117965596],[100.91586943672519,12.603573886126014],[100.91586473327089,12.603211817271585],[100.91585600355177,12.602849778094821],[100.91585332267277,12.602488825299076],[100.91589522028823,12.602128681893191],[100.91598838915291,12.601779470646079],[100.91619960842525,12.601488161349607],[100.91651020098504,12.601296129113109],[100.91681204583932,12.601087775080828],[100.9171043668731,12.600931674357355],[100.91741366620778,12.600895912816156],[100.91759108176308,12.601086707585523]]],[[[100.88937017159623,12.610820499966167],[100.88935276431869,12.611074267963147],[100.88922391844915,12.611309051271746],[100.88897677755631,12.61157009298546],[100.88875622781774,12.611810043798528],[100.88861536160971,12.611542707729825],[100.88867783661294,12.611277323189938],[100.88886656743819,12.610854390018119],[100.88916349839678,12.610677909757783],[100.88937017159623,12.610820499966167]]],[[[100.8771128815543,12.610318628801735],[100.87726679782452,12.610655570598169],[100.87730732127591,12.610928139821851],[100.87734100538313,12.611288317402],[100.87742270429442,12.611646463413592],[100.87744568197269,12.611997676551596],[100.87730489580434,12.612331965347948],[100.87708527416612,12.612622180169524],[100.87696135028614,12.612863138223304],[100.87682792776673,12.613103034177755],[100.87649880467615,12.613205900432035],[100.87618484595396,12.61337701623637],[100.87603248820881,12.613702346885873],[100.8759542516874,12.6140565322832],[100.87584432125846,12.614402466400747],[100.87570075708436,12.614632263867918],[100.87545928371901,12.614765584763973],[100.87517878607218,12.614595255866391],[100.87503748998824,12.614227923280112],[100.8748926991388,12.614012578817494],[100.87459070859438,12.613813024651392],[100.87440659758647,12.613608687890689],[100.87428578356213,12.613368317993547],[100.87425526956508,12.613008681805297],[100.874256366738,12.61264543393969],[100.87430389500878,12.612379025971336],[100.87440876675123,12.612128033282147],[100.87456735859678,12.611908299228674],[100.87475803555498,12.611710935811061],[100.87501759158863,12.611454337647615],[100.87524184563472,12.611168046568139],[100.87546754399204,12.610882876043945],[100.8757340508858,12.610633008406637],[100.87602433855244,12.610410652829387],[100.87645636656811,12.61022684489302],[100.87681041436917,12.610145837560424],[100.8771128815543,12.610318628801735]]],[[[100.9177781461446,12.615550143424457],[100.91798644891554,12.615803496833962],[100.91818253979244,12.616106003589266],[100.91824180961186,12.616456946930612],[100.91813680027315,12.616799466322334],[100.91780329118899,12.61708318174351],[100.9175795272734,12.616926616969863],[100.91741340900171,12.616709758048955],[100.91730858941992,12.616459694359435],[100.91723991179254,12.616196944833177],[100.91723091497482,12.615838296999868],[100.91735580562602,12.615500719382737],[100.91756532428036,12.615328050449193],[100.9177781461446,12.615550143424457]]],[[[100.8793360713027,12.61799392068292],[100.87906100825899,12.61801732374056],[100.87878749384782,12.618055967608882],[100.87842976242365,12.618140961636129],[100.87807273157136,12.618164374586286],[100.8779100846827,12.617867245776836],[100.87792247823984,12.61759486990735],[100.87799967064836,12.617334467611613],[100.87822336891338,12.617051003101381],[100.87849305670926,12.616803369380023],[100.87873293107998,12.616529392717325],[100.87890133542834,12.616314670585609],[100.87906193366138,12.616094355570112],[100.87925670343418,12.615787932267324],[100.87940211481583,12.615456999740786],[100.87943084365855,12.61509807941286],[100.87928248609791,12.614650582158674],[100.87951778202006,12.614478888090275],[100.8797004199385,12.614441448414141],[100.88004557524317,12.614518155188762],[100.88026035223351,12.614793400794838],[100.88038975658208,12.61502805909771],[100.88067671855578,12.615255956297403],[100.8810179276353,12.615390261951063],[100.88137919069715,12.615435169597447],[100.88169581860723,12.615275328593611],[100.88192039191262,12.614994115086404],[100.88225841469415,12.614968006868082],[100.88251055222025,12.615231737554666],[100.88264661874649,12.615472560710145],[100.88278865317386,12.615703172963094],[100.8830173435756,12.615828099587191],[100.88328675438026,12.615897379760327],[100.88360411703644,12.616074217950825],[100.88378623514672,12.616280255329571],[100.88387437770041,12.61653497390995],[100.88381513036404,12.616888461433405],[100.88357695930927,12.617158473884501],[100.88332992093916,12.617277717692559],[100.8830636118962,12.617357554107912],[100.88279309582475,12.617412562939478],[100.88252494497027,12.617476594669142],[100.88218426379279,12.617611750182164],[100.8818503464164,12.617767195299848],[100.8816030679273,12.617893217298217],[100.88135018486321,12.618000072945051],[100.88099284824142,12.618060212408921],[100.88071449008169,12.618065561576429],[100.88043659507287,12.61805565644346],[100.88016144479491,12.618027653353579],[100.87988767857354,12.617992297406659],[100.87961236731695,12.61798180681501],[100.8793360713027,12.61799392068292]]],[[[100.90137989716459,12.622283010552565],[100.90168810022573,12.622408000129155],[100.90202535768418,12.622550212622286],[100.90224175885015,12.622722661221871],[100.9023984045628,12.622942987928582],[100.90242662169129,12.623297547443883],[100.90233938115756,12.623556895734225],[100.9021900676176,12.623783920591507],[100.90195368441505,12.624060150055925],[100.9017043024117,12.624328564411769],[100.90151942877867,12.624530987415199],[100.9013330973446,12.624730596439917],[100.9010894817942,12.62500122672526],[100.90091126044638,12.625208686831456],[100.90073997826744,12.625421181342517],[100.900534824023,12.625720348015705],[100.90034355261292,12.626030149172095],[100.90018907876305,12.626260035672146],[100.90001460668879,12.626469163121442],[100.89976799459731,12.626568083150573],[100.89950597442123,12.62648860196748],[100.89927559958932,12.62621569729663],[100.89917209481638,12.625869582415362],[100.89914881226792,12.625598592401161],[100.89917616155066,12.625329502654495],[100.89924842657371,12.625066871838726],[100.89933309504636,12.624809237656223],[100.89946895472855,12.624473282416091],[100.8995298891931,12.624117521406561],[100.8994925520397,12.62385171688328],[100.89939347193126,12.623481278038582],[100.89931177571793,12.62312822758571],[100.89937332441946,12.622777550443629],[100.89949140180681,12.622526455231764],[100.89969642295159,12.622365129447189],[100.90006334634643,12.622318453733726],[100.90042825256188,12.62227122763511],[100.90070417086088,12.622246667150023],[100.90088928641148,12.622232921012539],[100.9010733326682,12.622230480252483],[100.90137989716459,12.622283010552565]]],[[[100.87392039890733,12.642713328557306],[100.87351873560124,12.642793828672325],[100.87315282484303,12.642826905737138],[100.87288576756418,12.642768901263821],[100.87262029129346,12.642690548729888],[100.87226246004457,12.642608891187422],[100.87191444039917,12.642492139400758],[100.8715538122587,12.642421233253344],[100.87118822435713,12.642380302409094],[100.87082004460945,12.642378367068034],[100.87045509432721,12.642424992419535],[100.87008889039004,12.642457502012178],[100.86972069355522,12.642453306674838],[100.86935247333804,12.642445720893363],[100.86898426031541,12.642439264660368],[100.86861709860028,12.642419242154347],[100.86823532559987,12.642347633636405],[100.86793806638872,12.642159978400343],[100.8678078148788,12.641919317122813],[100.86750802677409,12.641710704085767],[100.86716058179547,12.641593376732999],[100.86688739743551,12.641562524590881],[100.8666117687182,12.641591007019429],[100.86634151974539,12.64164769578457],[100.86608773196332,12.641752852612115],[100.86580868312427,12.64178587661695],[100.86556293797929,12.641691560217396],[100.86536026316566,12.641507688429101],[100.86515724840837,12.641316471877701],[100.86486856513221,12.641091960625545],[100.86459015481188,12.640856078345394],[100.86437235609941,12.640688692029585],[100.86414487258787,12.640534366567806],[100.86393562642809,12.640356186588804],[100.86375435637848,12.640149000775807],[100.86361599028578,12.639908748689834],[100.86349633818554,12.639631082108792],[100.86355431657853,12.639237212327544],[100.86394535979059,12.639080538735925],[100.86429847679335,12.638949269193461],[100.86461764259019,12.63877699686094],[100.86489174605731,12.638538379742499],[100.86508707071181,12.638343812317146],[100.86528501239349,12.638153180325048],[100.86555590168359,12.637907806600026],[100.86582766061809,12.637663556128246],[100.86609246779324,12.63741257513027],[100.86628866928675,12.637220261406014],[100.86648051176627,12.637021762144684],[100.86669845886684,12.636734390080107],[100.86685314405742,12.636409609815701],[100.86694301960472,12.636151379382682],[100.86702626175264,12.635890370943912],[100.86711776327422,12.635538918586292],[100.86722859482387,12.635195803843317],[100.86734444459051,12.634949818579287],[100.86746635308981,12.634706051942771],[100.86762100320681,12.634376752585126],[100.86773885486434,12.634129060407872],[100.86785152103096,12.633880272856345],[100.86798138673169,12.633544369776871],[100.86805159590449,12.633191935359605],[100.86804492743153,12.632828177578403],[100.86799208776472,12.632562471980521],[100.86792718728992,12.632299111814632],[100.86791278194937,12.631939361412435],[100.86791848994642,12.631576645945529],[100.86790300362077,12.631305594777416],[100.86785419291675,12.631039862199941],[100.8677263264089,12.630700113619412],[100.86757465214856,12.63036956960002],[100.867502586775,12.630109649340909],[100.86745662422391,12.62983994175994],[100.86742869937501,12.629479721012387],[100.86744544205357,12.629210704110733],[100.86750188170652,12.628942539766456],[100.86757733482619,12.628678761415756],[100.86772177943664,12.628449523326879],[100.86793040686285,12.628266159655595],[100.86817951097572,12.628151433142193],[100.86846186842052,12.628100873256756],[100.86872306571695,12.628146496763463],[100.86890427641129,12.628346336913978],[100.86896745918096,12.628610840118199],[100.86898699155648,12.628884686379195],[100.86896163157411,12.629154893983241],[100.86886897532304,12.629505224886259],[100.86883583710426,12.629773791227535],[100.86882833585906,12.630047827245505],[100.86886687900335,12.630404583804534],[100.86901193964934,12.630735171890706],[100.86915472231266,12.631069165709505],[100.86924385232197,12.631421047943036],[100.86928011208755,12.631780079786893],[100.86929021776939,12.632141554189445],[100.86935407143329,12.632498132682713],[100.86946530318124,12.632843645917546],[100.86961158061001,12.633183264096431],[100.86983103407505,12.633460228306944],[100.87007555524275,12.633585054206947],[100.87034813525827,12.633652626567539],[100.87071202883715,12.633699787914907],[100.87098887433712,12.633721007418615],[100.87126405789002,12.633751275900693],[100.87162997044686,12.633798985834574],[100.87199110940225,12.633862546319506],[100.8723408125785,12.633975333894568],[100.87260268526575,12.634073485003398],[100.87284149393986,12.634203433441769],[100.87307387156199,12.634477477553617],[100.87325566771494,12.634795941879247],[100.87340447943325,12.635127065062079],[100.87351592971646,12.635383318785159],[100.87367649017796,12.635590078319524],[100.8740204529816,12.635704033214608],[100.87439168772624,12.635731929285157],[100.87475267919285,12.63565651843362],[100.8750151921974,12.635565980985291],[100.87527687962438,12.635480532800386],[100.87564171928994,12.635420345672458],[100.87601513489062,12.635392299415116],[100.87637550222769,12.635428741743112],[100.87671636326962,12.63555118803697],[100.87704409870628,12.635727394004107],[100.87736130488037,12.635918925318208],[100.87763400810303,12.636160483219783],[100.87777563064088,12.636491088393086],[100.87777597058465,12.636852630244732],[100.87758283488,12.637148309347026],[100.87723617500956,12.637256388071876],[100.87688138077118,12.63735322617049],[100.87658551910647,12.637564326732331],[100.87637021421409,12.637739270051327],[100.87613476540713,12.637873117050788],[100.87577640175959,12.637954161255607],[100.87549861736738,12.637962328898425],[100.87522517490197,12.637974421182662],[100.87487918322779,12.638095486117834],[100.87455864506546,12.638275687772818],[100.87434242736117,12.638443857398158],[100.87414710540463,12.638637866344482],[100.87396226234858,12.638848748371117],[100.87386597823235,12.639095161712419],[100.87385881063568,12.639453367079284],[100.87387845182917,12.639819857900193],[100.87387936104375,12.64018139525524],[100.8738745181945,12.640542973979109],[100.87386306083164,12.640904598568397],[100.87388783355675,12.641264839101098],[100.87395686731566,12.641620247576441],[100.8740485855738,12.64197041480287],[100.87412883207998,12.642325180262901],[100.87392039890733,12.642713328557306]]],[[[100.89727677630225,12.644317459183469],[100.89770367098771,12.644513455631511],[100.89792063602857,12.644681946314847],[100.89803713420645,12.64491668195933],[100.89796508142342,12.645169708914977],[100.89790198498866,12.64554469113466],[100.89813588336438,12.645863891105762],[100.89841721917941,12.64610197042964],[100.89858224117756,12.646403019383911],[100.89845353919952,12.646735537415168],[100.8982400077702,12.647070917089195],[100.89790861658946,12.647221282835972],[100.89758513584542,12.647118514607826],[100.89738729218982,12.646813178585376],[100.8972586675535,12.646572316759034],[100.89713407187998,12.646331422557182],[100.89694654164964,12.646020365947152],[100.89678756039763,12.645797230657706],[100.89662945058876,12.645575218621502],[100.89644704919203,12.645257344251092],[100.89632777300835,12.644918684749541],[100.89639249002147,12.644567982426508],[100.89665356231211,12.644321521421148],[100.89692236787306,12.644265375846487],[100.89727677630225,12.644317459183469]]],[[[100.89245804870006,12.644767119307176],[100.89250144098878,12.645035141558594],[100.89253120674988,12.645405510256126],[100.89250192842132,12.645764999854919],[100.89228580874311,12.646023566634369],[100.89204792187417,12.64617778058016],[100.89181730602394,12.646342676673214],[100.89156555430696,12.646606017054069],[100.89131845028629,12.646875537576022],[100.89102987133157,12.647098465122099],[100.89077675714168,12.647216066768124],[100.89050970166147,12.64727614777604],[100.89023466020149,12.647267365896255],[100.88996573682937,12.64719075175185],[100.88964431013687,12.647015085377916],[100.88937243518978,12.646771843046167],[100.88920375115225,12.646558374569395],[100.88904275901615,12.646334682599559],[100.88881687989516,12.646048745852966],[100.88855841743708,12.645790719566094],[100.88825975708221,12.645581560640551],[100.88801633758396,12.645452791213415],[100.88776979743824,12.645329693810368],[100.88744439394367,12.645160266932805],[100.8871189859525,12.644990274381712],[100.88679158956029,12.64482368576455],[100.88646110219815,12.64466671989328],[100.88619900917701,12.644579885853091],[100.88592367903465,12.644570535601758],[100.88564801344512,12.64459395304857],[100.88537477782381,12.644634865007049],[100.88502084873323,12.64473283894938],[100.88476386655924,12.64483295058028],[100.88438634465416,12.645008482955177],[100.88402663112419,12.645062998958281],[100.8836929700546,12.645218447673244],[100.88335958597617,12.645372765041145],[100.88302736472116,12.645528768637803],[100.88276114920774,12.645586009586737],[100.88248372544365,12.64560491873209],[100.88211572016439,12.645627290267271],[100.8818412398814,12.645655779890376],[100.88156829024445,12.645696685553617],[100.88120306027309,12.645744458440049],[100.88092802061175,12.645775208958753],[100.88066069713352,12.645838106643339],[100.88040047200423,12.64592807032426],[100.88014085841394,12.646022546803124],[100.87978811462983,12.646126154998115],[100.87942227222015,12.646208388106686],[100.87906133381358,12.646213758857925],[100.87873010361147,12.646073172339072],[100.8784877839841,12.645937041960963],[100.87825282440838,12.645784478271082],[100.87795612637422,12.645567382828517],[100.87774228108145,12.645273441216375],[100.87764971656122,12.645005195933095],[100.87765588860844,12.644747552757394],[100.87783564959562,12.644549697410639],[100.87808761355257,12.644431548976854],[100.87844655186694,12.644349367129621],[100.87881389704376,12.644315707304088],[100.87918178181383,12.644316502304775],[100.87954789761744,12.644350639670336],[100.87991552608071,12.644394933979072],[100.88019400564889,12.644441551236639],[100.88046614319802,12.644446975047913],[100.8808108677274,12.644348507377742],[100.8811465558689,12.644194742193633],[100.88139470759972,12.644067014181417],[100.88164173158071,12.643942119932944],[100.88196811713493,12.643774862220141],[100.88221079019587,12.643645478556039],[100.88245113221404,12.643511591986453],[100.88277051744546,12.643331389432149],[100.88308699426943,12.64314668667032],[100.88332208964277,12.64300379788699],[100.88355224593948,12.64285416508767],[100.88385039008352,12.642640781147179],[100.88414737140414,12.642425710078498],[100.88445629841948,12.642231457415903],[100.88478645123382,12.64206868821941],[100.88504427157591,12.641965746422102],[100.88530656964252,12.641884803840696],[100.8856722726573,12.641824031254089],[100.88603750442735,12.641855905925354],[100.88629077419995,12.641955797222295],[100.88653540508494,12.642093599440102],[100.88687126859423,12.64223866188479],[100.88714171631722,12.642288719049191],[100.88742274726206,12.642291247942808],[100.88778504004762,12.642236145581705],[100.88813134558518,12.642119016079789],[100.88847255736272,12.641974242317474],[100.8888132187551,12.641832859898614],[100.88906638240769,12.641722603915071],[100.88931984913177,12.641614605229904],[100.88966495677238,12.641491267707863],[100.89002059187686,12.64139158055707],[100.89038270389875,12.641312186608161],[100.89074621886294,12.641267239391652],[100.89102860598541,12.641259023185398],[100.89132013921312,12.641281810207431],[100.89166204256929,12.641387845672568],[100.89189484826869,12.641638142286467],[100.89201069533738,12.641902826254466],[100.89208831312521,12.642170606588252],[100.89214528697545,12.64252552942969],[100.89216627355472,12.642797665180126],[100.89219243393376,12.643069200183504],[100.89224914158467,12.643426948694753],[100.89229770137786,12.643693805424846],[100.89234223940286,12.643961254808119],[100.8923816099234,12.644229870612094],[100.8924189668619,12.644498501704561],[100.89245804870006,12.644767119307176]]],[[[100.82495364809245,12.672782664788201],[100.82517990402943,12.672924602988076],[100.82534232968482,12.673151718676934],[100.825427862406,12.673407607275294],[100.82543068537791,12.673682707191233],[100.82535113134969,12.673943683254436],[100.82517974215142,12.674154446570526],[100.82496841226248,12.674331589631208],[100.82474255742312,12.674488494348566],[100.82443298919117,12.674686082596679],[100.82420980174101,12.674854268409831],[100.82403088341857,12.675058303897629],[100.82391099479662,12.675391866941141],[100.82386403040073,12.675664483828939],[100.82384468058763,12.675936910959706],[100.82387591134432,12.676202211862631],[100.82394541364999,12.67646894358694],[100.82399313257707,12.676827910679606],[100.82395245174433,12.677094270084524],[100.82382729759178,12.677334657068798],[100.82366055878782,12.677552732772426],[100.82349033690957,12.677766312765186],[100.82331547812686,12.677975405140899],[100.82312904866671,12.678175537571065],[100.82288182593555,12.678443313408252],[100.82269945241785,12.678647372278476],[100.82251099138921,12.678845259101479],[100.82228540544719,12.67900046589881],[100.82203827894347,12.679120230414355],[100.82167989011492,12.679128335104622],[100.82135854256273,12.678965012825131],[100.82124398692054,12.678673166633359],[100.82120496803492,12.678404528346334],[100.82116532142248,12.67804776639133],[100.82103289355325,12.677710282303735],[100.82090230659622,12.677469953775415],[100.82078751083503,12.677224996436507],[100.82072952614675,12.676959313321674],[100.82071493824384,12.676687682990234],[100.82074524269888,12.67641800598625],[100.82083979921742,12.676162576042088],[100.82104102792118,12.675858962221355],[100.82122927581048,12.675550352666676],[100.82133730507263,12.675207266702046],[100.82139293443646,12.674939109552326],[100.82143446422918,12.674670485654417],[100.8214448945663,12.674397554003974],[100.82147147133139,12.674129597403066],[100.82156547116961,12.673876995826731],[100.82170473658437,12.673638772611298],[100.82185494315115,12.673401604300636],[100.82206204262923,12.673236356572659],[100.82231507318215,12.673138584977778],[100.82258787443089,12.673070053939909],[100.82294949272494,12.672991310200871],[100.82331326759328,12.672932888442119],[100.82367495333648,12.672863746764563],[100.82399637013646,12.672787449181499],[100.8243075940203,12.672749811654512],[100.82462418415884,12.672749566139601],[100.82495364809245,12.672782664788201]]],[[[100.78086276240663,12.716648433978094],[100.78058578110898,12.716662723306058],[100.78031563465885,12.716708038345359],[100.77996510140838,12.716819989550913],[100.77960515495397,12.716902627354443],[100.77930236940887,12.717095045400072],[100.77903365557881,12.717346549803494],[100.77877446916648,12.717602511246923],[100.77851963457351,12.717863527779627],[100.77827000795457,12.718129028332044],[100.77801749271316,12.718392853447483],[100.77775049299095,12.718642651836944],[100.77754400774984,12.718823120590571],[100.77733114271814,12.718996290446512],[100.77703250574558,12.719206754288336],[100.77679901925939,12.719352379708596],[100.7765637871891,12.719495191150202],[100.77624655043803,12.719679226615085],[100.77598940638603,12.719774730119752],[100.77571729311865,12.719827398915356],[100.77534919610855,12.719855850766976],[100.7749956950953,12.719790426886732],[100.77482680691168,12.719584790605666],[100.77463013687139,12.719397417756682],[100.77428603916945,12.719277130735065],[100.77395973365486,12.719108703903601],[100.77373595894738,12.718829991411042],[100.77371653628916,12.71856064625689],[100.77380915386942,12.718307498792058],[100.77402635812996,12.718012842218968],[100.77424154341259,12.717717632562767],[100.77444633343163,12.717417410085432],[100.77459896636924,12.717188717885051],[100.77472418527299,12.71694834618927],[100.77483084576699,12.716604714336142],[100.7748951113204,12.716246678041784],[100.77493749906637,12.715887093114929],[100.77495829229144,12.715525393881876],[100.77495290715098,12.715164433891573],[100.77490869378124,12.714805429027365],[100.77486216555656,12.714444745128958],[100.77483635771182,12.714084488408446],[100.77488680877929,12.713725979070716],[100.77499979240656,12.713381175400968],[100.77513540837248,12.713146946974064],[100.77532187830212,12.712943451079468],[100.77554083714,12.712778152989415],[100.77576735118237,12.712623537945944],[100.77594519211698,12.712420662583554],[100.77609781786009,12.712191407407602],[100.77627405260552,12.711778104176233],[100.77611865695053,12.711422386334107],[100.77584624690684,12.711182981409536],[100.77554641563461,12.71097200855138],[100.77537965794494,12.710657888850562],[100.7752966397282,12.710304228657265],[100.77525788614258,12.709944057372411],[100.77522631274422,12.709582143201374],[100.77520486930933,12.709311680189955],[100.77519924674789,12.709040548082896],[100.77520511572357,12.708767077738514],[100.77523691844908,12.708499085164704],[100.77534154737458,12.708153206805093],[100.77551079258905,12.70783175403227],[100.77567413285499,12.707612593746262],[100.77585598656458,12.707407998880115],[100.77604710329126,12.707211250598789],[100.77619812014717,12.706916471717818],[100.77604366158579,12.706550296558987],[100.77589648483496,12.706320786874869],[100.77573870957383,12.706098127326754],[100.77553177107444,12.705797834702366],[100.77531367558572,12.705506655807596],[100.77505867821549,12.705246231928129],[100.77476570157592,12.705026735295633],[100.77452510594895,12.704892759693166],[100.77427089008955,12.704785991280517],[100.77400990863043,12.704699606901386],[100.77374410500653,12.704622856959304],[100.77348282587178,12.704534778257482],[100.77322464759948,12.704437638885963],[100.77287317096011,12.704328695912636],[100.77260510733987,12.70425817467509],[100.77233348959891,12.704214228403941],[100.7719661848916,12.70418787017411],[100.77168852370647,12.704185204583553],[100.77141299661258,12.704200038001375],[100.77105089358395,12.704260079439166],[100.77078323016201,12.70433022296146],[100.77051675204655,12.704405444955341],[100.77016066818032,12.704503859565534],[100.76981627999737,12.704629314990939],[100.7694900563211,12.704802102634972],[100.7692073868115,12.705032223858097],[100.76899162956011,12.70532743081634],[100.76884979208432,12.705661126959512],[100.76877630038604,12.706017529185658],[100.76876125742615,12.706379756320757],[100.76883274363627,12.706731803130253],[100.76893012042876,12.707083111596376],[100.76896448712142,12.707351228276593],[100.7689804689735,12.707623423382358],[100.76898263993695,12.707895709319587],[100.76896321458076,12.708165316176462],[100.76890237004841,12.708519938644315],[100.76881389024891,12.708872486376208],[100.76872368375109,12.709225045799258],[100.76863491796718,12.70957759622911],[100.76852133179409,12.709919577826327],[100.76836304571805,12.71024660279852],[100.76816605911637,12.710552419958276],[100.76798794658652,12.710758680368826],[100.76778784563265,12.710947010096504],[100.7676033802918,12.711149923230437],[100.76743080129052,12.711365752427582],[100.76725947684344,12.711679869430498],[100.76717300073346,12.712031274124058],[100.76710901936582,12.712390438168256],[100.76705021089856,12.712748437590392],[100.76688204217254,12.71306140436036],[100.76654784960363,12.713165321922133],[100.76625469669693,12.712962765819043],[100.76603661829535,12.712673837927355],[100.76575048459722,12.712445813023919],[100.7655474572494,12.712252825707367],[100.76538597678149,12.712034703238999],[100.76531427473407,12.711692825963212],[100.76534741025483,12.71132482877789],[100.76543993880222,12.710974514062627],[100.76549241694153,12.710615992134365],[100.76549654482972,12.710255533066459],[100.76541183408892,12.709904703039683],[100.76530528421154,12.709557973022072],[100.76522896234678,12.709296914221284],[100.7651730362067,12.709031198730884],[100.76512630113797,12.708763162989612],[100.76509538244602,12.708493891579906],[100.76507941588238,12.708223390796888],[100.76507465487151,12.707950555373884],[100.76508624893131,12.707587785947624],[100.76513702825133,12.707233230928921],[100.76526213384045,12.706892303337156],[100.76533138703394,12.70662970939361],[100.76537614539285,12.706361629585558],[100.76539983533416,12.706000474442419],[100.76538036770984,12.705639606182956],[100.76533076830037,12.705373285448786],[100.76525243824949,12.705112802214103],[100.76515689157736,12.704859214980843],[100.76505588512106,12.704606227595377],[100.76495077955491,12.704260053358837],[100.76485917281263,12.703909833971693],[100.76474887635959,12.70356143391308],[100.76462909385765,12.703214226355499],[100.76455044005081,12.70286505018197],[100.76453844759135,12.702503002911328],[100.76455751681601,12.702222664444434],[100.76461028903367,12.701948317261099],[100.76473661140557,12.701616985435578],[100.76495163660883,12.701340430416565],[100.76523973082897,12.701104063401829],[100.76547163540772,12.700938686171469],[100.76569667006532,12.700778441371995],[100.76592754312168,12.700630584733744],[100.76616596328864,12.700492283392236],[100.76640438255629,12.700353980252032],[100.76671220520416,12.700170464595317],[100.767033604917,12.699979189587964],[100.76727057357817,12.699839202017586],[100.76768414570682,12.699597475942824],[100.76800675590709,12.69941341709557],[100.76816806820187,12.699192015698998],[100.76836707827812,12.698888446844421],[100.76845419920198,12.698630818957156],[100.76852662880094,12.698370463426215],[100.76873957117431,12.698084879213866],[100.76900971132915,12.697832810036175],[100.76928829342006,12.69759480895334],[100.76957500088565,12.697367486420433],[100.76985097224463,12.697126676754806],[100.77005192215853,12.696937775957622],[100.77022598144396,12.696729283429761],[100.77037285422392,12.696500632598145],[100.77048966716444,12.696251845046675],[100.77060208781614,12.695908741095593],[100.77065116022294,12.695641196384145],[100.77069879011714,12.695373097690378],[100.77076948222589,12.695111623402738],[100.77086061682405,12.694852272414494],[100.77102641943378,12.694531976169799],[100.77125579781688,12.694252494756881],[100.77144805488388,12.694055179003385],[100.77163366056504,12.693852821650466],[100.77185028925948,12.693560431368837],[100.7720472623713,12.693254615108458],[100.77224394590144,12.692948798848022],[100.77245045812219,12.692649697825345],[100.77265840656025,12.692350586010775],[100.77287185165471,12.692055393441706],[100.77309571179774,12.69176916891206],[100.77333722833049,12.691498079073142],[100.77359407290822,12.691238750567948],[100.77385583497886,12.690983345804796],[100.77404867120924,12.690787153304541],[100.77424325841969,12.690594338657831],[100.77449662441973,12.690331643990248],[100.77472049085804,12.690046549009082],[100.7748630190132,12.689814537410996],[100.77499340901869,12.689574696315219],[100.77516524428069,12.68925435690312],[100.77533304068731,12.688932349248546],[100.77549477026747,12.688606994317411],[100.77561073244942,12.68836103513371],[100.77571975816039,12.68811060272219],[100.77583850644197,12.687768585152128],[100.77591719172506,12.687416103070746],[100.77596193389621,12.687147457589163],[100.77599141457216,12.686876654633977],[100.77600791083648,12.686517243276228],[100.77599475825156,12.686155770672315],[100.77596118296231,12.685794433866079],[100.77591237855347,12.685436022554427],[100.7758420155966,12.685080016929305],[100.77577769338592,12.684723970834625],[100.77574326733799,12.684364334646375],[100.77572810656693,12.684003439407263],[100.77572444272892,12.683640773402999],[100.77572630162757,12.683369589135282],[100.77572988812392,12.683098394974991],[100.77574059185491,12.682733372747009],[100.77580287889981,12.682380998584279],[100.7759631875511,12.682058477416831],[100.77615145432623,12.681743677828536],[100.7763296127215,12.681423296148239],[100.77645473719645,12.681088580173878],[100.77646292102702,12.680816790662391],[100.77647341611532,12.680546113612309],[100.77661354577856,12.680218077802124],[100.77682232159293,12.67991556924818],[100.77706959738407,12.679647266408267],[100.77726184725651,12.679451075706652],[100.77746774434098,12.679272872345223],[100.77769335996067,12.679117135847207],[100.77791489985282,12.678954646339889],[100.77812425662921,12.678777550043947],[100.7783223071288,12.678588100660363],[100.77854384971897,12.67830188962057],[100.77879659158947,12.678117158080454],[100.77879208059011,12.677757322242655],[100.77879475427454,12.677396308293055],[100.77883224611134,12.67703675664103],[100.77885764476457,12.676675591605317],[100.77886208381818,12.676403260701989],[100.77882168537252,12.676136879713283],[100.77873474071578,12.67587872032675],[100.77864636973425,12.675622263356843],[100.77854069040058,12.6752760981135],[100.77847441396307,12.675011585916025],[100.77836999727759,12.674764275051302],[100.77808338064358,12.674544171376454],[100.77781878570846,12.674471368558841],[100.77754184038366,12.674442712561188],[100.77717331259834,12.674441220585891],[100.77680329013981,12.674473071874843],[100.77653878693553,12.674413261562847],[100.77630614041612,12.674259457707876],[100.77610580024253,12.673952338329798],[100.77606741268102,12.673601767307787],[100.77617122412278,12.673346850876499],[100.77634869543601,12.673135506598385],[100.77659293241794,12.673010719369245],[100.77681365302772,12.672855016146116],[100.77698160231915,12.672639781400846],[100.77712525282823,12.672404936938335],[100.77728841143113,12.672079572114626],[100.77745937884731,12.671760369445565],[100.77770984273513,12.67149656231652],[100.77803346107544,12.671328307255635],[100.77839835559968,12.671304399678377],[100.77876591841249,12.671291773196799],[100.77912025039927,12.671196754426717],[100.77947365158781,12.671092133595153],[100.77993568008765,12.6710141443873],[100.78029516878706,12.670997377427057],[100.78065127333764,12.671054496068166],[100.78111000132554,12.671182870692974],[100.78141789681854,12.671360458918116],[100.78163308659771,12.671651654900018],[100.78184204407512,12.671956452228528],[100.78206386005917,12.672248732792809],[100.78231280409267,12.672512020113686],[100.78260400367191,12.672729264843724],[100.78291747316291,12.672922066899901],[100.78323890255336,12.673101255918255],[100.78348600387602,12.673223320899581],[100.78375034160501,12.673300639213153],[100.78411678026526,12.673333207261749],[100.78448412993873,12.673372547205361],[100.78483782880284,12.673475816355904],[100.78514808231819,12.673660727760421],[100.78537703891925,12.67394504932463],[100.78556035312783,12.674160754415311],[100.78576497857097,12.674338464948221],[100.78610635312577,12.67440678914204],[100.78648446318749,12.67437995696946],[100.78676139232448,12.674365102867228],[100.78703676743294,12.674374550245375],[100.78740281668672,12.674433668079359],[100.78775083903008,12.674547705712087],[100.78798348465017,12.674700369226684],[100.78813174868134,12.674922521557164],[100.78822443640865,12.675177814804385],[100.78830423864974,12.675441667798793],[100.78838061177589,12.675708933720387],[100.78850050579376,12.67594653010832],[100.7887636995851,12.676189376738421],[100.78899037730412,12.676352247558214],[100.78921588860243,12.676512865576342],[100.78943909134108,12.676672371133066],[100.78966001609695,12.676835282422417],[100.78994414340752,12.677067817425893],[100.79020768703521,12.677319132971661],[100.79043407157519,12.677604595775506],[100.79062065661805,12.677916878161454],[100.79076538541426,12.67824977930394],[100.79087137771199,12.678597066001828],[100.79092279555061,12.67895658258027],[100.79089164573293,12.679315527189885],[100.79076802312585,12.679656450284995],[100.7905864050386,12.679972908223192],[100.79035939726845,12.680257469906337],[100.79010607443587,12.680522436261469],[100.78989761967944,12.680704054348666],[100.78970968565352,12.680899093018752],[100.78957036358145,12.681134478873162],[100.78950430927654,12.681397619604525],[100.78952690384358,12.681666941376307],[100.78961903129334,12.681923931644178],[100.78977178923674,12.682252825407602],[100.78994090494888,12.68257595901332],[100.79011659740308,12.68289339901122],[100.79030117695783,12.683206259661176],[100.79049492779876,12.683513972591811],[100.79064897806796,12.683739474896925],[100.79081447670677,12.683956423750033],[100.79105087969441,12.684233343893766],[100.7913012950188,12.684498304852923],[100.79150139327476,12.684685079652752],[100.79171063134061,12.684862187639908],[100.79191416320811,12.6850461133875],[100.79210797790091,12.685239143871456],[100.79228349139009,12.685448115737984],[100.79244298795356,12.6856701889281],[100.79266994716039,12.685953949315376],[100.79286376275252,12.686146978900013],[100.79306615427964,12.686332041390642],[100.79338241706495,12.686509555871339],[100.79373824462436,12.686461959252085],[100.79399472407732,12.68635966856391],[100.79425764897138,12.686274282432237],[100.7946100537111,12.686313143037182],[100.79476295374735,12.686619998913841],[100.79471534993354,12.686888099406303],[100.79466515697146,12.687156216985898],[100.79464724157702,12.687514505989725],[100.79469399643085,12.687781968862794],[100.7947677651203,12.688045294854533],[100.79488238641306,12.688390824277178],[100.7950448858129,12.68871230402965],[100.7952038104076,12.688934378119086],[100.79538507506123,12.68914217816905],[100.79564208871147,12.689403135346481],[100.79593533334901,12.689620345902313],[100.79627356387391,12.689770591139904],[100.79663308764691,12.689839340713036],[100.79699784277631,12.689833484327892],[100.79727442027831,12.689807320351576],[100.79755182965329,12.689776630986785],[100.79791895359688,12.689739685038489],[100.79828460085372,12.689697099441617],[100.7985599723649,12.689663034021862],[100.79883488612114,12.689645919023974],[100.79910801472317,12.689702257053568],[100.79931884099176,12.689858445011282],[100.79951120867543,12.690171809281594],[100.79974704688874,12.690448156557238],[100.79998635918321,12.690564042296785],[100.80026730559172,12.690586429120458],[100.80062698135015,12.690512809718427],[100.8009956404365,12.690530082996986],[100.80124522119007,12.690633468160058],[100.80144848865689,12.690819081035784],[100.80160997631941,12.691036614448251],[100.80183830519371,12.691185901907886],[100.80209844218939,12.69127622082101],[100.80235152580235,12.691386359892647],[100.80259046397879,12.691530490639707],[100.80276679944831,12.691731538579688],[100.80287269731718,12.691980520384732],[100.80293930380589,12.692246715213798],[100.80297434588942,12.692606337912196],[100.80298835912555,12.692880235434586],[100.80303826430452,12.693144283581887],[100.80315307355556,12.693392074684539],[100.80332288174566,12.693605594422706],[100.80359392392052,12.693855148196576],[100.8039036549298,12.694042296215059],[100.80417534641515,12.694098073067664],[100.80445138612265,12.694117663899135],[100.80480794842816,12.694214103598028],[100.80511138238444,12.694405812078628],[100.80527861761419,12.694621608900206],[100.80542555244733,12.69485505581622],[100.80560213702904,12.695172475129652],[100.80576868877404,12.695495047558438],[100.80588378221086,12.695741704616012],[100.80597391676292,12.69599813460627],[100.80602039192763,12.696265030906488],[100.80603122875829,12.696536688217634],[100.80598714399156,12.696894023940104],[100.8058926612174,12.697244359339777],[100.80577828813756,12.697589180096656],[100.80565899666544,12.697930078910076],[100.80549180460315,12.698250966908631],[100.80529921208904,12.698560163720629],[100.80510054195651,12.698864318033884],[100.80495226533486,12.699093557921401],[100.80480514524135,12.699323355388572],[100.80461629390692,12.699633091793828],[100.80444362227541,12.699952321442538],[100.80427066196154,12.700271553789207],[100.80411688958287,12.70049687622992],[100.80392579713788,12.700692512049841],[100.80370045940873,12.700846574010257],[100.80346991910153,12.700997283298022],[100.8031469401792,12.701176866219441],[100.80314040840318,12.701556262311726],[100.80293739094787,12.701897447109559],[100.80273327002448,12.702204462166264],[100.80264709788531,12.702550784790958],[100.80265770808683,12.702913398634507],[100.80272926444405,12.703268818801007],[100.80283958607811,12.703613807731074],[100.80297688467556,12.70394900844002],[100.8031256622196,12.704280176588952],[100.80323675187464,12.704529685396722],[100.80333894273809,12.70478208012895],[100.80343826296553,12.70503562329543],[100.80355277813828,12.705281154401803],[100.80368851731129,12.705517503430087],[100.80391539557911,12.705907456663851],[100.80403949392758,12.706247266398293],[100.804125401666,12.706597503771832],[100.80414964558975,12.706934602050296],[100.80425871806546,12.707269116576526],[100.80426213279128,12.707626442406422],[100.80418427758241,12.707887404080509],[100.804015345332,12.708207174221741],[100.80378081023628,12.708485585441451],[100.80355017100362,12.708786284559437],[100.80369302291473,12.7090110026557],[100.80387598189111,12.709210873383142],[100.80397938414131,12.709553083408139],[100.80397244227447,12.709914686413697],[100.80403709003974,12.710269021997817],[100.80409277516151,12.710535855345483],[100.80413064021695,12.710805069198614],[100.80413407562713,12.71116942592829],[100.80406519655162,12.711520151633749],[100.80393221829729,12.711757196737267],[100.80375185386504,12.711965753117056],[100.80355177179689,12.712152976678567],[100.80333458102615,12.712321109431684],[100.80302493095587,12.712515855822119],[100.80281673430488,12.712694659031342],[100.8026256148803,12.712888034854984],[100.80257395692263,12.713232994107443],[100.8027006534125,12.713573350629702],[100.80279082843407,12.713916780135321],[100.8027124785981,12.71427096013673],[100.80258279725837,12.714608539552501],[100.80259107281984,12.714966084817036],[100.80264366517309,12.715324458357145],[100.80267813618707,12.71568351987861],[100.80269817757892,12.715955114237204],[100.80270239360067,12.716226252639501],[100.8026726584165,12.716497621268275],[100.80257374198465,12.716750818195749],[100.80241879419208,12.716973888734003],[100.80222888705356,12.717176296448997],[100.8019401291337,12.71739688755639],[100.80160571892884,12.717549432360443],[100.80125113782981,12.717656919331432],[100.80098079622684,12.717714684585076],[100.80070537615222,12.717745932428898],[100.80033748238895,12.717760860275519],[100.8000615119293,12.717754824925294],[100.79978521321709,12.717743142731877],[100.79950834793198,12.717732594583595],[100.79923240894857,12.717731078326665],[100.79895711657775,12.717739726207469],[100.79868129810347,12.717755155875807],[100.7984055021123,12.717773975988223],[100.79812970342311,12.717792230427165],[100.79776183124358,12.717810543321946],[100.79739364879794,12.717825467571345],[100.79702588633563,12.717818359329897],[100.79675228109295,12.717780667843613],[100.79648282442287,12.717718656890554],[100.79612766775773,12.717622201003849],[100.79577307856476,12.717524611072008],[100.7954156780911,12.717436078212472],[100.79506701722914,12.717322063062795],[100.79472851241098,12.717179167984284],[100.79439029537588,12.717036269308437],[100.79405207924015,12.71689337243123],[100.79371215978841,12.716753873192715],[100.79345622262662,12.716650527599825],[100.79319888162314,12.716552275766958],[100.79285107062049,12.716435993426387],[100.79249422322988,12.716344062028895],[100.79213125235549,12.7162815483548],[100.79176421924336,12.716255218003937],[100.79139661955838,12.716271261009922],[100.79111911485535,12.71629234381669],[100.79084722461977,12.716334856568437],[100.79056559382713,12.716547479682504],[100.79045031243203,12.716889478366795],[100.79038777987222,12.717245242973661],[100.79018008414363,12.717538717837613],[100.78995681215724,12.717703491622899],[100.78970641122197,12.717815343903055],[100.78934747290759,12.717877085958776],[100.78897588293069,12.717898801888225],[100.78860867265217,12.7179295263266],[100.78824145158177,12.717959121216495],[100.78787452908631,12.71798984385623],[100.7875996414104,12.718015425071883],[100.78732569982122,12.718052863848641],[100.78696064431836,12.718103909367983],[100.78659315165271,12.718135761556198],[100.78631322507533,12.718140474003746],[100.78604476755203,12.718098219357387],[100.78580221859755,12.717975568018119],[100.78556755759678,12.717828570232371],[100.78525063470909,12.71764427576278],[100.78493086816508,12.717465085845106],[100.78468884171673,12.717334519572489],[100.78444453728565,12.717207359931763],[100.78411736302593,12.717038387211858],[100.78378144106074,12.716893765434975],[100.78351760335477,12.716812494601015],[100.78324842997114,12.716749901786613],[100.7829775775532,12.716694101551582],[100.78270427538206,12.716658088200234],[100.78233674404555,12.716643047039042],[100.78196787721583,12.716642701699357],[100.78159988902371,12.716644610960088],[100.78123187295262,12.716642565002417],[100.78086276240663,12.716648433978094]]],[[[100.79901890359957,12.724864149161192],[100.79920464867564,12.725184969710654],[100.79928735033099,12.725447101402665],[100.79934395276126,12.72580318796679],[100.79937067791451,12.726165692992367],[100.79939935459657,12.726437793669277],[100.79940758429262,12.726707210769234],[100.79935975025234,12.727064572572033],[100.79928312261808,12.727419303857857],[100.7991969900491,12.727772405572125],[100.79907335215353,12.728111639740405],[100.79886742269349,12.728410192176682],[100.79870930119336,12.728633284298667],[100.79854596902129,12.72885189240094],[100.79835137011969,12.729043594586244],[100.79812748029906,12.729202731420969],[100.79780237897666,12.729372158298531],[100.7974550086418,12.729484677875632],[100.79708904122634,12.729448744563967],[100.79686036611304,12.729255396619294],[100.79684484741182,12.728931230591854],[100.79689853603867,12.728669303045933],[100.79699082896366,12.72841389288692],[100.79702714538649,12.72805491500236],[100.79705746243201,12.727783541876988],[100.79710823815475,12.727516550248652],[100.79723348403814,12.72728294864919],[100.79738179663269,12.727055969657329],[100.79750571241874,12.726715039367605],[100.79758207205504,12.726363133751647],[100.79760318094213,12.726091822679507],[100.79763639290525,12.725823255438911],[100.79769321477011,12.725556787216021],[100.79778031500962,12.725299716908467],[100.7979879927517,12.725004543225111],[100.79836677011042,12.724735698094037],[100.79871942396232,12.724679826812633],[100.79901890359957,12.724864149161192]]],[[[100.84880847293272,12.761582191265177],[100.84813756789453,12.761922446164021],[100.84763249244565,12.76211466006356],[100.8469625577759,12.762350961427785],[100.84676040726703,12.76264951925998],[100.84660537493818,12.7630166692839],[100.84624064588917,12.763197731590083],[100.84592473383947,12.76312650078745],[100.84548126824598,12.762926228962328],[100.84479227784141,12.762598870341662],[100.84385751441283,12.762268705836163],[100.84300554796772,12.761847573107048],[100.8418025608396,12.761354315649214],[100.84050356658639,12.761193892783979],[100.83948390805597,12.761220200651792],[100.83862844324813,12.761190001417503],[100.83828456228281,12.760951172958301],[100.83822364580465,12.760565192929334],[100.83838793395603,12.76018301343538],[100.83880922676445,12.759884345885894],[100.83936574343437,12.759907587964847],[100.83976433555569,12.759886172408983],[100.840022435587,12.759842569678881],[100.84040961980816,12.759821796238953],[100.84070208923009,12.759835575651323],[100.84132361609204,12.759828986318723],[100.84185099382836,12.75977559806546],[100.84239175977194,12.759584275394047],[100.84270978163119,12.759391115407709],[100.84299253927435,12.759255823197748],[100.84336763570786,12.759235129797446],[100.84383590280476,12.759284964829305],[100.84425657238296,12.759437945804621],[100.8447228933469,12.75969568340912],[100.84528269973686,12.759987790404239],[100.84593601583452,12.760396745413516],[100.84643817118473,12.760595477599281],[100.84708199313951,12.760647469205367],[100.84768081481781,12.760525779241391],[100.84796347983081,12.760378053904105],[100.84831652129049,12.760173343924748],[100.84904344599829,12.760098209165051],[100.84944028534096,12.760297671600313],[100.84944840262176,12.760781182205847],[100.8492340069439,12.761136319985212],[100.84880847293272,12.761582191265177]]],[[[100.80632950869995,12.925744821566298],[100.80637461059985,12.926010024443144],[100.80637158078389,12.926309451919735],[100.80657771798735,12.926944126870012],[100.80669030141632,12.927463075260789],[100.80668817901631,12.927728602792854],[100.80654551416421,12.927991713846552],[100.8062735142114,12.928209395647116],[100.80600199359719,12.928413516570572],[100.80571945628793,12.928607544402723],[100.80538249380709,12.928921711767657],[100.80510354209486,12.929294229844857],[100.80480828927119,12.92956235012241],[100.80440321843383,12.929829344448763],[100.80414470201646,12.929666363911622],[100.80409691474091,12.929067312006907],[100.80432644421012,12.928308730263723],[100.80454158362727,12.927792033775404],[100.80481497842857,12.927367583447278],[100.80513536010886,12.92691004076579],[100.80551624098177,12.926256051975258],[100.80568435664782,12.925808036711601],[100.80584190707839,12.925591655330663],[100.80608528790577,12.925500205969797],[100.80632950869995,12.925744821566298]]],[[[100.78910307944363,12.924372035241277],[100.7891920970377,12.924983805358352],[100.78917736344465,12.92534093963269],[100.78904454886691,12.925776842827077],[100.78906487264584,12.926123567448712],[100.78921181107626,12.926781265043417],[100.78935718288773,12.927623138397166],[100.78941081575658,12.928198994987667],[100.78935839787181,12.928844499574041],[100.78909574637163,12.929406707153873],[100.78877360112085,12.930025813940233],[100.78855974773421,12.930404650654168],[100.78839130471499,12.930852096647016],[100.78839861530389,12.93139324570177],[100.78842780909616,12.932095814070635],[100.7885392063194,12.932776350847973],[100.78872252232662,12.933284657560932],[100.78892928995481,12.93377020603026],[100.78921751637534,12.934371570991232],[100.78945996010913,12.934811679415532],[100.7897030639453,12.935182863798161],[100.7898999552188,12.935494480685804],[100.79005003767918,12.935783823164968],[100.79007093702421,12.936049195114322],[100.7899437531018,12.936332530122229],[100.78957468302525,12.936483072136127],[100.78923567368747,12.936353206435399],[100.78882771602633,12.936084839743614],[100.788326210886,12.935782086574079],[100.78777829173481,12.935350849961821],[100.78734738517375,12.935013715710454],[100.78704458613879,12.934792079590864],[100.78658742387057,12.934730808779875],[100.7861895098381,12.934658962840899],[100.78592093540288,12.934552335621845],[100.78551538073032,12.933973236975362],[100.785392223972,12.933257753442604],[100.7852434734076,12.932830554786335],[100.78477145613783,12.931813524974245],[100.7843922489032,12.93088850839797],[100.78407031229511,12.93016082376306],[100.78381574210289,12.929754685430453],[100.78354900138538,12.929418681626885],[100.78301469796997,12.928793002595057],[100.78276999783719,12.928641013571962],[100.78250011308978,12.928592014010292],[100.78211380660696,12.928531379020001],[100.78168101596617,12.928412873555317],[100.7812618986178,12.928029889168101],[100.78111223973815,12.927716809982826],[100.78097559314915,12.927289525890956],[100.78084176773348,12.926447567101604],[100.78070429916414,12.926066611584929],[100.78055448200382,12.925730936933235],[100.78035843159643,12.925372978879921],[100.78019643581695,12.925106308309523],[100.77989324737553,12.924908390010216],[100.77948531759341,12.924640005332037],[100.77913465214255,12.924487604419483],[100.77881969067624,12.924334958891279],[100.77854989855905,12.924298382564359],[100.77809739028237,12.924213711393691],[100.77778922679147,12.924153290442064],[100.77753252880325,12.924013805592722],[100.77687635106281,12.923904156651531],[100.77622009058479,12.923864556803892],[100.77558603526739,12.92395134857594],[100.77509051781323,12.924327571859976],[100.77488633843382,12.924855475699701],[100.7747823804026,12.925384956950268],[100.77429345138171,12.925634589864501],[100.77366974456311,12.925882877392951],[100.77308000333954,12.926292503296452],[100.77250219522017,12.926679449197252],[100.77191103936303,12.927215628598447],[100.77123909740646,12.92764840574938],[100.77056296730717,12.927855238128814],[100.77030209196801,12.927490931761156],[100.77027070293065,12.927041459595728],[100.77030949158984,12.926661562581103],[100.77013756729497,12.926210783700753],[100.77000177865921,12.925575590740948],[100.76990403314466,12.924699479297601],[100.76991002442816,12.923996663615185],[100.76991385643936,12.923559381760128],[100.76988088639388,12.923294087152442],[100.76980144028431,12.922971485046048],[100.76972181520966,12.92270537655196],[100.76941938309812,12.922449817105417],[100.76915225207483,12.922136395278471],[100.76895763788474,12.921570521162664],[100.76885764856166,12.920947514016632],[100.76906276143734,12.920223012082374],[100.76944277986047,12.919719907947467],[100.76971748497402,12.919146335634935],[100.76987461272324,12.918560001942581],[100.76990421840503,12.917857026180855],[100.76969701370626,12.917383886557161],[100.7694201124483,12.91690896087988],[100.76907170339643,12.916502309034399],[100.76859362379673,12.916164326722367],[100.76816136195737,12.915953708197151],[100.76782288681682,12.915812505642691],[100.76736776241239,12.915544417740762],[100.76691354722249,12.915159945874848],[100.76670642975796,12.914698101736064],[100.76666461128286,12.914156048862594],[100.76709178295948,12.913561111356273],[100.76776428789162,12.913048122772693],[100.76873184419929,12.912398682753064],[100.76949814482356,12.911876016564975],[100.77025266073178,12.911397493599509],[100.77099657902897,12.910804925806758],[100.77157569026593,12.910280133621313],[100.77186173043458,12.909764107127899],[100.77202034206522,12.909062516322138],[100.77194497168318,12.908255176035595],[100.77197508008595,12.907460678067878],[100.77212043211233,12.906920747594484],[100.77231492309528,12.906162421258784],[100.77237990900568,12.905414010847949],[100.77235043642355,12.904745331631773],[100.77228383712946,12.90428366915603],[100.77217151090656,12.903707070624876],[100.77202213801132,12.903348786117647],[100.77188419280134,12.903059345612348],[100.77167748902497,12.902573774660027],[100.77164569888993,12.902148032006096],[100.77178003242261,12.901515528019274],[100.77211363143903,12.900885062795453],[100.77268211089074,12.900243967585084],[100.77295496160224,12.899900899606905],[100.77333403393857,12.899431697215107],[100.77352735670223,12.898753597600489],[100.77373077975176,12.898283325914804],[100.77401555277561,12.897916448385445],[100.77428723616708,12.897653608027611],[100.77455817222193,12.89752974530154],[100.77483779123116,12.89773913265492],[100.77497423457334,12.898224048001453],[100.77522558339399,12.898997427189556],[100.7754321990368,12.899551917686892],[100.77568571702227,12.900060894394812],[100.77592906007811,12.90035187543873],[100.77622069672782,12.900549880972278],[100.77655931306191,12.900713670899222],[100.77702718355772,12.900832517206936],[100.77756672642334,12.900825462025523],[100.77810759758762,12.900680551566268],[100.77847157300477,12.900602377098096],[100.7790239599878,12.900457388397797],[100.77966863989587,12.90049706558716],[100.78007578277123,12.900823085117338],[100.78052964902412,12.901241434444671],[100.78113356356317,12.901949131647143],[100.78157359824303,12.902609361732686],[100.78210402827835,12.903592113884997],[100.78237910301323,12.904377749933246],[100.78247844842173,12.905069675725031],[100.78250802892245,12.905749647728101],[100.78230214083118,12.906520485432111],[100.7821433025714,12.907267272566628],[100.78206741328057,12.907935537195328],[100.78213352784007,12.908407367406141],[100.78227024907278,12.908847079229361],[100.78247738722172,12.909308907180389],[100.78271949370975,12.909829250419648],[100.78291363665505,12.91040754327355],[100.78311945100194,12.911007222905084],[100.78353540363605,12.91176025942849],[100.78380228284914,12.91211886139638],[100.78422113669615,12.912468516908575],[100.78447691467795,12.912723248079487],[100.78475631155459,12.91297894692093],[100.78501242678215,12.913199779046636],[100.7852790685742,12.913524485566597],[100.78573082411827,12.914208350734839],[100.78582048742561,12.914669848634674],[100.78567334484904,12.915440286140324],[100.7856450198019,12.915992977993596],[100.78576915232458,12.916604511589014],[100.78601152591125,12.916998303129219],[100.78620840459428,12.9173110567599],[100.78635813541968,12.917634300982229],[100.78644986716768,12.917900320443493],[100.78652677269247,12.918511044649051],[100.78666342108011,12.918938325143642],[100.78697391741241,12.919678515750945],[100.78722714671551,12.9202213726183],[100.78761039010749,12.920662782361546],[100.7879927179896,12.921218311575842],[100.78839792642322,12.921832437916748],[100.78860443504669,12.922364314061895],[100.78884425995471,12.923126451724443],[100.78897926258298,12.923806828422471],[100.78910307944363,12.924372035241277]]],[[[100.79098852430104,12.942599418028749],[100.79064745011976,12.942746380740914],[100.79044593543165,12.942998591112143],[100.7901741387256,12.943249024422983],[100.78998352471996,12.943576294910144],[100.78995073184086,12.943984961236993],[100.78984052082342,12.944306502143434],[100.78944878423408,12.944430178709808],[100.78916859955126,12.944272227181614],[100.78895935069352,12.944045998224283],[100.7889614083424,12.943769170710709],[100.78923435438202,12.943437381130309],[100.78943538343628,12.943197602987027],[100.78966043158368,12.942933932554979],[100.78973371194132,12.942629501250508],[100.78960811262436,12.942220226082611],[100.78952796414427,12.941965431059828],[100.78946156360036,12.941538802573746],[100.78950271208055,12.941170753227709],[100.7898300428223,12.940954400625117],[100.79008799176745,12.940991078575451],[100.79052024461367,12.941143996598214],[100.79102383168453,12.941252393683044],[100.79144586913162,12.941232547444145],[100.79207979404731,12.941203334766158],[100.79257160359668,12.941275654647768],[100.79291004366365,12.94148574077434],[100.79324683797125,12.941868702678562],[100.79352447397537,12.942274668341327],[100.79390718766666,12.942796285919883],[100.79420769702767,12.943339935089966],[100.79432158357429,12.943721039894115],[100.79423671005617,12.944054364617273],[100.79398956466673,12.944167355439163],[100.79363968612267,12.943888429807259],[100.79332485685671,12.943678185399961],[100.79308079704123,12.943457282227826],[100.79281246272501,12.94330546767327],[100.79249763615707,12.943095220568011],[100.79218301823175,12.942833563718068],[100.79180874197993,12.942686431034019],[100.7915283117822,12.942614916944933],[100.79125850077924,12.942578355906448],[100.79098852430104,12.942599418028749]]],[[[100.92059315095321,13.172976300415996],[100.92093877930131,13.17327705169464],[100.92116092803445,13.173673626636628],[100.92115205172587,13.174124749957286],[100.92095114318079,13.174455859650266],[100.92060927220024,13.174710920872371],[100.92030510799441,13.174774770039676],[100.92005067000247,13.174697592020323],[100.91973981484063,13.17447001407993],[100.91956930068272,13.174152698188493],[100.91949885229025,13.173767413335497],[100.91948861171011,13.173415004998503],[100.91962795536591,13.173135477720166],[100.91985822317849,13.172984060665897],[100.92015171782759,13.172919727663327],[100.92059315095321,13.172976300415996]]],[[[100.80856559292783,13.178142722108987],[100.80861750629293,13.178538922933001],[100.80861297910576,13.178864344414023],[100.80852975584361,13.179228734418587],[100.80837333226356,13.179516810652331],[100.80820879859726,13.179721339867967],[100.80801581218003,13.179897822826319],[100.80776608843428,13.180041940982846],[100.80739148033263,13.180215750256707],[100.80705467343449,13.180277440151769],[100.80676368969256,13.180180631730821],[100.8065401829831,13.180008777583055],[100.80624909042325,13.179779215738279],[100.80595834680031,13.17944005711297],[100.80562098861782,13.179033437643056],[100.80535406174062,13.17863987812791],[100.80494074142212,13.178231816145455],[100.80457489991176,13.178087796015006],[100.80421186518549,13.178110121684824],[100.80378839421905,13.178322966032113],[100.80341748233099,13.178706608723076],[100.80304090021741,13.179122771798518],[100.80273577373703,13.179298910316504],[100.80228173121696,13.179345790176114],[100.80183065106377,13.179062360739408],[100.801493152587,13.178714485884882],[100.80116750537616,13.178331502396986],[100.80084260010597,13.177892022598826],[100.80049517581176,13.177290005629288],[100.80040467613497,13.176897461448732],[100.80034934084944,13.17642558357386],[100.80045001635523,13.175608011700433],[100.80080873613434,13.174759253137097],[100.80105798413871,13.174392569861254],[100.80137911675291,13.17392256707285],[100.80165175072779,13.173521823773171],[100.80180710861123,13.173165967435523],[100.80195255326777,13.17263731715849],[100.80193221779768,13.172221683783732],[100.80185284543251,13.17185278817567],[100.80159748113891,13.171540489601966],[100.80116553855879,13.171283663910003],[100.80063954577849,13.171015067891119],[100.80011411057779,13.170665118300633],[100.79985865904996,13.170340391096204],[100.79955836282824,13.169716573660992],[100.79935115093491,13.169208474691402],[100.7992625155527,13.168596729755336],[100.79932680628713,13.167848333733673],[100.79941345686558,13.167320096245476],[100.79965982344214,13.166480036824282],[100.79977597178373,13.166044238850588],[100.79981667689816,13.165737204908112],[100.79981631357208,13.165411252827084],[100.79975950159979,13.165091345089536],[100.79960196555834,13.164793610137053],[100.79930736474313,13.164474804069016],[100.79899319827751,13.164160654690534],[100.79858514528826,13.163778243171407],[100.79835260488886,13.163510972753215],[100.79824793729256,13.16314357091909],[100.79855660530313,13.162948018736131],[100.79885021236748,13.162973077445599],[100.79942393936335,13.163070741121828],[100.80008099574144,13.163132794343028],[100.80036800717784,13.163122872122926],[100.80064472317548,13.163045232751358],[100.80088677930149,13.16291812437197],[100.80113152709833,13.162646942802212],[100.80154748243041,13.161704573807071],[100.80162305695859,13.161002420925058],[100.80159362934256,13.160288577755693],[100.80158670186484,13.159735010862107],[100.80165019040402,13.159114290692003],[100.80174762295451,13.158642468575124],[100.80201009459023,13.15811525811273],[100.80227191062022,13.15765584034483],[100.80269746531582,13.157278881415266],[100.80314738084701,13.156765041173742],[100.80370319244844,13.156227859927867],[100.80412897916909,13.155804574221747],[100.80447250220425,13.155404462246167],[100.80476534034824,13.154931833437388],[100.80481389744347,13.154516844876525],[100.80461090966583,13.154230730963491],[100.80434321296894,13.153963712355505],[100.80399422295511,13.153615918439925],[100.80373870487739,13.153279893952003],[100.803636483437,13.153017362961009],[100.80360207267756,13.152726109422474],[100.8036070837,13.152149863425507],[100.80369322076558,13.151631796370339],[100.80376775657675,13.15110364521712],[100.80387729759929,13.15039616924787],[100.80386987459508,13.15009060389832],[100.80375426584675,13.149810088264985],[100.80361597979368,13.149581705431387],[100.80332144912563,13.14924407025768],[100.80290355215726,13.149115566130547],[100.80231711234489,13.149088045976612],[100.80183625473944,13.149073340262476],[100.8015098458028,13.14881689858106],[100.80121845286936,13.148618962295302],[100.80097310702331,13.14849075134714],[100.80045715337496,13.148406240255838],[100.79994093442662,13.148364099823425],[100.79970371665326,13.148144879282825],[100.79961053879538,13.147758000831118],[100.79976394065341,13.147451307731728],[100.80004903473525,13.147220521010297],[100.80049431516056,13.147020810362164],[100.80091482735747,13.146981709638226],[100.80173434716244,13.147195152034669],[100.80233126767394,13.147395465228612],[100.80284631300702,13.147513873566481],[100.80326813731472,13.147575314349353],[100.80384369443101,13.147533991400621],[100.80440810804782,13.147387669905072],[100.80505625034573,13.147024963431363],[100.80566978043606,13.146580021151124],[100.80606135604683,13.146053031022632],[100.8065487454283,13.145228222304638],[100.80670788226303,13.144446394885279],[100.80679554727675,13.143744156567607],[100.8067645791221,13.143214487358762],[100.80656972481302,13.142659981572933],[100.80625832106472,13.141932302333942],[100.8059211958066,13.141549400684369],[100.80553762236343,13.141120501410057],[100.80511791056318,13.140794668938895],[100.80466247679192,13.14054930420707],[100.80418331890507,13.140291677219182],[100.80392757869487,13.140001976809856],[100.80368385072921,13.139620675054175],[100.80360409165559,13.139354595338375],[100.80347803908029,13.138984895736371],[100.80333997156248,13.138627708402055],[100.80322505439278,13.138361875100486],[100.80327489931722,13.138004500707211],[100.80368799840244,13.137662654907672],[100.80415867658172,13.137470672133873],[100.80450184888127,13.137104460102819],[100.80458928276926,13.136448546763063],[100.80467372641141,13.136172275929823],[100.80526176162107,13.136028050753964],[100.80598970885802,13.135941594429084],[100.80648545923663,13.135552840890966],[100.8068071053637,13.13500261497876],[100.80702372956154,13.134279135573706],[100.80736036199119,13.133256537159525],[100.80752086309741,13.132267942111866],[100.8075736883751,13.131530924312756],[100.80737054321605,13.130550533780138],[100.80717642365306,13.129858184407738],[100.80703062556296,13.129073979180816],[100.80702238867235,13.12857804264263],[100.80711941472924,13.128210167765076],[100.80727539314495,13.127785387385757],[100.80724394655095,13.127347235886305],[100.80705966557116,13.126896599098814],[100.80702708763005,13.126539802969603],[100.80723999672853,13.126333808758318],[100.80771203288407,13.126015271587562],[100.8081726944144,13.125639193993663],[100.808491083197,13.125433588289525],[100.80892705384053,13.125149198376846],[100.80933948562881,13.124956488051509],[100.80977409290011,13.124879994416233],[100.81016983057327,13.125320102840533],[100.81041571601253,13.126075920967025],[100.81079476676513,13.126361924263449],[100.81122711583879,13.126606313230809],[100.81143405433818,13.127080513155192],[100.81174528271868,13.127785592431167],[100.81212812411371,13.128352327198172],[100.81250136974251,13.128632153950775],[100.8129209736241,13.128945548798072],[100.81345705320052,13.129421945766239],[100.81399216780437,13.130002291772371],[100.81445728097879,13.130546976062135],[100.8148769819872,13.130872794144182],[100.81533208660659,13.131153168583921],[100.81564549944028,13.131604014913421],[100.8158299521906,13.131997020446192],[100.81620199722443,13.132425986270277],[100.81640000006001,13.132623436022811],[100.81679680612774,13.132891791023383],[100.81694642094061,13.133250017074658],[100.81694207541653,13.133756206783573],[100.81696129662657,13.134332279211378],[100.81724988457455,13.134933565032043],[100.81756434062186,13.135211539181228],[100.81793792169776,13.135456328346947],[100.81815883116519,13.135711236684301],[100.81845999343403,13.136140697135488],[100.81855170989354,13.136463177833434],[100.81881778960934,13.136903055131938],[100.81909629255989,13.137307820199794],[100.81944080574863,13.137518354188728],[100.81967918094949,13.137796296861666],[100.81973580856078,13.138050106227467],[100.81964360916527,13.138562000336094],[100.81938688689536,13.139119123149044],[100.81924414560092,13.139382250390611],[100.81902883261461,13.13988767387707],[100.81889610167383,13.140336020990617],[100.81892870209799,13.140692812623229],[100.8189834878977,13.141165819147261],[100.81885119222881,13.141555977426492],[100.81841348229642,13.142036422243166],[100.81820072428405,13.142184804085502],[100.81794088226599,13.142436330971918],[100.81758666898963,13.142709992871914],[100.81743223021329,13.142950605586009],[100.81737110599181,13.143260609089907],[100.8174038673946,13.143560908908853],[100.81760018040404,13.143918803110353],[100.81796048658725,13.144394168556062],[100.81833103155191,13.145007299347412],[100.81846751356494,13.145537348070206],[100.81847479267759,13.146055882772828],[100.81837618741116,13.146676851155803],[100.8181602224164,13.147251196885293],[100.81808669024861,13.147676529448347],[100.81810704370514,13.148092158326506],[100.81822198425721,13.148357981735501],[100.81834894424844,13.148612423324721],[100.81870428527458,13.14896015158979],[100.8190601038408,13.149216361246147],[100.81941080526451,13.149403687330334],[100.81972303908702,13.14953366544637],[100.81992736955254,13.149727111417121],[100.82006915576699,13.150037089739953],[100.82000267338475,13.15044090512373],[100.81959199077784,13.150664835413863],[100.81915049559893,13.150491849918978],[100.81862945538512,13.150226076872002],[100.81824385037345,13.150074021299076],[100.81782408641254,13.149979827207289],[100.81738745296866,13.150021330020422],[100.81712397319285,13.150093241609852],[100.81675864159808,13.150267558101348],[100.81643308881604,13.150520680385114],[100.81608871322362,13.151036052172117],[100.81554046581988,13.152125683353631],[100.81502889816517,13.152951807779743],[100.81448240623814,13.153810941821575],[100.81396025985816,13.154532065902174],[100.81369767220986,13.155118037167711],[100.81352807536047,13.155807295570298],[100.81325473541779,13.156185455994034],[100.81272438991874,13.156498206027436],[100.81247530379227,13.156882408096692],[100.81242426276958,13.1573889278568],[100.81247871671945,13.157895833426039],[100.81256762459628,13.158541463917459],[100.81270355172757,13.159152866211855],[100.81271202424057,13.159521128697179],[100.81236835911255,13.159978871927422],[100.81210848022226,13.16015018018669],[100.81166196502772,13.16026179324723],[100.81116865361054,13.160281090899673],[100.81087466163638,13.160359992919382],[100.81061478544405,13.16061038576072],[100.81030755814737,13.160849814967037],[100.80980752159991,13.161013210990916],[100.80942605976492,13.161074086100257],[100.80930579972295,13.161418398740182],[100.80897794737444,13.162775365990399],[100.80862959497989,13.163774324825283],[100.80833254621012,13.164301784399868],[100.80807032728382,13.16478380842608],[100.80787836339579,13.165334252873492],[100.8077902909892,13.166059090254862],[100.80783112380738,13.16683160069789],[100.80797801187583,13.167523147875045],[100.8081724228191,13.16817029642209],[100.80842345507847,13.169070124786458],[100.80868578372201,13.170016197189796],[100.80904151685257,13.170963868587705],[100.80930723683957,13.171507699420829],[100.80958359670569,13.17216556518872],[100.80967387065266,13.172604428951274],[100.80965903903348,13.173018047844664],[100.80938552282367,13.173453828731283],[100.80887777009309,13.173865275761898],[100.80841759239803,13.174161144621166],[100.80796975699877,13.174410603066917],[100.80762734732428,13.174650278687466],[100.80732067760727,13.174889701598488],[100.80727131741742,13.175194537597861],[100.80725567460973,13.175694593930416],[100.80728705555322,13.176121445448416],[100.80757535661746,13.176756633911566],[100.80809554607265,13.17729189240697],[100.80841592055833,13.177662473344526],[100.80856559292783,13.178142722108987]]]]},"properties":{"OBJECTID":11,"PROV_CODE":"20","PROV_NAM_T":"ชลบุรี","PROV_NAM_E":"Chon Buri","REGION_6":"ภาคตะวันออก","REGION_4":"ภาคกลาง","REGION_TMD":"ภาคตะวันออก","UNITH":"RG17","UNITHS":"ศูนย์ ปภ. เขต 17","Centroid_x":"101.202783246925","Centroid_y":"13.1913007399982","Shape__Area":0.37595695629414111,"Shape__Length":5.4202509608273788}}]}